left_border_x,left_border_y,right_border_x,right_border_y,pos_x,pos_y
-763.6382634686673,-2.2433280403147835,-763.5187297936222,-15.684610011693916,-763.6190795898438,-4.400510311126709
-762.0706159082749,-2.2345333819222217,-761.9517012260915,-15.674717637827392,-762.0515747070312,-4.386641502380371
-760.516333233661,-2.224852884141095,-760.3984918384933,-15.66437184279272,-760.4974975585938,-4.3730149269104
-758.9816251451448,-2.2152990244166184,-758.8653637561864,-15.654477440848492,-758.9630737304688,-4.359740734100342
-757.4699211868964,-2.2059508464156394,-757.3556792108859,-15.644714789267052,-757.4517211914062,-4.346892833709717
-755.9793873476747,-2.19676710801008,-755.8676274617444,-15.63509676489357,-755.9616088867188,-4.334500312805176
-754.5063187351683,-2.1878526667594653,-754.3973866366939,-15.625448301113575,-754.489013671875,-4.3225626945495605
-753.0449235912719,-2.178972282667319,-752.9391290371932,-15.616253466683794,-753.0281372070312,-4.311060905456543
-751.5894712042228,-2.1711245670650334,-751.4870425915134,-15.607222059232654,-751.5732421875,-4.299969673156738
-750.1356569592404,-2.162445275305661,-750.0367163191954,-15.598234156129449,-750.1199951171875,-4.2892680168151855
-748.6800047131412,-2.153828535506861,-748.5846165744731,-15.58926878053769,-748.6649169921875,-4.278937339782715
-747.2214959356724,-2.1452663795016202,-747.1296023510347,-15.58035188606294,-747.2069702148438,-4.268965244293213
-745.7592104002974,-2.136826719785462,-745.6707809219032,-15.571165603332815,-745.7452392578125,-4.25934362411499
-744.2932182743286,-2.1284895824372168,-744.2081583904962,-15.56252215268641,-744.27978515625,-4.250064849853516
-742.8237680225948,-2.120190131805328,-742.7419590624287,-15.55402378173563,-742.8108520507812,-4.241119384765625
-741.3509695210172,-2.1129024779059353,-741.2723382826772,-15.545627364381115,-741.3385620117188,-4.232501029968262
-739.874765822775,-2.1048263078035503,-739.799269576194,-15.537307392026534,-739.8628540039062,-4.224206924438477
-738.395818977845,-2.0968310918778137,-738.3234442071019,-15.529200371097257,-738.3843994140625,-4.216240882873535
-736.9136785944277,-2.0889038344905897,-736.8445614946436,-15.520678957951361,-736.9027709960938,-4.208616733551025
-735.428958161391,-2.0810042728893747,-735.3632104287601,-15.512667087375052,-735.4185791015625,-4.201351642608643
-733.9418876335255,-2.0731676410212336,-733.87971121183,-15.504756862180697,-733.9320678710938,-4.194470405578613
-732.4531340260086,-2.0664673157649225,-732.3947329026917,-15.496858013238613,-732.4439086914062,-4.187999248504639
-730.9637563872903,-2.0588112705192243,-730.9092466604015,-15.489127010625303,-730.9551391601562,-4.181956768035889
-729.4756656600156,-2.0511780695681754,-729.4250185580873,-15.481391151861152,-729.4676513671875,-4.176347255706787
-727.9915785825757,-2.0436066808600275,-727.9445646053102,-15.473813422280523,-727.984130859375,-4.171154022216797
-723.5237747724735,-2.0211072144349393,-723.482132337435,-15.450729437116365,-723.5171508789062,-4.1573028564453125
-722.008727461494,-2.0145294675731917,-721.9696354315143,-15.443079315610598,-722.0025024414062,-4.152893543243408
-720.4908650573919,-2.0069237403190745,-720.453234341692,-15.435338525899187,-720.48486328125,-4.1486406326293945
-718.9694296169148,-1.9990186857564343,-718.931937818465,-15.427782906068774,-718.9634399414062,-4.144392967224121
-717.444223832322,-1.9912195282333678,-717.4067829616874,-15.420022991433571,-717.438232421875,-4.140140533447266
-715.9151479121597,-1.983005044604936,-715.8783009838986,-15.412273876524024,-715.9092407226562,-4.1359453201293945
-714.3821101313497,-1.9753205802506448,-714.3481005836936,-15.403994650301499,-714.3766479492188,-4.132063865661621
-712.8461755353325,-1.966973248637177,-712.81176005628,-15.396506024707584,-712.8406372070312,-4.128127574920654
-711.3063206421743,-1.9587674243093516,-711.2712061616869,-15.38896668043888,-711.3006591796875,-4.124101161956787
-709.7628952184066,-1.9518261134627504,-709.7295269042613,-15.38141684552728,-709.7575073242188,-4.120266914367676
-708.2174063591292,-1.9438096359972428,-708.180430451748,-15.37379718656701,-708.21142578125,-4.1160101890563965
-706.6680737447099,-1.9357116207759644,-706.6354128781626,-15.366217237850103,-706.6627807617188,-4.112244129180908
-705.1180819828958,-1.9277970142659777,-705.088143120449,-15.35839385220864,-705.1132202148438,-4.108789920806885
-703.5659418450625,-1.9193664950828646,-703.5455550843238,-15.350177686430152,-703.5626220703125,-4.106436252593994
-702.0146292049055,-1.9105904335041441,-701.9968089608226,-15.34280074054352,-702.01171875,-4.104378700256348
-700.4647574696913,-1.9021365280866598,-700.4496354735606,-15.335032975069755,-700.4622802734375,-4.102634429931641
-698.9170899760037,-1.893280910378388,-698.906840651635,-15.327275346900727,-698.9154052734375,-4.101454257965088
-697.3720801988391,-1.8861617095961134,-697.3620222301133,-15.319163515506727,-697.3704223632812,-4.100297451019287
-695.829873528016,-1.8774553482410394,-695.8255761655921,-15.310893915637811,-695.8291625976562,-4.099804401397705
-694.2909400095749,-1.8687958867348198,-694.2924977394408,-15.302524968173202,-694.2911987304688,-4.099982738494873
-692.7560840038918,-1.8596508332423962,-692.7620552810827,-15.294105854620426,-692.757080078125,-4.1006646156311035
-691.2243296545511,-1.8503242616847593,-691.2340118159215,-15.285716490600738,-691.2259521484375,-4.1017680168151855
-689.6957558725233,-1.8413030161176098,-689.7116088919125,-15.27634272003946,-689.6984252929688,-4.103570461273193
-688.1724399630999,-1.832059365395704,-688.1918233371513,-15.267653293475831,-688.1757202148438,-4.105767250061035
-686.6522133251246,-1.8239041324159802,-686.6720078528907,-15.258930977879647,-686.6555786132812,-4.108006954193115
-685.1346225909433,-1.8143130837604735,-685.1643769281345,-15.250289783366915,-685.1397094726562,-4.111363887786865
-683.6205185975954,-1.804521823510346,-683.6504891608828,-15.24162624206115,-683.6256713867188,-4.11474084854126
-682.1088081191197,-1.7947317143965922,-682.1406789082059,-15.233020041798957,-682.1143188476562,-4.118325233459473
-680.5989354263559,-1.7849437793296317,-680.6326436945949,-15.224506742968297,-680.6047973632812,-4.1221113204956055
-679.0918692965897,-1.7755231332829697,-679.1270506529539,-15.214937362489795,-679.0980224609375,-4.126055717468262
-677.5876597660805,-1.7656366276572717,-677.6271302347131,-15.206211492135553,-677.5946044921875,-4.1304707527160645
-676.0866436431091,-1.7558763083976014,-676.1292026906848,-15.197341782527872,-676.0941772460938,-4.135221481323242
-674.5204432976684,-1.7464793883360907,-674.5715094529502,-15.18802872278627,-674.529541015625,-4.141165733337402
-672.9595029335633,-1.7360662130455466,-673.0100405568948,-15.178819421615879,-672.9685668945312,-4.147034168243408
-671.4002069990332,-1.7256346850009603,-671.4549639925636,-15.169529615850493,-671.4100952148438,-4.153381824493408
-669.843720370066,-1.7153934407962144,-669.9052990230754,-15.159969827937406,-669.8549194335938,-4.1605048179626465
-668.2901896159723,-1.7047375441588066,-668.3556661653495,-15.150698146286311,-668.3021850585938,-4.168066024780273
-666.7392171806498,-1.6942780058865208,-666.8045977219291,-15.141154374937726,-666.7512817382812,-4.175606727600098
-665.1904615449151,-1.6836656029964185,-665.2559655749695,-15.131220633652045,-665.20263671875,-4.183150291442871
-663.6440482788431,-1.67303418751745,-663.7040254148114,-15.12170506487435,-663.6552734375,-4.190051078796387
-662.0987282426919,-1.6621742832129387,-662.1568462594034,-15.112158915523349,-662.1096801757812,-4.19672966003418
-660.5549322702363,-1.6524855587539875,-660.6112510711367,-15.102473553645076,-660.5656127929688,-4.203195095062256
-659.0124551024785,-1.6414513242107192,-659.0667862100397,-15.09308186793602,-659.0228271484375,-4.209426403045654
-657.4717920871944,-1.6306966457920438,-657.5236237855376,-15.083428302354985,-657.4817504882812,-4.2153639793396
-655.9329040535403,-1.61961890482495,-655.9860224287817,-15.073816596548728,-655.9431762695312,-4.221438407897949
-654.3965404359782,-1.6087945197576943,-654.4495657455362,-15.064068093153685,-654.4068603515625,-4.227492809295654
-652.8619283606328,-1.5974549927697494,-652.9158813592403,-15.054514700955117,-652.8724975585938,-4.233644485473633
-651.3292115022663,-1.5864067815026663,-651.382519395216,-15.044060343343762,-651.3397216796875,-4.239716053009033
-649.7978979954277,-1.5750237175883588,-649.8545599142002,-15.034403569848108,-649.8091430664062,-4.246159553527832
-648.2679706637865,-1.5648393102485758,-648.3231650362997,-15.024565248396259,-648.2789916992188,-4.252434253692627
-646.7386969831889,-1.5535559917263426,-646.7952422212371,-15.014588828441159,-646.7500610351562,-4.258856773376465
-645.2097388214311,-1.5420705496531317,-645.2684632890405,-15.004665249145818,-645.2216186523438,-4.265523910522461
-643.6829391255011,-1.5307604693237922,-643.740413293809,-14.994532164193783,-643.6946411132812,-4.272042274475098
-642.1573919025562,-1.518986512854021,-642.2125819750878,-14.98462363013587,-642.168701171875,-4.27829647064209
-640.6324614299261,-1.5072603790820467,-640.6818260085107,-14.974621002093837,-640.6426391601562,-4.283890247344971
-639.1100009861607,-1.495472347935388,-639.147603230608,-14.96381461353005,-639.1177978515625,-4.288147449493408
-637.5872517290242,-1.4834163876731066,-637.6128648920005,-14.953666008029256,-637.5925903320312,-4.2910475730896
-636.0649220116513,-1.4722946363997713,-636.0763853268782,-14.943248230256637,-636.0673217773438,-4.2923455238342285
-634.5424878037172,-1.460155736644161,-634.5412914716858,-14.932943779003551,-634.542236328125,-4.292210102081299
-633.0206272557865,-1.4481801651908017,-633.0061729039684,-14.922501645531145,-633.017578125,-4.290574550628662
-631.4979616224074,-1.4359116069599516,-631.474715734714,-14.912136484367043,-631.4930419921875,-4.287944793701172
-629.976567303494,-1.4236919053961055,-629.9385767624346,-14.90158249862028,-629.968505859375,-4.283647537231445
-628.454350093492,-1.4115257707467488,-628.4110013935111,-14.89102216566441,-628.4451293945312,-4.278748512268066
-626.9320758044029,-1.3991453257709914,-626.8839417920215,-14.88065252986932,-626.9218139648438,-4.273309707641602
-625.4090840699072,-1.386786059307564,-625.3578263726852,-14.869535124327754,-625.3981323242188,-4.26751708984375
-623.887765777311,-1.375174798011869,-623.8318302492452,-14.858897574375082,-623.8757934570312,-4.261201858520508
-622.3648801595946,-1.362587954358796,-622.3084748099294,-14.848461473723756,-622.352783203125,-4.254831790924072
-620.8434771932785,-1.3502674685458183,-620.7822455342011,-14.83784252998101,-620.830322265625,-4.247920036315918
-619.321909125453,-1.3378831459103457,-619.2591847951097,-14.82727002481805,-619.3084106445312,-4.240843296051025
-617.7995039447494,-1.325494940715238,-617.7326524129453,-14.816683060614478,-617.7850952148438,-4.23329496383667
-616.2776313033381,-1.3131201707431561,-616.2047468379195,-14.806009421996357,-616.2619018554688,-4.225067138671875
-614.754074643632,-1.3006283778026027,-614.6767391095747,-14.795657966228658,-614.7373657226562,-4.216330528259277
-613.2295998715938,-1.288332710257254,-613.1520691283472,-14.784279343691784,-613.2128295898438,-4.2075724601745605
-611.704971742558,-1.2765336017302644,-611.6259621152667,-14.773628246670503,-611.6878662109375,-4.19864559173584
-610.1799465946908,-1.2640073865971342,-610.0942459852347,-14.762907555851468,-610.161376953125,-4.1889543533325195
-608.6528902800277,-1.2514051001909272,-608.5664978313625,-14.752215876668462,-608.6341552734375,-4.1791815757751465
-607.1255949708922,-1.2386137016270764,-607.0334092309006,-14.741632118844405,-607.1055908203125,-4.168745994567871
-605.5952536310288,-1.226095448103194,-605.5020245414534,-14.730854351846212,-605.5750122070312,-4.158179759979248
-604.0649686416427,-1.2133882048914821,-603.9698729114355,-14.720221738236782,-604.0443115234375,-4.147402763366699
-602.5315236046282,-1.2008945042976755,-602.4387151224344,-14.7095268837059,-602.5113525390625,-4.136870861053467
-600.9982821161709,-1.1882513852064123,-600.9034537278279,-14.698373240811428,-600.9776611328125,-4.126105785369873
-599.4626770628898,-1.1766172331701559,-599.3657139851599,-14.687930127254484,-599.4415893554688,-4.115082263946533
-597.925554176382,-1.1642130977833514,-597.8284029373799,-14.677524546960786,-597.9044189453125,-4.104031085968018
-596.386356637651,-1.15165089315221,-596.2921127895045,-14.667338802915069,-596.3658447265625,-4.0933027267456055
-594.8470519025966,-1.139335114528584,-594.7497406129485,-14.65705317062172,-594.8258666992188,-4.082216739654541
-593.3048243171487,-1.1270416238308107,-593.2108720450613,-14.647001505047015,-593.2843627929688,-4.071504592895508
-591.7625730084842,-1.1149184341717064,-591.6661895671419,-14.636919283685378,-591.7415771484375,-4.060507774353027
-590.2182276686516,-1.1029358210606568,-590.118923438145,-14.627044194487041,-590.1965942382812,-4.049163341522217
-588.6720078036466,-1.0910224944298057,-588.5755937378323,-14.617301655742688,-588.6510009765625,-4.038146495819092
-587.1252721230104,-1.0801651473527083,-587.0256758768153,-14.606914315026886,-587.1035766601562,-4.026752948760986
-585.5755030343481,-1.0684813854987665,-585.4819230778734,-14.59745509477081,-585.5551147460938,-4.016042232513428
-584.0259744475047,-1.0567664338011946,-583.9277632959639,-14.588158323934167,-584.0045776367188,-4.004788398742676
-582.4752730392402,-1.045165766931044,-582.3735951956509,-14.578773964812395,-582.453125,-3.9931323528289795
-580.9231206826584,-1.0335604142829253,-580.8164888369073,-14.569407454130106,-580.89990234375,-3.980896472930908
-579.3693498466349,-1.0221349322716784,-579.2561891231924,-14.559913153404029,-579.3447265625,-3.9678969383239746
-577.8147574974018,-1.0104230852531497,-577.6951670070115,-14.550418489810676,-577.7887573242188,-3.9541540145874023
-576.2586328346573,-0.9989910368326682,-576.1306134491205,-14.540770310502708,-576.2308349609375,-3.9394259452819824
-574.6992042930742,-0.9871186374504801,-574.5743373551403,-14.531485447980298,-574.672119140625,-3.925055980682373
-573.1385032864625,-0.9755240795690998,-573.0096834717608,-14.521851194001453,-573.110595703125,-3.9102065563201904
-571.5760408148863,-0.9649237676742795,-571.4445795724703,-14.512257429894849,-571.547607421875,-3.8950395584106445
-570.0114285225254,-0.9532801557865724,-569.8757072409633,-14.501770161286252,-569.9821166992188,-3.87935733795166
-568.4439750309243,-0.9416174219143119,-568.3115061802896,-14.491963607339473,-568.4154052734375,-3.8640410900115967
-566.9436529334338,-0.9301664654824591,-566.8088159194517,-14.482728869234249,-566.9146118164062,-3.849109411239624
-565.4410913285633,-0.9188569080148605,-565.3043436669574,-14.473518386136938,-565.4116821289062,-3.833946943283081
-563.9374746079081,-0.9074610467032276,-563.7968850413358,-14.464286326972799,-563.9072875976562,-3.818345785140991
-562.4310162095959,-0.8958934743561051,-562.2898659620396,-14.455037874099979,-562.4007568359375,-3.8026628494262695
-560.9228616731631,-0.8844292015190294,-560.7787875199491,-14.44569684322084,-560.8920288085938,-3.7866342067718506
-559.4122754544749,-0.874416827048607,-559.2688836831037,-14.436224358044994,-559.3816528320312,-3.770664691925049
-557.899104710233,-0.8629433493293326,-557.7591552927764,-14.426033358800808,-557.8692626953125,-3.755059242248535
-556.3852258704268,-0.851425128942382,-556.2468967813002,-14.416646643579838,-556.3557739257812,-3.7396256923675537
-554.8693439291865,-0.8397287522869905,-554.7320241809223,-14.407346737325962,-554.8401489257812,-3.724285840988159
-553.3516817613657,-0.8280716257301153,-553.2154268693854,-14.397945885922992,-553.32275390625,-3.709049701690674
-551.8313798028616,-0.8162499291135763,-551.6971454399355,-14.388415375018866,-551.8029174804688,-3.6940178871154785
-550.3093035886433,-0.8047157952786872,-550.1765361232132,-14.378762100052207,-550.2811889648438,-3.679133892059326
-548.7853047032137,-0.7928105107809214,-548.6538838129457,-14.369083024531767,-548.7575073242188,-3.664384365081787
-547.259452808244,-0.7820803725875471,-547.1251025707447,-14.358339711606256,-547.2310791015625,-3.6492788791656494
-545.7308637090792,-0.769942368601229,-545.5970504242587,-14.348361465575328,-545.70263671875,-3.63421630859375
-544.2005383790761,-0.7575443148587029,-544.0644939093065,-14.33825854696105,-544.171875,-3.618881940841675
-542.668281123307,-0.7450782584313558,-542.5287224746164,-14.328071283939213,-542.638916015625,-3.6031315326690674
-541.1341896223557,-0.7322002719716862,-540.9896590365986,-14.31774617357755,-541.1038208007812,-3.5868003368377686
-539.59637198818,-0.7193502245660341,-539.4491806039325,-14.30723733983316,-539.5654907226562,-3.570136308670044
-538.0570037030826,-0.7065823413549333,-537.9057807676181,-14.296333130112115,-538.0253295898438,-3.5529978275299072
-536.5151186088768,-0.6946213403295176,-536.3619128427359,-14.285614572525063,-536.4830932617188,-3.5356128215789795
-534.9707459065837,-0.6815437597673744,-534.8155158031926,-14.274623686807699,-534.9383544921875,-3.517972230911255
-533.424470111111,-0.6681675941302108,-533.2663882669582,-14.26259853071199,-533.3915405273438,-3.4999852180480957
-531.8758651619243,-0.6547925536490102,-531.7122796762303,-14.251369154404118,-531.8418579101562,-3.4813404083251953
-530.3248575650555,-0.6415300708222036,-530.1593670827601,-14.239963211230716,-530.29052734375,-3.462460994720459
-528.7718133344932,-0.6278349676916828,-528.6021472772627,-14.228766974496654,-528.7366943359375,-3.443077564239502
-527.2163849423346,-0.6143965095289601,-527.0422046390199,-14.21732345220522,-527.180419921875,-3.423150062561035
-525.658155607215,-0.6006498560755937,-525.4832660951931,-14.205994762361799,-525.6221313476562,-3.4031190872192383
-524.0976274750988,-0.586913823975483,-523.9198230465244,-14.194622266752582,-524.0610961914062,-3.3827219009399414
-522.534536309836,-0.5732442428113895,-522.3537769457859,-14.182923561658546,-522.4974975585938,-3.361954689025879
-520.9682713848148,-0.5609065990238391,-520.7916676378833,-14.17146666680403,-520.9321899414062,-3.341644048690796
-519.4015761646741,-0.5472401202903736,-519.2202115067367,-14.159937425140749,-519.3646240234375,-3.3207590579986572
-517.8331287382289,-0.5335740098585262,-517.6441366142346,-14.147474214879987,-517.7947387695312,-3.2989654541015625
-516.3348944186217,-0.5203879835359664,-516.1350371304462,-14.136467149505789,-516.29443359375,-3.2769439220428467
-514.835416372247,-0.5074107092907392,-514.6227990518463,-14.125295747808057,-514.7925415039062,-3.2534947395324707
-513.3338083880603,-0.49432048583451804,-513.1170804156311,-14.114237403793279,-513.290283203125,-3.2295899391174316
-511.8320522927271,-0.48108104439490607,-511.60388853597374,-14.103188792479473,-511.78643798828125,-3.2044012546539307
-510.3271672141216,-0.4694563900863282,-510.0963026496447,-14.092077566523795,-510.28125,-3.1788926124572754
-508.8221029818679,-0.45616163479840566,-508.58843946811277,-14.080104051788492,-508.7758483886719,-3.15307354927063
-507.3149664799032,-0.44309969413595907,-507.0824684579574,-14.069011644634678,-507.2691650390625,-3.1273651123046875
-505.80678820377364,-0.4300182243962425,-505.5811565644644,-14.058045018780554,-505.7625427246094,-3.1024208068847656
-504.2987141090866,-0.4165169526225916,-504.07451369408165,-14.04726066998887,-504.25494384765625,-3.0776236057281494
-502.7880657197471,-0.4035504911569836,-502.57041837519307,-14.03608768361498,-502.7457580566406,-3.0535290241241455
-501.27754088397495,-0.39033377171923744,-501.0678415779128,-14.025093394140976,-501.2369384765625,-3.0303237438201904
-499.76547053362964,-0.377219241761344,-499.56091287348806,-14.014138361715586,-499.72601318359375,-3.007659435272217
-498.2535840380682,-0.364172581969497,-498.0516810786775,-14.003165913404246,-498.21478271484375,-2.985288143157959
-496.73982026176134,-0.35273531518085477,-496.5443027086656,-13.991606362947254,-496.702392578125,-2.9636075496673584
-495.2260172318193,-0.33987915090404774,-495.0353315594393,-13.980929535070898,-495.18963623046875,-2.9424610137939453
-493.711690353818,-0.32689600419945064,-493.5325695022672,-13.970474901627735,-493.6776123046875,-2.922610282897949
-492.19834615227114,-0.31414850773971636,-492.02668310518663,-13.960080325821897,-492.165771484375,-2.9035916328430176
-490.6867776884092,-0.30151783625512785,-490.52068118667216,-13.94968283052136,-490.65533447265625,-2.885209798812866
-489.17585274164395,-0.2891830761971548,-489.0231669501797,-13.939312251911083,-489.1470031738281,-2.868338108062744
-487.6686659720975,-0.27869623515443953,-487.5275697812314,-13.92918665151202,-487.6420593261719,-2.8527824878692627
-486.16534552008807,-0.26652323051937366,-486.0295644849851,-13.917976924707194,-486.1397705078125,-2.8378403186798096
-484.59277736022455,-0.2539479891421217,-484.46675239018305,-13.907462032003318,-484.5690612792969,-2.8233423233032227
-483.02449056023477,-0.24186663983203305,-482.9018638567751,-13.89680810044267,-483.0014343261719,-2.8092644214630127
-481.46008464997,-0.22974323250718998,-481.34428335401424,-13.886351519401954,-481.4383239746094,-2.7960100173950195
-479.8985915497316,-0.21771078360815954,-479.7874584554893,-13.875988932130834,-479.8777160644531,-2.7833118438720703
-478.3406898869585,-0.20587061462883938,-478.23870376306553,-13.865766313685631,-478.321533203125,-2.771693229675293
-476.7868647076047,-0.19396192957072422,-476.68809960405696,-13.855635388629297,-476.768310546875,-2.7604644298553467
-475.23656991083914,-0.1839564147968069,-475.1410337108415,-13.84546066508476,-475.2186279296875,-2.7496273517608643
-473.6901644808051,-0.17240027526288149,-473.5983424057339,-13.834237083946457,-473.67291259765625,-2.7392385005950928
-472.14729330886905,-0.16086889631800805,-472.06036077759717,-13.824197797854373,-472.1309509277344,-2.7294278144836426
-470.607568519392,-0.14942790668725836,-470.52926325446225,-13.814199693558274,-470.59283447265625,-2.720613718032837
-469.07242169697525,-0.13790105269632047,-469.001616912165,-13.804344090268726,-469.05908203125,-2.712667465209961
-467.54093282046387,-0.12646761975798793,-467.48024563536734,-13.794433487200312,-467.52947998046875,-2.705875873565674
-466.0144894022537,-0.11482911238196891,-465.9622406819809,-13.784595583423027,-466.0046081542969,-2.700047492980957
-464.4914610492484,-0.10356025645355382,-464.45247936309556,-13.774695896162603,-464.48406982421875,-2.695711851119995
-462.97482660753525,-0.09211735424437917,-462.9431930557905,-13.76497142370536,-462.96881103515625,-2.6922061443328857
-461.4618917691605,-0.08090447087632846,-461.44345659934777,-13.755073505300713,-461.4583740234375,-2.6901698112487793
-459.954411744563,-0.07158186647624376,-459.94593728772486,-13.744340680494343,-459.9527893066406,-2.689236640930176
-458.4517515905955,-0.06057001932947825,-458.4533395958632,-13.734637901210451,-458.4520568847656,-2.689410924911499
-456.8865519385356,-0.049180841529540054,-456.9000535998641,-13.724544631236768,-456.88916015625,-2.6909539699554443
-455.32830641449664,-0.038049039199514745,-455.3459223498852,-13.71448007881588,-455.33172607421875,-2.692960023880005
-453.77524464154345,-0.02672269608254707,-453.8011705845299,-13.704656613806904,-453.7803039550781,-2.6959006786346436
-452.2281993366256,-0.015706324275817973,-452.2576572704659,-13.694885030096671,-452.2339782714844,-2.699230670928955
-450.68736446229786,-0.004690673961853964,-450.7223986516311,-13.685319176013696,-450.69427490234375,-2.7031736373901367
-449.1508792203646,0.004327853725346831,-449.1944361818404,-13.675754266991284,-449.1595153808594,-2.7080602645874023
-447.6205322102522,0.014921064644505933,-447.67184641431965,-13.664952481629436,-447.6307678222656,-2.713794708251953
-446.0957567595094,0.025781680280072106,-446.15918292534553,-13.655619419125525,-446.1084899902344,-2.7208518981933594
-444.57684861662455,0.03630456510138025,-444.64930440591417,-13.646197311024974,-444.59149169921875,-2.7288851737976074
-443.0652714572175,0.047068214910132244,-443.14821726881866,-13.6369998960421,-443.0821533203125,-2.7380340099334717
-441.5619745705196,0.05749813771457157,-441.6455429695432,-13.627635274110641,-441.5791015625,-2.7472124099731445
-440.00046769976086,0.06846391620049497,-440.0919007217017,-13.61757791280343,-440.01934814453125,-2.7576327323913574
-438.4469631020052,0.07764788381662369,-438.538530570188,-13.607585266099084,-438.46600341796875,-2.768026113510132
-436.89916694420896,0.08893560333862105,-436.99805399613956,-13.596434731095936,-436.9198913574219,-2.779197931289673
-435.35800807554426,0.10020736222722881,-435.4537919974873,-13.586303968608174,-435.37823486328125,-2.789987087249756
-433.8215926241289,0.11148992262031276,-433.92255765251275,-13.576082353802635,-433.84307861328125,-2.8013110160827637
-432.2915096073702,0.12295095168743364,-432.3922367276087,-13.565766564038194,-432.3131103515625,-2.8125691413879395
-430.7669046303928,0.1344436011931971,-430.8708442435849,-13.555322813263736,-430.78936767578125,-2.8241381645202637
-429.2472747671894,0.1461759628353625,-429.354356258656,-13.544849205953152,-429.2705993652344,-2.836016893386841
-427.73348806811157,0.1565886398241907,-427.842790182382,-13.533940697817027,-427.7574768066406,-2.848097324371338
-426.22416438981054,0.1687320831803234,-426.3398103838128,-13.521654534152272,-426.249755859375,-2.8608334064483643
-424.72005030606863,0.18099652761054852,-424.8415477058754,-13.51037681100452,-424.7471618652344,-2.8741674423217773
-423.15772872150364,0.19416872708630084,-423.2884515687087,-13.498391895940937,-423.1871643066406,-2.8890607357025146
-421.60040872263676,0.20728932529517508,-421.7386899660163,-13.485908051848893,-421.6318359375,-2.9047672748565674
-420.0475577188006,0.22073562346438447,-420.1969885169989,-13.473285475519411,-420.08184814453125,-2.9216809272766113
-418.5011822901122,0.23438029957622497,-418.6528139912149,-13.460581545140338,-418.53631591796875,-2.938793182373047
-416.958539739721,0.2482243819662049,-417.1219981153439,-13.447647187934164,-416.9967956542969,-2.957167148590088
-415.422202734035,0.2623953826773979,-415.5818261731648,-13.435143968298627,-415.4599304199219,-2.975076913833618
-413.8872250311912,0.27514150554603534,-414.04701700469127,-13.42099722183157,-413.92535400390625,-2.992980718612671
-412.3532250203086,0.28915145139571097,-412.5157894075831,-13.407951071187517,-412.39239501953125,-3.0111746788024902
-410.8231652549875,0.303357743648474,-410.9808055982873,-13.395112770143337,-410.86151123046875,-3.028791904449463
-409.2918517227442,0.31746387395574827,-409.45199248969726,-13.382121885963844,-409.3311767578125,-3.0466806888580322
-407.7627617678002,0.331750905944149,-407.9178844541326,-13.36924499032306,-407.80120849609375,-3.0640029907226562
-406.23107621124456,0.34582151168018305,-406.39101822611445,-13.356035039023515,-406.2710876464844,-3.08186411857605
-404.7012992697595,0.35989312693249653,-404.85866953140027,-13.342982227996087,-404.74102783203125,-3.099436044692993
-403.169478494929,0.37414629590155046,-403.33040618132196,-13.330022978157649,-403.2104797363281,-3.1174092292785645
-401.6371303810709,0.38636005615035307,-401.8031566082346,-13.315794652088025,-401.6798095703125,-3.135956048965454
-400.1035693480725,0.400146427649001,-400.27684990411325,-13.303082036427444,-400.1485290527344,-3.1553194522857666
-398.56955656964084,0.4136268670179186,-398.7489810976656,-13.29044957839028,-398.6165466308594,-3.175377368927002
-397.0348495540949,0.4269512432114979,-397.222316058725,-13.277982043640426,-397.08441162109375,-3.1963350772857666
-395.50053806174316,0.4400386281781974,-395.6913177380144,-13.265607421010408,-395.55145263671875,-3.2176735401153564
-393.96436792350784,0.453006059171555,-394.164910485771,-13.253609856782374,-394.0184020996094,-3.2401037216186523
-392.4276221064573,0.46563596906457416,-392.63634171418545,-13.241463760084509,-392.4844055175781,-3.2634620666503906
-390.88966066678825,0.47702747775806076,-391.1115821385379,-13.229991482729316,-390.95062255859375,-3.288294553756714
-389.3526367698977,0.4895664301684879,-389.577970492717,-13.216573966236144,-389.4151611328125,-3.313538074493408
-387.8143559982361,0.502036553471545,-388.0483669386164,-13.205068439177865,-387.87994384765625,-3.339747667312622
-386.2755552593013,0.514413290976405,-386.51438219321244,-13.193685735757446,-386.3431701660156,-3.3665218353271484
-384.73521080995727,0.526500389374756,-384.98610904500276,-13.182126762671356,-384.8069763183594,-3.3946375846862793
-383.1966746001247,0.5389105583419838,-383.4493229970869,-13.171161942456502,-383.2696838378906,-3.422966718673706
-381.66176757805744,0.551117320136334,-381.89847878227476,-13.16011401551645,-381.7308349609375,-3.449533462524414
-380.1240943012382,0.5620345362306409,-380.35259463191056,-13.149131978385187,-380.1913757324219,-3.475188970565796
-378.5841365940088,0.5741649196524241,-378.80782747919943,-13.138158697324737,-378.6506042480469,-3.50032377243042
-377.04301509336796,0.5861994098500292,-377.2632061114675,-13.12493471800571,-377.1090393066406,-3.5250802040100098
-375.5014507503989,0.5981887149783951,-375.7191094248188,-13.113614397149197,-375.5672912597656,-3.549553632736206
-373.9585289853335,0.6102600569134271,-374.17584845134684,-13.10243737163201,-374.02484130859375,-3.57399845123291
-372.41058157772176,0.6221860049695112,-372.64182726637574,-13.090940344846304,-372.4817810058594,-3.6000192165374756
-370.8635207574413,0.6342587081181401,-371.1032763421716,-13.079692963025463,-370.9380187988281,-3.6270081996917725
-369.31686331900033,0.6460765815211351,-369.5605500243125,-13.067976534443899,-369.3932800292969,-3.654456853866577
-367.7683388009827,0.6570522074206071,-368.0229062821787,-13.05632012958735,-367.8489074707031,-3.6831257343292236
-366.22076556525735,0.668981359501557,-366.4803840648353,-13.04464777460161,-366.3037109375,-3.71237850189209
-364.6711059374118,0.6808832370130222,-364.9440406963938,-13.032610859007123,-364.7591552734375,-3.743119239807129
-363.12256676545695,0.693015509083855,-363.4007429295527,-13.019489029100297,-363.21319580078125,-3.7744810581207275
-361.5739232186216,0.7050729190562182,-361.8573607105271,-13.007555668764462,-361.66717529296875,-3.8064370155334473
-360.024326295752,0.7171850435556939,-360.3132686648251,-12.99554280144657,-360.1203308105469,-3.8390307426452637
-358.4752687157308,0.7292845876435594,-358.7677894825167,-12.983296324544185,-358.57342529296875,-3.8720297813415527
-356.92721086661123,0.7405262615707597,-357.21746333115175,-12.97130015430252,-357.0255432128906,-3.9047954082489014
-355.3776248699847,0.7526171223066482,-355.6697093439062,-12.959043523623045,-355.4775390625,-3.9377708435058594
-353.8262541873184,0.764820857814061,-354.12358543068063,-12.946957384125923,-353.928955078125,-3.971350908279419
-352.27529350351546,0.776972159301204,-352.5747412441046,-12.93473665371794,-352.3797302246094,-4.005184173583984
-350.72231501315906,0.7891175555074561,-351.02810488759064,-12.921095300103008,-350.83001708984375,-4.039748668670654
-349.1701877104272,0.801297286676264,-349.4797283419404,-12.909206288993499,-349.2802734375,-4.074737071990967
-347.614638473783,0.8133697676893501,-347.9325689465082,-12.89729811617521,-347.72882080078125,-4.110713005065918
-346.05877121264166,0.825241103690213,-346.3863275588564,-12.885176340589423,-346.1775817871094,-4.147773742675781
-344.501386874033,0.8362314727822255,-344.84221305819335,-12.873239573801223,-344.6262512207031,-4.186340808868408
-342.94597488875036,0.848050282067546,-343.29225048755023,-12.86112441346835,-343.0741271972656,-4.225545406341553
-341.3868913226987,0.8599173935087556,-341.74668122566834,-12.849527476826083,-341.52142333984375,-4.266294479370117
-339.8299523560438,0.8715975496037718,-340.194305840354,-12.835658498167524,-339.9676208496094,-4.307596206665039
-338.27019459569266,0.8832217319138111,-338.6481020513185,-12.823622491006375,-338.41448974609375,-4.350417137145996
-336.71439510646195,0.8949079633795645,-337.09153069090695,-12.811952271635322,-336.8598937988281,-4.393190860748291
-335.15775911907735,0.906375218176735,-335.53441829836567,-12.800315895982843,-335.3045654296875,-4.435931205749512
-333.5960510509504,0.9177349183227905,-333.9851250952656,-12.789330677378137,-333.749267578125,-4.480078220367432
-332.03442777106784,0.9279971433538634,-332.4343408945426,-12.778547076156666,-332.19354248046875,-4.5254693031311035
-330.47556950835485,0.9392587012092743,-330.87757725340737,-12.768145412237523,-330.6371765136719,-4.5711140632629395
-328.9146870685805,0.9503610217967156,-329.32120152596525,-12.757149178725554,-329.0798034667969,-4.617300033569336
-327.3524107292151,0.961208931206774,-327.76482987026776,-12.74588731280405,-327.52166748046875,-4.664181232452393
-325.79025954522155,0.9718327723911067,-326.20672231306116,-12.734147022741002,-325.96295166015625,-4.711543560028076
-324.22903742087533,0.9823241188516283,-324.6453395885509,-12.7195583409917,-324.4034729003906,-4.758924961090088
-322.6672404466133,0.9926072736496128,-323.08493074911564,-12.706585741549313,-322.84405517578125,-4.806471824645996
-321.1009424764775,1.0024767207819902,-321.528512107877,-12.693279545878998,-321.2838134765625,-4.8551812171936035
-319.5356853352689,1.0121062993473844,-319.9696998692212,-12.679962200608719,-319.7232360839844,-4.904648780822754
-317.9749548544269,1.0206273259814571,-318.40316924471085,-12.6661823338024,-318.161865234375,-4.953498840332031
-316.47228119997817,1.0292622502949156,-316.90225079282936,-12.652940633951394,-316.6617736816406,-5.000639915466309
-314.96868610007886,1.0373516508711926,-315.4008729623565,-12.639803573479732,-315.1609802246094,-5.0480637550354
-313.46209806336606,1.0448076221366147,-313.90484535078167,-12.627152120155031,-313.6609802246094,-5.096639156341553
-311.9582617584924,1.051934642016442,-312.40296443855743,-12.615322420102894,-312.159912109375,-5.145480632781982
-310.45190942885483,1.0585344240287968,-310.9029144209937,-12.603121586257696,-310.6583557128906,-5.1950507164001465
-308.94389959332966,1.0651978383133116,-309.4072960265436,-12.59330676262511,-309.15802001953125,-5.24595308303833
-307.43813827428147,1.071038288862768,-307.9076622887592,-12.584989774696766,-307.6571044921875,-5.297557830810547
-305.928925000854,1.0770311899001461,-306.40983726404187,-12.577309922355486,-306.1553039550781,-5.350451946258545
-304.42252708980106,1.0823720480053955,-304.91000253282414,-12.57113846903124,-304.65411376953125,-5.404049396514893
-302.9156539961368,1.0869237714902757,-303.41116293839735,-12.566641582553046,-303.1531982421875,-5.45851993560791
-301.3466013549332,1.090883518813592,-301.85692229177806,-12.563026639285145,-301.59356689453125,-5.516811847686768
-299.78267096710357,1.091905687792253,-300.3090228232258,-12.562486265369788,-300.03973388671875,-5.576709270477295
-298.2295193111436,1.0935662121799057,-298.7636091306489,-12.56372251231927,-298.49273681640625,-5.63720703125
-296.68251687311016,1.0947905006886254,-297.2297673993403,-12.566883975608576,-296.95465087890625,-5.698818683624268
-295.1454296493999,1.0917871281634177,-295.69821449441093,-12.5715443335114,-295.42266845703125,-5.760798931121826
-293.61593237622037,1.0783624842365915,-294.17670707895445,-12.577340201582224,-293.89935302734375,-5.823354244232178
-292.0939088311776,1.0524810447205661,-292.6618211652284,-12.583520726848658,-292.3829040527344,-5.886511325836182
-290.5811734280864,1.0154728544997287,-291.1561570996959,-12.590111146726276,-290.87554931640625,-5.950213432312012
-289.07657382786505,0.9654622945637925,-289.6530151530596,-12.598053436252894,-289.3731994628906,-6.014062404632568
-287.51936774418084,0.8980283167710965,-288.10227932329923,-12.60909669864709,-287.820556640625,-6.08106803894043
-285.9721844129592,0.8175238902090118,-286.557242593209,-12.62224051040511,-286.2754211425781,-6.1483306884765625
-284.4322324488258,0.7278870071084178,-285.0203625313753,-12.637402069499,-284.73779296875,-6.2159929275512695
-282.90237415637137,0.6292194086410667,-283.48728290812056,-12.655578022331007,-283.20672607421875,-6.283403396606445
-281.3789232864475,0.5199947801512668,-281.9675095786835,-12.67513779299616,-281.6854248046875,-6.351263046264648
-279.8616762797356,0.40032142025369044,-280.4555092783587,-12.696067968778241,-280.1709289550781,-6.41993522644043
-278.3525681470206,0.27938191269841006,-278.95259592450327,-12.726150163743853,-278.66485595703125,-6.489419937133789
-276.85131875223925,0.15352800203374972,-277.4560459219295,-12.76160241297266,-277.1656494140625,-6.559617519378662
-275.30619450081855,0.01714366895020003,-275.9034064424664,-12.805185338052404,-275.6158752441406,-6.631799697875977
-273.76523013279694,-0.12439127645086234,-274.36511210745584,-12.85504516116508,-274.0752868652344,-6.7043938636779785
-272.23149872061225,-0.27087073785365323,-272.8343460805481,-12.912740257635104,-272.5417785644531,-6.77752161026001
-270.7086464051857,-0.42220503504735163,-271.3108784670315,-12.978643984314417,-271.0169677734375,-6.850654602050781
-269.1885588560939,-0.5788716744630218,-269.7988730351369,-13.055200643973633,-269.4989929199219,-6.924910545349121
-267.6807021205436,-0.7407455736360937,-268.2926722894556,-13.139079453500184,-267.9896240234375,-6.999411582946777
-266.1794394357131,-0.9085524462592574,-266.79225753427437,-13.231570617990318,-266.4860534667969,-7.074183464050293
-264.6335526537897,-1.0855043905265251,-265.24741596015946,-13.33838259622085,-264.9374694824219,-7.151766777038574
-263.09384531066837,-1.2718197139728913,-263.7107295163096,-13.455659549186542,-263.3955078125,-7.2298383712768555
-261.5644149518431,-1.4580885674215045,-262.1802643021134,-13.581353331899562,-261.861572265625,-7.307760715484619
-260.0389086984412,-1.6467951111251944,-260.6637335944276,-13.716277855682453,-260.3360595703125,-7.386734962463379
-258.5254262032147,-1.8353944797111659,-259.14805489536906,-13.860816299961195,-258.8169250488281,-7.465389728546143
-257.019967649791,-2.022549912627235,-257.6453352283553,-14.011470677746868,-257.3079833984375,-7.5440993309021
-255.5182649189656,-2.21010586664503,-256.1509527200394,-14.167593910862283,-255.80470275878906,-7.623640060424805
-253.96919608567333,-2.4028089457125876,-254.61671641584394,-14.333996249924482,-254.25709533691406,-7.707630634307861
-252.42314925474236,-2.59319052506413,-253.0967231459889,-14.507143094151596,-252.71722412109375,-7.794689655303955
-250.88811747904325,-2.782799573432471,-251.58042064869264,-14.683548274843726,-251.1848602294922,-7.883831977844238
-249.36778963938906,-2.97026470094716,-250.0658338461788,-14.86429319513666,-249.66140747070312,-7.973241329193115
-247.8420302172374,-3.155465751712386,-248.57346274358454,-15.048247302713543,-248.14407348632812,-8.066560745239258
-246.33548892188077,-3.3371845597348297,-247.07734704449612,-15.23653646621726,-246.63619995117188,-8.160568237304688
-244.83190953827926,-3.5171215884426275,-245.5931892112627,-15.428605878088444,-245.1348114013672,-8.256524085998535
-243.28654485740515,-3.703985884250776,-244.06204878611274,-15.63074004648239,-243.58909606933594,-8.357029914855957
-241.74865849466397,-3.892682483525512,-242.5441101259088,-15.835926354789837,-242.0528106689453,-8.4593505859375
-240.221198983206,-4.081616224660452,-241.02650317193917,-16.045709465904192,-240.52279663085938,-8.562335968017578
-238.69960199193284,-4.276668992430628,-239.52579510147083,-16.258877817953874,-239.00233459472656,-8.667174339294434
-237.18474301723106,-4.47085072277035,-238.0300682548632,-16.475354982636798,-237.4877471923828,-8.77382755279541
-235.6781594636497,-4.667126526451045,-236.5461654911187,-16.6963237225792,-235.98233032226562,-8.882455825805664
-234.18081625565284,-4.865485767980145,-235.06316218613898,-16.921695921159902,-234.4828338623047,-8.99219799041748
-232.6358530169462,-5.069816540061039,-233.5547822822396,-17.157790148095906,-232.94293212890625,-9.109261512756348
-231.10442355658813,-5.275790484231495,-232.04075923326124,-17.398224219854782,-231.40966796875,-9.227690696716309
-229.5757973702848,-5.48570386235237,-230.54687820884524,-17.64047122714503,-229.88449096679688,-9.349541664123535
-228.05197950485785,-5.687491919418376,-229.04884266895127,-17.886950916963553,-228.36138916015625,-9.473999977111816
-226.52344999720515,-5.883144661392505,-227.55349398662122,-18.137420349075732,-226.8360595703125,-9.602212905883789
-225.01999071531478,-6.0677944096221506,-226.07743233567814,-18.388002152977066,-225.33441162109375,-9.731099128723145
-223.47757263052793,-6.251215876727999,-224.56466050386885,-18.64964599524541,-223.79452514648438,-9.86611557006836
-221.94479943845377,-6.428587882038789,-223.05596610421208,-18.913929432624087,-222.2628631591797,-10.002429962158203
-220.4270682266764,-6.596522181214821,-221.5614407565423,-19.179313058711973,-220.74644470214844,-10.139139175415039
-218.91190009447854,-6.757224120986075,-220.09004060929752,-19.445893948948548,-219.23890686035156,-10.27911376953125
-217.41242938985008,-6.9191593064167645,-218.61715524882084,-19.715651884345547,-217.7420196533203,-10.420038223266602
-215.87290103555196,-7.092295666482632,-217.1198623937807,-19.994761893017824,-216.20883178710938,-10.56821346282959
-214.34732531766105,-7.272727871479654,-215.62806552523278,-20.27657528997689,-214.68666076660156,-10.718131065368652
-212.83162915775918,-7.4517602726026695,-214.14955151256166,-20.560163267434955,-213.17530822753906,-10.87008285522461
-211.32821713879065,-7.635494823776458,-212.68693146997538,-20.84516097643953,-211.67677307128906,-11.024218559265137
-209.79036573432788,-7.833052265916181,-211.1814425165302,-21.14117245374719,-210.14071655273438,-11.18478012084961
-208.26200899844008,-8.035471288105107,-209.69966762371996,-21.437486923582398,-208.61737060546875,-11.34819221496582
-206.744699933491,-8.236202341260261,-208.22707158857537,-21.73591562162953,-207.1046600341797,-11.514299392700195
-205.23801669707018,-8.438949479046078,-206.77174237188635,-22.033851006326344,-205.60406494140625,-11.68359088897705
-203.7418912317522,-8.649151932650598,-205.32671071799376,-22.334055808720464,-204.11329650878906,-11.856233596801758
-202.20957117593173,-8.845089748533102,-203.85828958858417,-22.641858355918004,-202.5911407470703,-12.038131713867188
-200.68837738010853,-9.02893653068065,-202.3870162072999,-22.950714764771185,-201.07806396484375,-12.222746849060059
-199.1750866934854,-9.19236228723344,-200.93659073287404,-23.25835203782519,-199.57810974121094,-12.410588264465332
-197.67212681100187,-9.341150358100672,-199.48348423182767,-23.56696720659111,-198.08712768554688,-12.600433349609375
-196.1334045518868,-9.494578511487235,-198.0195293974608,-23.88205719744146,-196.5666961669922,-12.79975414276123
-194.6109335690372,-9.650625780811213,-196.53696195417558,-24.20074838267477,-195.05429077148438,-12.999954223632812
-193.1028382159225,-9.812332223942718,-195.07007676803212,-24.517371367658164,-193.55609130859375,-13.200383186340332
-191.6037312634077,-9.975076533198079,-193.6075570222997,-24.835665324033272,-192.06573486328125,-13.401345252990723
-190.07685167810448,-10.154810364369098,-192.111601468149,-25.16314062729488,-190.54495239257812,-13.607524871826172
-188.55776133323909,-10.351003267485961,-190.64884661295088,-25.486951564278144,-189.0364532470703,-13.815929412841797
-187.05678816759033,-10.55737348056051,-189.17247087447862,-25.814361704204046,-187.5374755859375,-14.023792266845703
-185.56403765914644,-10.772742370164002,-187.7229128781108,-26.14022905889219,-186.05010986328125,-14.232742309570312
-184.04442054347072,-11.0044784161449,-186.22949386338928,-26.47762118093504,-184.53060913085938,-14.447321891784668
-182.5359223813753,-11.247562666541729,-184.75661735930547,-26.810465292705885,-183.023193359375,-14.6624174118042
-181.0404956782693,-11.492976365015917,-183.29022132180663,-27.145490342619986,-181.52694702148438,-14.877471923828125
-179.55677982292707,-11.750770411823256,-181.83299751593896,-27.479816502279547,-180.04039001464844,-15.092597961425781
-178.04585614288325,-12.01125771247303,-180.33950718793778,-27.823291387039983,-178.52471923828125,-15.312457084655762
-176.544607487264,-12.273017934877998,-178.86007635720338,-28.164072926300747,-177.01943969726562,-15.531789779663086
-175.05608815929503,-12.531181067776727,-177.3796965966125,-28.503686656293127,-175.5242462158203,-15.749303817749023
-173.53335480130886,-12.791252486657406,-175.89717448708657,-28.845775513805243,-174.00189208984375,-15.973450660705566
-172.01921130392216,-13.048344564101606,-174.4260234754275,-29.183941975520998,-172.4891815185547,-16.19908905029297
-170.51482315579003,-13.3044136747876,-172.97216664182488,-29.522089479992758,-170.98789978027344,-16.42656707763672
-169.02231408937647,-13.56057850604654,-171.5236602844752,-29.859600410389852,-169.49725341796875,-16.655330657958984
-167.50351921926003,-13.822293233941556,-170.04226956187526,-30.204912811266333,-167.97900390625,-16.890607833862305
-165.9934901268247,-14.08354290240142,-168.58158546742388,-30.547299955223977,-166.4720001220703,-17.12750816345215
-164.49475394233266,-14.351086801692865,-167.1343679708704,-30.887368929878924,-164.97605895996094,-17.36629867553711
-163.00469543199986,-14.610999150630477,-165.69923220212667,-31.22315313706112,-163.49069213867188,-17.607229232788086
-161.4866693999475,-14.877237552876124,-164.2455774939333,-31.56716563041796,-161.979248046875,-17.85707664489746
-159.9792927002819,-15.142042881814458,-162.8006731608587,-31.910097679762032,-160.47860717773438,-18.109573364257812
-158.48114376263686,-15.406184870936034,-161.37231352252297,-32.251285954908894,-158.989013671875,-18.365236282348633
-156.9924292111345,-15.669402834588048,-159.95530929483513,-32.591268720094035,-157.50979614257812,-18.624235153198242
-155.47115381321186,-15.939178426031047,-158.5440741087464,-32.930632736803474,-156.0059356689453,-18.896209716796875
-153.95515828644156,-16.2068882135128,-157.16618198864128,-33.26197716435548,-154.5143585205078,-19.177034378051758
-152.43844445715206,-16.48221517876856,-155.85216197033685,-33.57494439479515,-153.03562927246094,-19.472362518310547
-150.8675088216963,-16.762751824251307,-154.641392121858,-33.86661309090141,-151.53826904296875,-19.80274772644043
-149.28950365463663,-17.04888850424003,-153.5095814451442,-34.13154016442309,-150.06002807617188,-20.167930603027344
-147.70546293874517,-17.341550488124586,-152.43340915934326,-34.37069650365302,-148.60252380371094,-20.572589874267578
-146.11398249779623,-17.64256057122748,-151.4029778992567,-34.58252377451461,-147.1685791015625,-21.020296096801758
-144.48455147685112,-17.959317117632335,-150.34734067472726,-34.782398448187756,-145.7264404296875,-21.522876739501953
-142.8481845668538,-18.282426335875943,-149.29110664195875,-34.95795491628343,-144.31143188476562,-22.06959342956543
-141.20808947558834,-18.622852064626123,-148.22201641009113,-35.11529958784118,-142.9247283935547,-22.659332275390625
-139.52909703258726,-18.981763908118793,-147.10094095642853,-35.29201163008206,-141.5357208251953,-23.304162979125977
-137.8271639084109,-19.375180481019672,-146.01642257350437,-35.44830287467774,-140.18072509765625,-23.99453353881836
-136.1165595664031,-19.800602472743748,-144.916117125499,-35.610215454838716,-138.8600311279297,-24.729625701904297
-134.3568560182204,-20.282046379934982,-143.8754726994673,-35.72998235327987,-137.58241271972656,-25.516860961914062
-132.54557187983227,-20.822361169349467,-142.7875498249787,-35.875917576412995,-136.32269287109375,-26.37393569946289
-130.70320592828884,-21.446421771669137,-141.70454850540483,-36.00815469396891,-135.1151580810547,-27.286224365234375
-128.82677056810675,-22.137806104386073,-140.59480715314967,-36.14572745826455,-133.9642333984375,-28.253114700317383
-126.89620221712421,-22.918006183904268,-139.39889850189724,-36.30809288410408,-132.8495635986328,-29.293912887573242
-124.93872537396254,-23.802495432624355,-138.22937659506673,-36.554401673628206,-131.80108642578125,-30.386686325073242
-122.96002471323219,-24.797104153485677,-137.01713786130065,-36.83257429046662,-130.82290649414062,-31.5291748046875
-120.95420399608865,-25.885732406850323,-135.68709554131448,-37.179341024448696,-129.8951416015625,-32.73947525024414
-119.00246154569996,-27.01100411061734,-134.34360279947484,-37.678390428696,-129.030029296875,-33.98362350463867
-117.08210091809511,-28.254368892595295,-132.74796329877162,-38.097136275840164,-128.2292938232422,-35.25808334350586
-115.16683408220229,-29.64699004406158,-131.49422946790125,-38.850924135441986,-127.47967529296875,-36.58787536621094
-113.3259313451862,-31.14751506187611,-130.21101872691509,-39.664697039248004,-126.79646301269531,-37.942325592041016
-111.5880889397875,-32.82565959302859,-128.73836031710482,-40.45660399839949,-126.18354034423828,-39.319847106933594
-110.1034326131907,-34.63698308103371,-127.84532181693461,-41.58134873162315,-125.63672637939453,-40.716880798339844
-109.0494232595292,-36.780829640649486,-126.91944301789293,-42.75201560302354,-125.1538314819336,-42.162044525146484
-108.6014903652501,-39.110217944973265,-126.31631414027613,-44.06315891135394,-124.7451171875,-43.623863220214844
-108.33853393706372,-41.54256292125811,-126.21241743265699,-45.49756624705414,-124.4183578491211,-45.100589752197266
-108.30951865940342,-43.91113546770713,-126.24835789872763,-46.94004658808401,-124.16710662841797,-46.5886344909668
-108.45441701086993,-46.30648877329247,-126.49312044299108,-48.36623179529938,-123.9966812133789,-48.0811767578125
-108.81214740092734,-48.69559719483051,-127.08485838837262,-49.79484533465753,-123.90509796142578,-49.60355758666992
-109.35853333858195,-51.00549203357574,-127.696748125758,-51.149887425600745,-123.89315795898438,-51.119937896728516
-110.01161004435062,-53.257121336015054,-128.2809904913485,-52.42656427649092,-123.96148681640625,-52.6229362487793
-110.78270346152964,-55.420568079828975,-129.28870469473418,-53.63843860883996,-124.10733032226562,-54.13740539550781
-111.64786803518358,-57.52887920759967,-130.11555117753565,-54.761200662617625,-124.33074188232422,-55.62814712524414
-112.61405906146837,-59.58705283322245,-131.27912401233098,-55.75332072135792,-124.63668060302734,-57.117652893066406
-113.66703602749755,-61.54552844015983,-132.40806531876484,-56.637968206733206,-125.01782989501953,-58.57318878173828
-114.88966040625114,-63.401034391910585,-133.52672210838384,-57.44667138964792,-125.4793472290039,-60.017730712890625
-116.20242648253894,-65.15471785261319,-134.62627842691933,-58.14065262749374,-126.01309967041016,-61.41973876953125
-117.59350085100193,-66.81453253967098,-135.70110214541955,-58.77038680945604,-126.62693786621094,-62.80150604248047
-119.04265078952956,-68.35552508934805,-136.76199321633757,-59.36951674480425,-127.31584167480469,-64.15994262695312
-120.51437170728092,-69.77606955057415,-137.7992498569615,-59.91479204359392,-128.06295776367188,-65.46949005126953
-121.98655165426675,-71.0770961101335,-138.8570403706645,-60.442090300792394,-128.86463928222656,-66.7412109375
-123.47843661477799,-72.29434288037554,-139.90598257730497,-60.96015291595303,-129.72328186035156,-67.98571014404297
-124.98408555179702,-73.43934310838537,-140.9274758770204,-61.431415754469604,-130.6287841796875,-69.18798065185547
-126.46815172336278,-74.4991304823988,-142.00557538793657,-61.92063893736526,-131.5789337158203,-70.36164093017578
-127.96814105365523,-75.53448951379599,-143.04854138989037,-62.37551931237864,-132.58067321777344,-71.50965118408203
-129.45587524025444,-76.51189474652978,-144.04715059156783,-62.803199560836674,-133.6118927001953,-72.60726165771484
-130.94896145920947,-77.43674166909223,-145.04851958590547,-63.25376730318474,-134.68727111816406,-73.67631530761719
-132.43897100679445,-78.33519586087954,-146.0410885541092,-63.70081714239866,-135.80426025390625,-74.71451568603516
-133.9287950608352,-79.19920762596487,-147.02609519178304,-64.151004419838,-136.9580535888672,-75.7187271118164
-135.38916289025778,-80.01760919419614,-147.96445659192366,-64.60119392873692,-138.12159729003906,-76.66783905029297
-136.83656482272528,-80.8079347027102,-148.90832167271782,-65.072538610894,-139.31207275390625,-77.58113861083984
-138.29996282573944,-81.59097564227388,-149.88731934872322,-65.5784207844933,-140.55223083496094,-78.47856903076172
-139.75566956184238,-82.35465445138726,-150.85971097415586,-66.0798995871684,-141.81324768066406,-79.33894348144531
-141.20690550747028,-83.09801520006248,-151.82040448676125,-66.5341482334162,-143.09097290039062,-80.15766143798828
-142.64712195890957,-83.81648656341524,-152.7830844333078,-66.99672091995616,-144.3828582763672,-80.9361801147461
-144.10763253300914,-84.51989564735936,-153.80827817617592,-67.48841369911277,-145.71624755859375,-81.69564056396484
-145.55484223036623,-85.20891286756908,-154.81848368745133,-67.97322224444788,-147.0560760498047,-82.41575622558594
-146.98870283948887,-85.87515723531757,-155.84496293100293,-68.4714845099939,-148.40086364746094,-83.10008239746094
-148.45036938783974,-86.54085643783985,-156.86164971311314,-68.9605000167104,-149.78073120117188,-83.7602767944336
-149.8947978769181,-87.18083340697828,-157.90095566654878,-69.46321033762575,-151.15902709960938,-84.38309478759766
-151.36366595194445,-87.81237895688669,-158.97567350847947,-69.99148118792647,-152.57086181640625,-84.98614501953125
-152.82599832778328,-88.42045873809352,-160.01550516263595,-70.51228207634907,-153.97796630859375,-85.5510482788086
-154.31227347366567,-89.01870845388062,-161.09594948557927,-71.05666900341626,-155.41668701171875,-86.09440612792969
-155.7856622465176,-89.59868467970972,-162.1460878899035,-71.58961439827524,-156.84512329101562,-86.5988998413086
-157.28267635297232,-90.17120323598223,-163.2430646823509,-72.14059718765594,-158.30413818359375,-87.08120727539062
-158.76587601460344,-90.71866863082299,-164.3234002973812,-72.67640890210879,-159.74920654296875,-87.52632904052734
-160.2692708945065,-91.26595315441116,-165.43502903549236,-73.23117898895156,-161.2197723388672,-87.94754791259766
-161.74854424234775,-91.79678180945778,-166.54781875842065,-73.78079590651275,-162.67095947265625,-88.3341293334961
-163.2421209500007,-92.32458152956636,-167.71405267568605,-74.34500709039222,-164.14353942871094,-88.70039367675781
-164.75999009175567,-92.8513205496362,-168.88040591106454,-74.90881512278638,-165.6345977783203,-89.04280853271484
-166.29606832218522,-93.37883683753093,-170.07686870588773,-75.47835110899418,-167.14453125,-89.36172485351562
-167.80721357529515,-93.908393283685,-171.2459480048682,-76.0221125464326,-168.62655639648438,-89.64665222167969
-169.32979835292036,-94.44242246825881,-172.45253641331468,-76.58034983107939,-170.12249755859375,-89.9081802368164
-170.8703202719488,-94.96728587521658,-173.65941454514592,-77.13577247376938,-171.6248779296875,-90.14317321777344
-172.41514919358468,-95.47013047249659,-174.89655813217945,-77.69298004414206,-173.12939453125,-90.35317993164062
-173.96910731771243,-95.94961635738882,-176.1447338346827,-78.24863358049451,-174.6342315673828,-90.53813934326172
-175.51806960955844,-96.40986408910898,-177.42426693796,-78.79228620735144,-176.13580322265625,-90.70060729980469
-177.0549125772442,-96.84700288250559,-178.7417499060871,-79.34128281927062,-177.63327026367188,-90.84490203857422
-178.63403393893148,-97.25377193058297,-180.10707262215826,-79.89864461962219,-179.1669464111328,-90.9750747680664
-180.1965029125626,-97.61852516013029,-181.49775343357163,-80.44988954661132,-180.69126892089844,-91.09060668945312
-181.75578978904787,-97.97356509363016,-182.881583016481,-80.99272224044587,-182.20545959472656,-91.19099426269531
-183.28101088688967,-98.33423574352831,-184.2926214151109,-81.52575360251372,-183.7054901123047,-91.2812728881836
-184.81628931468148,-98.69815708593816,-185.76268525665228,-82.04840788047187,-185.23294067382812,-91.36809539794922
-186.33453477858737,-99.05554589338134,-187.21395808241542,-82.56781936678142,-186.7402801513672,-91.44849395751953
-187.85122497438894,-99.41658070357605,-188.71608615255198,-83.08828198798913,-188.26898193359375,-91.52946472167969
-189.34383542268438,-99.77670870128368,-190.2035893701362,-83.59359599193776,-189.77772521972656,-91.609619140625
-190.84506530127302,-100.14376900860964,-191.7232814693724,-84.0823722848123,-191.30712890625,-91.69324493408203
-192.30796163667148,-100.49527058204565,-193.23369195936905,-84.56571021690911,-192.81439208984375,-91.78083801269531
-193.76983430399108,-100.82882584658867,-194.7737731337969,-85.04598823744885,-194.33920288085938,-91.8778305053711
-195.17736852801306,-101.13783404096904,-196.31450228460648,-85.51233063887408,-195.84329223632812,-91.98728942871094
-196.60263450624512,-101.44502652168347,-197.85983487344578,-85.97142026983089,-197.3610382080078,-92.11060333251953
-197.96954892280553,-101.737441440011,-199.41066021663215,-86.41730066876056,-198.86183166503906,-92.25177764892578
-199.35295026794975,-102.02536943758082,-200.9802315853773,-86.85125644031743,-200.38357543945312,-92.41497039794922
-200.692886329582,-102.29785424727598,-202.54536979189007,-87.28851850907937,-201.88970947265625,-92.60086059570312
-201.99642576391295,-102.55843729342747,-204.10146949082855,-87.7160538362504,-203.37872314453125,-92.81204223632812
-203.336393775598,-102.81845493186235,-205.6706535351711,-88.14192082476424,-204.88966369628906,-93.05235290527344
-204.67582022901937,-103.07036311275539,-207.23074458230383,-88.56400334640543,-206.39358520507812,-93.31723022460938
-206.03635657723103,-103.3264072516128,-208.77104840194002,-88.98291134175604,-207.89027404785156,-93.60258483886719
-207.38632222676725,-103.57617956196184,-210.31266781698852,-89.4001089512773,-209.38160705566406,-93.91043853759766
-208.74581602401585,-103.82655298060666,-211.85009282473854,-89.80967371480723,-210.86895751953125,-94.23983764648438
-210.10388866796518,-104.07503450759388,-213.38502387678693,-90.22496565477734,-212.35072326660156,-94.59087371826172
-211.44975537947388,-104.32878439492278,-214.9253179123003,-90.64194036114057,-213.82733154296875,-94.96583557128906
-212.7945601913101,-104.59446412706835,-216.46862241829376,-91.05981104146501,-215.2998046875,-95.36554718017578
-214.12875762762343,-104.87871355183914,-218.01594359672453,-91.47586610331653,-216.76461791992188,-95.7903823852539
-215.46773523061157,-105.1636309728721,-219.5707334540151,-91.88824596935027,-218.22518920898438,-96.2417984008789
-216.80907085783886,-105.45855920520393,-221.13246835581347,-92.29771588442237,-219.67984008789062,-96.71965789794922
-218.16054966209788,-105.76691606315859,-222.69756614499028,-92.7099525187605,-221.1292724609375,-97.22330474853516
-219.47596122283346,-106.07746774340137,-224.24001959167063,-93.1102722415778,-222.53868103027344,-97.7411117553711
-220.78640425402926,-106.38855880198798,-225.79680165329583,-93.52004494997884,-223.94076538085938,-98.28701782226562
-222.10285902009306,-106.6947276809761,-227.36668128621812,-93.93878198201631,-225.33494567871094,-98.86233520507812
-223.42416939771522,-107.0132585957292,-228.94699809920746,-94.37398789265924,-226.7211151123047,-99.46803283691406
-224.7646009915366,-107.33997008900383,-230.53510222300184,-94.82346494668504,-228.10060119628906,-100.10401916503906
-226.12308269777688,-107.68904937367472,-232.13163713586357,-95.28355851637308,-229.47454833984375,-100.76948547363281
-227.50445282682495,-108.06074709139914,-233.72597823276823,-95.76849374502001,-230.843994140625,-101.46260833740234
-228.86567732572883,-108.43428249578096,-235.28739941071007,-96.27075666738598,-232.17529296875,-102.16546630859375
-230.22753484102188,-108.84302060155075,-236.8465007069276,-96.81685429477393,-233.50111389160156,-102.89517211914062
-231.55804632585014,-109.33008287667998,-238.4209320381787,-97.39101658809521,-234.82090759277344,-103.65382385253906
-232.90002100820928,-109.82079426200943,-239.99680198877394,-98.01718381556167,-236.13339233398438,-104.44293975830078
-234.2043936233672,-110.32496984173088,-241.53221253937951,-98.6848188300113,-237.40382385253906,-105.24271392822266
-235.50669011655782,-110.87092164421951,-243.05257782485631,-99.40732493310965,-238.6649932861328,-106.0728759765625
-236.74647795425005,-111.53604420061944,-244.5714842017624,-100.17661000461848,-239.91612243652344,-106.93472290039062
-237.9962310945314,-112.21120804206325,-246.05807499645493,-101.02599609153182,-241.1554718017578,-107.82799530029297
-239.2291867564391,-112.9405782211485,-247.5326659961898,-101.92069040777461,-242.38400268554688,-108.75369262695312
-240.41769478309922,-113.6872852879968,-248.96191072566035,-102.83957862736145,-243.5686798095703,-109.68680572509766
-241.58633766683127,-114.48128333553848,-250.37291719289104,-103.81001836813334,-244.73995971679688,-110.6512222290039
-242.70140549030435,-115.35304479158425,-251.77524039687202,-104.82556690897745,-245.89552307128906,-111.64722442626953
-243.82434896182764,-116.22765027702465,-253.16945313176137,-105.87927463529967,-247.03305053710938,-112.67446899414062
-244.94615472668616,-117.12191052799912,-254.54780651322696,-106.9663372778555,-248.1513671875,-113.7317886352539
-246.0446537036582,-117.99065279975527,-255.88852637123347,-108.0681437373264,-249.218994140625,-114.79095458984375
-247.14326009679235,-118.86649325856733,-257.2037212380159,-109.22122126701811,-250.26080322265625,-115.87760925292969
-248.2206695471098,-119.76382836327507,-258.51271823568504,-110.3995403287686,-251.2712860107422,-116.98820495605469
-249.26197387255547,-120.75873682290337,-259.81700140899096,-111.62826705777117,-252.2769012451172,-118.15071868896484
-250.30632440817948,-121.76406780935652,-261.100498379644,-112.87273790076031,-253.25355529785156,-119.33638763427734
-251.32416832684768,-122.7971535473844,-262.34344024158344,-114.16929986623492,-254.20013427734375,-120.54533386230469
-252.31220807051704,-123.85723084172595,-263.5525361891173,-115.509319165166,-255.11427307128906,-121.77620697021484
-253.27093973848946,-124.94929534027344,-264.7167670549686,-116.87637679210368,-255.99644470214844,-123.0269546508789
-254.1712484564275,-126.09152967214678,-265.8328167104229,-118.26170378212306,-256.8475646972656,-124.29459381103516
-255.05966438842333,-127.24092311227169,-266.9102346449511,-119.67960174563888,-257.6662902832031,-125.57775115966797
-255.9172102608295,-128.4157238504024,-267.9431523958566,-121.12025310357662,-258.4542541503906,-126.87664031982422
-256.7397837723475,-129.6111380878111,-268.9381151491486,-122.59614315157064,-259.20989990234375,-128.1906280517578
-257.52529842991333,-130.82671902809852,-269.892448847889,-124.10623529935077,-259.9317626953125,-129.51901245117188
-258.2826796868685,-132.0585971322559,-270.79821073171473,-125.6351804748163,-260.6195983886719,-130.8592071533203
-259.0233580500601,-133.30809483887498,-271.6538078324076,-127.16569268414781,-261.2774353027344,-132.21189880371094
-259.7089087325759,-134.58881147047876,-272.46673413740814,-128.70603087125596,-261.90625,-133.57559204101562
-260.4038744277695,-135.9100149433947,-273.25719779574234,-130.30278860085272,-262.5216064453125,-134.9861602783203
-261.0608725733056,-137.2463202230932,-274.00756635716846,-131.9333806999376,-263.1048889160156,-136.4075164794922
-261.68152049267366,-138.59623521893045,-274.7187236592222,-133.60119034448417,-263.6539306640625,-137.8405303955078
-262.26651738107785,-139.96051195303366,-275.383122446594,-135.29398346791803,-264.16754150390625,-139.2841796875
-262.8049505180277,-141.34155271563097,-276.0027133069735,-137.01824312392552,-264.6441345214844,-140.73907470703125
-263.28123936536394,-142.74393175766878,-276.5925691911023,-138.76619613072603,-265.0823974609375,-142.20570373535156
-263.66853835853806,-144.1740339628082,-277.11110585065677,-140.5380115563203,-265.48211669921875,-143.68348693847656
-264.04157609672177,-145.6079585913277,-277.57972083311427,-142.3317281201788,-265.8423767089844,-145.1721649169922
-264.37596595009063,-147.04618933648126,-278.00441986823665,-144.17163471388793,-266.1583557128906,-146.6702423095703
-264.6777251081006,-148.49668820547265,-278.3696440987927,-146.00538330022908,-266.4325866699219,-148.17738342285156
-264.94407557512824,-149.95461330138212,-278.6817493080277,-147.85709372635168,-266.6638488769531,-149.69203186035156
-265.17574221997404,-151.42402031536025,-278.94112411780605,-149.7033130811939,-266.8541259765625,-151.21421813964844
-265.37334359365383,-152.90118293689378,-279.1485382642389,-151.55033899020097,-267.0038757324219,-152.7412872314453
-265.50143896577555,-154.39261938882285,-279.3057421147921,-153.3837646651578,-267.1159362792969,-154.27462768554688
-265.6165538911848,-155.88634247245665,-279.41721532266956,-155.2225354010398,-267.1898193359375,-155.8106689453125
-265.6928338545815,-157.34945789977147,-279.4848212810172,-157.00037890977177,-267.227783203125,-157.31060791015625
-265.7276478093731,-158.81852490239532,-279.51371674423814,-158.76699552453326,-267.2333984375,-158.81289672851562
-265.7224875215372,-160.29354318583572,-279.5036443104131,-160.50474329495174,-267.2103576660156,-160.31634521484375
-265.6847770220137,-161.77182430353488,-279.4543933094357,-162.23311517515612,-267.1599426269531,-161.8212432861328
-265.58579792157536,-163.25155528446248,-279.3679414932502,-163.95393680376273,-267.0831604003906,-163.32786560058594
-265.4752861485112,-164.73326333986765,-279.2445584234312,-165.67098168608823,-266.98046875,-164.8357696533203
-265.3305855151906,-166.21375693794332,-279.0787393002497,-167.39619048893792,-266.8507080078125,-166.34449768066406
-265.1519114023055,-167.6911309730261,-278.86993918785384,-169.13841910741115,-266.6914978027344,-167.8535614013672
-264.94441521041693,-169.16760539984878,-278.64539393764267,-170.87492614807303,-266.5035400390625,-169.3618927001953
-264.70472481621306,-170.64178483328396,-278.3370842604542,-172.6019013824858,-266.28680419921875,-170.8692626953125
-264.38976548184866,-172.10518154416155,-277.9487888381164,-174.31571856228226,-266.0414123535156,-172.37445068359375
-264.0479330869303,-173.56332138799294,-277.4956794186874,-176.02243926861698,-265.76654052734375,-173.87759399414062
-263.65658363410387,-175.0154152167206,-276.9975057598843,-177.70422651077564,-265.46380615234375,-175.37965393066406
-263.22099991323466,-176.453859697421,-276.4525023334145,-179.38085742990887,-265.13262939453125,-176.87673950195312
-262.7434452467224,-177.88553969493438,-275.8662854048456,-181.02299562427442,-264.7752990722656,-178.37132263183594
-262.224141848089,-179.3011704252102,-275.23788150877647,-182.66394965429043,-264.390380859375,-179.86093139648438
-261.6791885608711,-180.66761542675377,-274.5951999887471,-184.24226896620263,-263.9901123046875,-181.30718994140625
-261.07020408941816,-182.0075633548514,-273.91435827692766,-185.82105007285406,-263.5624694824219,-182.74752807617188
-260.44657458022294,-183.33793755786203,-273.1971868791419,-187.38081131952413,-263.10772705078125,-184.1817169189453
-259.7904647581032,-184.65164385057196,-272.4380716978695,-188.92236270967607,-262.6257629394531,-185.60903930664062
-259.101028660534,-185.9464538887901,-271.64077307456546,-190.44335036073525,-262.1169128417969,-187.02798461914062
-258.3782782453392,-187.22113450508826,-270.81309223338224,-191.9484191616997,-261.5806579589844,-188.43856811523438
-257.6005344707739,-188.46373084598326,-269.95494100964476,-193.43988601088395,-261.016357421875,-189.83956909179688
-256.8082369244865,-189.69681636369958,-269.06876140943257,-194.90191440578843,-260.4250793457031,-191.23231506347656
-255.98919809972082,-190.91513876204507,-268.1616989016459,-196.34176711875847,-259.8075866699219,-192.61741638183594
-255.14081440095592,-192.11773247247368,-267.2388509333853,-197.76188384331323,-259.16485595703125,-193.99508666992188
-254.25179234772077,-193.2951669308822,-266.29763961689287,-199.1693838545011,-258.4967041015625,-195.36521911621094
-253.28090011461228,-194.41332016388793,-265.3227133563387,-200.5686766423804,-257.8019714355469,-196.72433471679688
-252.30637486871353,-195.51666625814755,-264.3123594873653,-201.9443184648508,-257.0802307128906,-198.07244873046875
-251.30807402271114,-196.58380794435004,-263.2639764281195,-203.3017444339738,-256.33087158203125,-199.4060821533203
-250.27590487988437,-197.62478538280985,-262.1959257700431,-204.63026917514904,-255.5545196533203,-200.72706604003906
-249.1953379161318,-198.62086495026082,-261.1034859228026,-205.9369920191506,-254.7513427734375,-202.03436279296875
-248.11412687410734,-199.60658093009476,-259.99278508534286,-207.21403719569113,-253.9234619140625,-203.32705688476562
-247.02764410497608,-200.58067331248995,-258.87278159813104,-208.47159321181513,-253.071044921875,-204.60662841796875
-245.93880906663296,-201.55321250378506,-257.74334430878616,-209.7057560659048,-252.195556640625,-205.87429809570312
-244.8714995494289,-202.48168809350165,-256.63931936481174,-210.90278031681916,-251.32073974609375,-207.09678649902344
-243.80276765416255,-203.4062447458651,-255.52685991970304,-212.0845196044498,-250.4244384765625,-208.3076629638672
-242.73015468762432,-204.33077729830933,-254.39843779063406,-213.24461352192947,-249.50735473632812,-209.5081329345703
-241.65454009402004,-205.25818418498554,-253.24828090243687,-214.37795366840004,-248.5708770751953,-210.6986541748047
-240.58099904754434,-206.17716659990086,-252.07303826872254,-215.4926100553411,-247.61448669433594,-211.87850952148438
-239.51173684042084,-207.0851681091313,-250.8728615101299,-216.58995224393868,-246.63734436035156,-213.04649353027344
-238.44198939452792,-207.98775955621963,-249.64801674273124,-217.66345293003766,-245.639404296875,-214.2022705078125
-237.37434476985942,-208.88145768858382,-248.39854725764013,-218.71390226721977,-244.62069702148438,-215.34445190429688
-236.3007322800366,-209.77516052670717,-247.146535780996,-219.7532235400145,-243.58180236816406,-216.47369384765625
-235.2187128945845,-210.66740722335695,-245.89557374791622,-220.78295055654687,-242.5247802734375,-217.58937072753906
-234.11582409244696,-211.57031385991814,-244.65256384927335,-221.8029693017519,-241.45162963867188,-218.6944122314453
-233.03787289868094,-212.44221376897664,-243.44152191334376,-222.78960264337516,-240.39361572265625,-219.7581787109375
-231.94213518094836,-213.32204883613252,-242.23132521012442,-223.7682508256966,-239.3215789794922,-220.81410217285156
-230.8380584071479,-214.19547155289055,-241.0183294985084,-224.74227573457745,-238.23709106445312,-221.86090087890625
-229.7237151987493,-215.06974330786355,-239.80219599902543,-225.7114115685104,-237.13973999023438,-222.90017700195312
-228.59917682966642,-215.94347390455692,-238.58265792632622,-226.67291264786604,-236.0316162109375,-223.93125915527344
-227.46468707593908,-216.81709506109544,-237.35712448609465,-227.62834428532886,-234.91180419921875,-224.95590209960938
-226.3281578408093,-217.68007911385916,-236.1168138909373,-228.57322138987828,-233.7801055908203,-225.9728546142578
-225.17913230623896,-218.53789951467553,-234.8779837260015,-229.51933577269068,-232.63722229003906,-226.9822540283203
-224.02952659100907,-219.3906991350296,-233.63364755532498,-230.46238880750127,-231.48318481445312,-227.9833221435547
-222.8720329781598,-220.24370399916077,-232.38417234890628,-231.40086899287598,-230.3176727294922,-228.97698974609375
-221.7172729351927,-221.0894013050339,-231.12683254612878,-232.33635555743498,-229.14035034179688,-229.96197509765625
-220.56213285849486,-221.9300186321555,-229.86558410681772,-233.2710374710141,-227.9512481689453,-230.93743896484375
-219.4034474646699,-222.76992781640482,-228.59792840616717,-234.20301829356825,-226.74917602539062,-231.90414428710938
-218.24343883483803,-223.6114833365202,-227.32927833903284,-235.13103762382968,-225.53775024414062,-232.85963439941406
-217.11128693187518,-224.42902688466742,-226.08578867764348,-236.0238819408773,-224.348876953125,-233.7798309326172
-215.97441666853615,-225.2466590587506,-224.84568129793803,-236.92125341956088,-223.15052795410156,-234.6904296875
-214.82124672445156,-226.07120329293392,-223.60368402591314,-237.81670673758728,-221.9418487548828,-235.5941925048828
-213.6644346327603,-226.89434358181592,-222.35834135518442,-238.71082969683542,-220.72434997558594,-236.48995971679688
-212.5012588289178,-227.71775662218155,-221.10981010515002,-239.59972169731745,-219.4996337890625,-237.3772735595703
-211.34455948363382,-228.52975267664328,-219.856622423544,-240.48884814600368,-218.26658630371094,-238.25491333007812
-210.1619100289341,-229.3550242359177,-218.60599946629512,-241.36866797720657,-217.0288848876953,-239.12486267089844
-208.98477605950515,-230.17146052857657,-217.35264151480456,-242.24305987106905,-215.78759765625,-239.9853057861328
-207.80108552474223,-230.98462354788342,-216.0997496364088,-243.10875888378544,-214.5443115234375,-240.8363037109375
-206.56443104312194,-231.82581365435317,-214.8100264631052,-243.97751534656783,-213.2667694091797,-241.70318603515625
-205.33297655040639,-232.65548656825678,-213.53129643338536,-244.8438493817843,-211.9944305419922,-242.5590057373047
-204.107642506956,-233.47491043818113,-212.25636045169455,-245.69975248427076,-210.72628784179688,-243.40431213378906
-202.88784675077582,-234.28288617111585,-210.98567075514444,-246.54554649014904,-209.4624481201172,-244.23890686035156
-201.6705279922545,-235.0825502982859,-209.71873650780867,-247.3814767054032,-208.2020263671875,-245.06370544433594
-200.42645279373022,-235.8920577046768,-208.4214494718955,-248.23129572348142,-206.91104125976562,-245.90017700195312
-199.17728889179776,-236.69917439156782,-207.12894478081077,-249.06985037362685,-205.62350463867188,-246.727783203125
-197.94675735150906,-237.48548655303009,-205.83856267003483,-249.89938314605877,-204.34072875976562,-247.54327392578125
-196.7086387910203,-238.26990635525047,-204.54820402861762,-250.70673192850998,-203.06214904785156,-248.34922790527344
-195.48473927380527,-239.0395798052289,-203.26591206991606,-251.5151088251831,-201.78726196289062,-249.14439392089844
-194.22364139553392,-239.82625752567978,-201.95473244481005,-252.33515991994815,-200.48147583007812,-249.95143127441406
-192.97420077026274,-240.59881364433016,-200.64678560527705,-253.14655805983196,-199.1797637939453,-250.7473907470703
-191.7416728970154,-241.3551220501341,-199.3413368145105,-253.95007317241237,-197.88153076171875,-251.53073120117188
-190.5079999524818,-242.1072892642129,-198.0421523350382,-254.74407425988218,-196.5866241455078,-252.30276489257812
-189.23907271270593,-242.87317033850195,-196.71357162484804,-255.54751730903837,-195.26104736328125,-253.08450317382812
-187.96959903964216,-243.63395381965836,-195.39232988414122,-256.34168781865117,-193.94036865234375,-253.85592651367188
-186.69938925315412,-244.38868939102278,-194.07768468387079,-257.12615479389206,-192.6248016357422,-254.61798095703125
-185.4378484700142,-245.13338109374544,-192.76229410387816,-257.8927014715071,-191.31430053710938,-255.37026977539062
-184.17921729209158,-245.87173499618606,-191.45805646596085,-258.6585131826255,-190.0091552734375,-256.11322021484375
-182.89067423418825,-246.62073807644833,-190.12598627815242,-259.43587187115014,-188.6752471923828,-256.8663330078125
-181.6088244445131,-247.3651090983697,-188.80002286844365,-260.2038795347265,-187.3472442626953,-257.61016845703125
-180.3338651559162,-248.0978849984982,-187.4793903046977,-260.9638679570986,-186.0247344970703,-258.34466552734375
-179.05682874693107,-248.82595443370033,-186.167513744372,-261.71547187988745,-184.70852661132812,-259.0707702636719
-177.74866674886206,-249.56708362551342,-184.82866469019206,-262.47552028466873,-183.3653106689453,-259.8074951171875
-176.4450054463296,-250.3012836472544,-183.49573059534669,-263.2251536462271,-182.02894592285156,-260.53656005859375
-175.15055723149305,-251.02575111891485,-182.16764208604397,-263.96392833919845,-180.69976806640625,-261.2574462890625
-173.86099236437792,-251.74645167823036,-180.851173384953,-264.70280302667436,-179.37728881835938,-261.970947265625
-172.54652642953667,-252.47433751323942,-179.5100523814299,-265.45466252487853,-178.02914428710938,-262.6941833496094
-171.24224116928292,-253.19147880200254,-178.1765161962171,-266.20160812149317,-176.6880645751953,-263.4089660644531
-169.94609577853723,-253.9003097822981,-176.8516831857231,-266.94418052988595,-175.35400390625,-264.115234375
-168.62293697847312,-254.6197497218118,-175.5050166078745,-267.6999017065382,-173.99513244628906,-264.8302001953125
-167.30471732627157,-255.32959348122517,-174.1689938737662,-268.45263202584607,-172.64390563964844,-265.5369873046875
-165.9917128951578,-256.02875028716795,-172.83942125465396,-269.1938307932835,-171.3007354736328,-266.2356262207031
-164.69043015074612,-256.7156190921646,-171.5202654581097,-269.93609725468235,-169.9650421142578,-266.9256591796875
-163.37154384889195,-257.4069032688887,-170.17898680829677,-270.69470036432364,-168.6050262451172,-267.6224060058594
-162.06927846112467,-258.0823232792535,-168.84365625458233,-271.44868829320626,-167.25196838378906,-268.30816650390625
-160.77638339592147,-258.743860779149,-167.5087075908539,-272.1829225600022,-165.90553283691406,-268.982666015625
-159.48003437158687,-259.3967537188023,-166.13715206845634,-272.9148428589157,-164.53346252441406,-269.6583557128906
-158.20603867860643,-260.0242426895975,-164.76272336798914,-273.63047943211944,-163.16612243652344,-270.3172607421875
-156.954815653102,-260.6346419358757,-163.37721134656567,-274.3102031579901,-161.80271911621094,-270.9575500488281
-155.68670429379813,-261.2454701494114,-161.94654075326335,-274.9521926463634,-160.41221618652344,-271.59259033203125
-154.44869806640824,-261.83514294595386,-160.5027261956612,-275.55372398393456,-159.0248565673828,-272.204833984375
-153.23649729359224,-262.403566861028,-159.05152134342256,-276.12342700811865,-157.6395263671875,-272.7919921875
-152.03414094938952,-262.96595837511194,-157.5696387386443,-276.70405205150325,-156.22328186035156,-273.3626403808594
-150.82548924974782,-263.52155219643885,-156.07815856008932,-277.2720238431081,-154.79342651367188,-273.9088439941406
-149.62191933832773,-264.0698576387727,-154.60356016903134,-277.81385941674085,-153.3745574951172,-274.4231262207031
-148.3830247767511,-264.62324506295363,-153.11299552884503,-278.3462864721808,-151.93214416503906,-274.9202880859375
-147.15132896073845,-265.16346375541787,-151.6335596684701,-278.86575488082457,-150.49655151367188,-275.389892578125
-145.9067561603294,-265.7038909739505,-150.1245993257207,-279.36970853847794,-149.0354461669922,-275.8408508300781
-144.67334643192825,-266.2054661110919,-148.62739990992452,-279.86252091666745,-147.5846405029297,-276.2608947753906
-143.44567042575713,-266.7013111962509,-147.1080534511803,-280.3420771759291,-146.11802673339844,-276.6546630859375
-142.21725859631997,-267.1829564260982,-145.5837884449067,-280.80010723598286,-144.6487274169922,-277.0179138183594
-141.00047528536766,-267.65090177937617,-144.0598418543878,-281.23260944632364,-143.1847381591797,-277.3476867675781
-139.76950982021606,-268.08432057318083,-142.49650703127267,-281.6451130001118,-141.69265747070312,-277.6477355957031
-138.55550141664398,-268.50305221034955,-140.92968709523353,-282.0249117770848,-140.20693969726562,-277.9085998535156
-137.31854862802592,-268.9074237790507,-139.32903671565288,-282.3822638754832,-138.69520568847656,-278.1341552734375
-136.09622000065536,-269.2901619929307,-137.72438630255607,-282.70735246975795,-137.1915740966797,-278.3166198730469
-134.89121170501932,-269.6404120019878,-136.11332356619454,-282.9991942451687,-135.69744873046875,-278.45330810546875
-133.66557875896413,-269.93600011623664,-134.46395356376166,-283.26504990668195,-134.18118286132812,-278.54412841796875
-132.44675731026234,-270.2276661740075,-132.81157937768998,-283.49174637035725,-132.6766357421875,-278.58551025390625
-131.1922614183776,-270.50514744927494,-131.12953415591767,-283.7113535730408,-131.15391540527344,-278.5782775878906
-129.92468453428503,-270.7508312328787,-129.45505998106555,-283.90951398243743,-129.64724731445312,-278.5245056152344
-128.63217519614764,-270.91480474987424,-127.74431382100165,-284.08294334799297,-128.12600708007812,-278.42193603515625
-127.34784049082359,-271.0759159290006,-126.02580183503942,-284.2105900916514,-126.62366485595703,-278.2707214355469
-126.04132905287517,-271.21009657144634,-124.26821903038267,-284.2912065191839,-125.11205291748047,-278.0658264160156
-124.72338180190268,-271.30300360930266,-122.52122974051473,-284.32797783060755,-123.62255859375,-277.8139953613281
-123.37250743241452,-271.28831585660174,-120.76638609362168,-284.312943989175,-122.12666320800781,-277.5146789550781
-122.02341255925215,-271.27134253450504,-119.02134495424541,-284.2244595251046,-120.65545654296875,-277.1737060546875
-120.64977524193002,-271.2108096991604,-117.26022166928118,-284.07200445404857,-119.18069458007812,-276.7850341796875
-119.29892954322449,-271.1087828574582,-115.48910515867463,-283.87967041399236,-117.73430633544922,-276.3535461425781
-117.95271222496045,-270.87642980853593,-113.68580236128831,-283.68486481908826,-116.2885513305664,-275.8719177246094
-116.60962905578425,-270.6467403857217,-111.88497470516259,-283.443944127326,-114.8734130859375,-275.3494567871094
-115.24959932128009,-270.37007513415824,-110.0630989998498,-283.1663822843103,-113.46308135986328,-274.77783203125
-113.92915478319333,-270.0098401304644,-108.25137988624705,-282.815550782513,-112.08586883544922,-274.1672058105469
-112.59958678560874,-269.63178588410256,-106.40947964429499,-282.37617014853004,-110.7191162109375,-273.50335693359375
-111.29409700588394,-269.22148392071676,-104.56841071118204,-281.8607274930889,-109.39151763916016,-272.7969055175781
-109.97467827446063,-268.76378696252135,-102.78891472695788,-281.1743467508047,-108.07937622070312,-272.03717041015625
-108.7108668994333,-268.19827472603527,-101.07839570532606,-280.3977043960246,-106.80709838867188,-271.2411804199219
-107.45121019648602,-267.60636402247775,-99.35453805109721,-279.50383196642724,-105.55668640136719,-270.3902282714844
-106.20039662946908,-266.95125047517985,-97.65663986535112,-278.53275859408717,-104.33065795898438,-269.48577880859375
-104.98432508843919,-266.2599488852851,-96.02835830138677,-277.43555134569004,-103.15452575683594,-268.5432434082031
-103.8230127001218,-265.45491119416033,-94.45253393649257,-276.2517506018518,-102.00701904296875,-267.5473327636719
-102.68108989170527,-264.6295602455327,-92.91562612161853,-274.97680060105216,-100.90708923339844,-266.5092468261719
-101.58268233206483,-263.74160381647476,-91.4491936559275,-273.6576917727579,-99.85406494140625,-265.4331359863281
-100.5188946231914,-262.7741751061659,-90.0195525556101,-272.279974201381,-98.83060455322266,-264.3027038574219
-99.50796655683672,-261.7520818959715,-88.6894807807433,-270.8317405129757,-97.85456085205078,-263.1397399902344
-98.57690820054157,-260.6679335205138,-87.40783429204548,-269.3119345195711,-96.92874908447266,-261.9434814453125
-97.67332810718773,-259.56658494562794,-86.18426467112894,-267.73218558628474,-96.05625915527344,-260.71588134765625
-96.81334516162825,-258.40903557254114,-85.00673062355739,-266.0535398156103,-95.22747039794922,-259.43585205078125
-96.02175945214758,-257.2089210634289,-83.89448111440288,-264.33168247136877,-94.45870971679688,-258.126953125
-95.29888617557482,-255.97539272262568,-82.88534809347519,-262.52328958835426,-93.75372314453125,-256.7904357910156
-94.62703947926894,-254.71861207757894,-81.97438481432641,-260.67559710647635,-93.11373138427734,-255.43109130859375
-94.11082465317348,-253.3711028078643,-81.14836001703488,-258.7571081279295,-92.53060913085938,-254.02769470214844
-93.60414007702946,-252.0319993833998,-80.40381298722735,-256.80366362680894,-92.01663970947266,-252.60585021972656
-93.1881066110225,-250.67228048592887,-79.79355958467707,-254.79634422147387,-91.57429504394531,-251.16915893554688
-92.85942784874806,-249.27099882310438,-79.28062020838466,-252.74347796503415,-91.19756317138672,-249.69598388671875
-92.65932056251141,-247.84036175289225,-78.8669535503369,-250.66642158677882,-90.89156341552734,-248.20257568359375
-92.47940019860062,-246.4110358742356,-78.53433743543049,-248.61875394929612,-90.65369415283203,-246.7000732421875
-92.35879781776812,-244.9914246428963,-78.34493383858282,-246.6120482712131,-90.48120880126953,-245.20855712890625
-92.29595751864221,-243.55756188119008,-78.25293936748784,-244.60196232329758,-90.36907958984375,-243.70086669921875
-92.28467314101158,-242.11877260485858,-78.2534358970409,-242.5538006332761,-90.32191467285156,-242.17962646484375
-92.40979557429517,-240.70531519727518,-78.34604155184918,-240.5149034953614,-90.34225463867188,-240.6773223876953
-92.54893210525908,-239.29260635215866,-78.53251174765595,-238.50023917184592,-90.42731475830078,-239.17266845703125
-92.75889928509652,-237.88763208824741,-78.79507316724963,-236.4941419468417,-90.57727813720703,-237.669921875
-93.02887984196329,-236.50032974381654,-79.1759515584053,-234.4977637301378,-90.79307556152344,-236.1771240234375
-93.35414454125458,-235.10754169043707,-79.64662543099311,-232.50885355336158,-91.07766723632812,-234.67596435546875
-93.73114415853249,-233.7412462237287,-80.19740794153874,-230.5662817958973,-91.4239273071289,-233.19998168945312
-94.2214314522356,-232.41775254029528,-80.81909910278603,-228.69420753396798,-91.82614135742188,-231.7522735595703
-94.72570664755503,-231.09132799245904,-81.52651317743549,-226.83989924818158,-92.29156494140625,-230.3072967529297
-95.27466258159087,-229.79914843383972,-82.29605055640364,-225.06052465457174,-92.80615997314453,-228.8978729248047
-95.88312017490775,-228.511234124489,-83.10928887282356,-223.33865372325937,-93.37413024902344,-227.49525451660156
-96.5682261881593,-227.23721452434737,-84.0463599144704,-221.69971442476228,-93.99205017089844,-226.09796142578125
-97.39850344323878,-226.05209276543252,-85.03758847828118,-220.14039594245034,-94.6440200805664,-224.7347412109375
-98.24872206910896,-224.8734174111877,-86.06760901583253,-218.60883323839042,-95.34160614013672,-223.37832641601562
-99.13656528811842,-223.745999260966,-87.11097358724962,-217.12828374851412,-96.06841278076172,-222.05758666992188
-100.05798754889864,-222.63368725548557,-88.1850086976887,-215.68364411012894,-96.83541107177734,-220.74729919433594
-101.10859605184177,-221.595298473765,-89.26986067060768,-214.2724704912498,-97.63853454589844,-219.4488983154297
-102.16329979795383,-220.56247755669426,-90.36781115564541,-212.89573217436907,-98.4735336303711,-218.1642303466797
-103.24786925931556,-219.58842078967118,-91.45550309149672,-211.58242301220636,-99.31800079345703,-216.92037963867188
-104.34373865778655,-218.62196411802816,-92.53065045792866,-210.28938200303642,-100.186279296875,-215.68942260742188
-105.42339118479352,-217.6342962395062,-93.56150827452396,-209.0061836033091,-101.0732192993164,-214.47006225585938
-106.51754665229977,-216.64356780653745,-94.5734412629976,-207.74692901619778,-101.97469329833984,-213.25979614257812
-107.61982848945172,-215.6356655015957,-95.5580985954958,-206.51380654478842,-102.88558959960938,-212.05532836914062
-108.73524988390585,-214.60576492509685,-96.515750587623,-205.31353097261822,-103.80003356933594,-210.85281372070312
-109.85320242438965,-213.5578634218615,-97.45886205854492,-204.13252866537462,-104.71458435058594,-209.65017700195312
-110.97517343878519,-212.49964582413227,-98.3912791356658,-202.9618111513272,-105.62715148925781,-208.4461669921875
-112.10538555765777,-211.42934721650278,-99.31089006750297,-201.80299711537987,-106.53559875488281,-207.23873901367188
-113.24818178817011,-210.3472509820119,-100.21830249816145,-200.65580501692375,-107.4378890991211,-206.025634765625
-114.41196779421763,-209.24200298290333,-101.10809586346217,-199.53259614432568,-108.32999420166016,-204.8032684326172
-115.59071696018914,-208.11070704300317,-101.98049974134364,-198.42896843462745,-109.20738220214844,-203.5698699951172
-116.77386072957457,-206.9702118743286,-102.84735395660947,-197.32476201640694,-110.06871032714844,-202.3262481689453
-117.97611127648636,-205.7990981333442,-103.69713233446255,-196.24275656619344,-110.90961456298828,-201.0697784423828
-119.1966395353319,-204.5919893056912,-104.53338179357081,-195.18367121209835,-111.7254409790039,-199.79827880859375
-120.42597897880398,-203.35406858889885,-105.34713199160873,-194.12022513722385,-112.51469421386719,-198.50942993164062
-121.66886293578692,-202.08376331720834,-106.15675532112719,-193.0608536051905,-113.27543640136719,-197.20156860351562
-122.9221955459621,-200.7844531452044,-106.95919889221922,-191.99334398679517,-114.00636291503906,-195.8743438720703
-124.16592830183866,-199.44879545201093,-107.75851627449838,-190.91495799056193,-114.70629119873047,-194.5286407470703
-125.40812719663043,-198.0928762693689,-108.5560035438115,-189.81752080921706,-115.37532806396484,-193.16619873046875
-126.64558035248913,-196.70650065999072,-109.3157660839869,-188.68827131566982,-116.01338958740234,-191.7871551513672
-127.88194806014407,-195.27595049563334,-110.0754730124365,-187.5537119782233,-116.61871337890625,-190.391357421875
-129.1091330564029,-193.78730334848788,-110.82040207933109,-186.41020839177625,-117.18846130371094,-188.9788818359375
-130.32174837423727,-192.2495598549317,-111.56237928843845,-185.25301116457206,-117.72135162353516,-187.55007934570312
-131.51294315606313,-190.67652661010203,-112.32776534662467,-184.08083630764636,-118.21788024902344,-186.10580444335938
-132.6771817024015,-189.0435250185775,-113.11075757402855,-182.89872466021967,-118.67616271972656,-184.6465301513672
-133.80806723438138,-187.3667759037983,-113.82667605299837,-181.67075317279955,-119.09623718261719,-183.1729278564453
-134.89171142571482,-185.64544822212807,-114.51869436032823,-180.45731181180992,-119.4668960571289,-181.7174072265625
-135.93113826445412,-183.85901818854774,-115.17876609191765,-179.2158401305357,-119.79548645019531,-180.24879455566406
-136.93715226260198,-181.9699035071446,-115.81517252774292,-177.95928114523167,-120.07657623291016,-178.7684326171875
-137.89204833505102,-179.99668675061562,-116.39498066001282,-176.67363818026993,-120.30691528320312,-177.27835083007812
-138.6803537565904,-177.9340518673643,-116.8734945094309,-175.35227125321367,-120.48433685302734,-175.77976989746094
-139.3210721334554,-175.81362806371615,-117.35551982904911,-174.00823257227313,-120.60797119140625,-174.2755584716797
-139.68557797509985,-173.5790707915243,-117.82088430269941,-172.6468826265503,-120.67222595214844,-172.76844787597656
-139.7250021095049,-171.2726208009067,-118.10097891372101,-171.25861886356893,-120.67320251464844,-171.26028442382812
-139.5192871839381,-168.98403205375214,-118.3450222934184,-169.84608836676497,-120.61186981201172,-169.75379943847656
-139.04511025093677,-166.73589816532314,-118.48230873077395,-168.4160185528945,-120.48916625976562,-168.25204467773438
-138.27387366072153,-164.57630945866384,-118.52580478844847,-166.9739435914002,-120.30772399902344,-166.75759887695312
-137.33441614503613,-162.53162640843905,-118.38157174410543,-165.5383540038307,-120.07176208496094,-165.2702178955078
-136.29599649707782,-160.54183919575883,-118.21743335332283,-164.10221042856588,-119.78108978271484,-163.7942657470703
-135.20163449571254,-158.60889595374357,-117.95152476585942,-162.6821959726876,-119.43573760986328,-162.33172607421875
-134.1031693449209,-156.75172744158638,-117.56954864443614,-161.2873267359845,-119.0386734008789,-160.88430786132812
-133.01930265166283,-154.95766235445834,-117.10446356044035,-159.91501151162484,-118.59237670898438,-159.4515380859375
-131.93791410413024,-153.22289059567572,-116.55111746781493,-158.57058628559486,-118.09920501708984,-158.0325469970703
-130.83753863434052,-151.55149816146238,-115.83477677576563,-157.28828924918122,-117.56205749511719,-156.6278076171875
-129.73387716928895,-150.00535737277102,-115.11540528086657,-156.00545251539927,-116.99069213867188,-155.23574829101562
-128.61219575697444,-148.520155339593,-114.3528470611088,-154.74304112043367,-116.3880615234375,-153.8548583984375
-127.48233001011332,-147.13197791357564,-113.55695518876257,-153.4911755749521,-115.76211547851562,-152.48416137695312
-126.2770718915387,-145.68796966050118,-112.72896000454135,-152.2850278250705,-115.1023941040039,-151.1293182373047
-125.05192064504064,-144.31286786885383,-111.82182458290589,-151.12176980380082,-114.41236114501953,-149.78854370117188
-123.78091544092219,-142.96098052531758,-110.90726941499736,-149.97975658686107,-113.6895751953125,-148.46282958984375
-122.48463924730196,-141.67239980168344,-109.9586331575191,-148.86722155675312,-112.93866729736328,-147.155517578125
-121.1716433795878,-140.43894125347813,-108.97287637850872,-147.77941982833147,-112.16004943847656,-145.861572265625
-119.85391669037232,-139.24151571290162,-107.95439292766658,-146.72019848897844,-111.35604858398438,-144.58230590820312
-118.53200291753534,-138.08813763354007,-106.8308229378314,-145.7344462756361,-110.52952575683594,-143.31747436523438
-117.19355138928546,-136.98193500248144,-105.69841053850773,-144.76122786974622,-109.6821060180664,-142.06527709960938
-115.8587600322927,-135.88709190983337,-104.53300649115675,-143.82596610222225,-108.81322479248047,-140.82571411132812
-114.5396545835515,-134.81580412931888,-103.35368961481335,-142.89917576437745,-107.92462921142578,-139.59605407714844
-113.23214728660518,-133.75238470602693,-102.17055617043958,-141.9826297902252,-107.01724243164062,-138.3765106201172
-111.93455065470103,-132.70421574933053,-100.95930182515258,-141.0871274368106,-106.09278106689453,-137.16616821289062
-110.64713568479092,-131.673655047185,-99.74550238284775,-140.18571216532115,-105.15345764160156,-135.96315002441406
-109.36085678973286,-130.6498791073379,-98.53434488493782,-139.2816096852225,-104.19866180419922,-134.7655792236328
-108.10085993308452,-129.65310189081998,-97.35972374777903,-138.39434148478733,-103.25044250488281,-133.6004180908203
-106.84349974349675,-128.66325087663446,-96.18468573589058,-137.5031465065906,-102.2886962890625,-132.44078063964844
-105.58144107269442,-127.67046963236324,-95.0166106986317,-136.61968164064916,-101.31163024902344,-131.28732299804688
-104.32321672912119,-126.68470796194798,-93.84323600559227,-135.73276845721284,-100.32108306884766,-130.1400146484375
-103.063938902745,-125.70010887600394,-92.66976119812294,-134.84815504563872,-99.31634521484375,-128.9984130859375
-101.79720540693901,-124.71068419833473,-91.50679123482406,-133.97455464337418,-98.29481506347656,-127.86368560791016
-100.52787368783929,-123.72166427527785,-90.34443803321464,-133.10210154740733,-97.25579833984375,-126.73572540283203
-99.28510343239788,-122.75440470169917,-89.20657283563847,-132.2479827027956,-96.22274780273438,-125.63902282714844
-98.04326167904577,-121.79071019402207,-88.06073313487452,-131.3845456778646,-95.17423248291016,-124.54802703857422
-96.79508480193704,-120.82466293740734,-86.92192852184311,-130.52726405333345,-94.10913848876953,-123.4642105102539
-95.54629676162297,-119.86189250938567,-85.77679018111405,-129.66470430464815,-93.02901458740234,-122.38775634765625
-94.29286060596995,-118.89749377231294,-84.635258625963,-128.80592285801592,-91.93257904052734,-121.31907653808594
-93.06630188529338,-117.95107927101975,-83.52631870061677,-127.96862034712105,-90.8451156616211,-120.28345489501953
-91.83827120590682,-117.00460370661095,-82.41020368483645,-127.12151333991287,-89.74129486083984,-119.25479125976562
-90.60802344647004,-116.05875773065777,-81.28690655244719,-126.26399498610596,-88.62234497070312,-118.23278045654297
-89.37469845184054,-115.10374553451578,-80.1641832931928,-125.40342968775714,-87.485595703125,-117.21623992919922
-88.15766066647859,-114.12413377186223,-79.03323839546978,-124.53156814857107,-86.33281707763672,-116.20557403564453
-86.96836430393105,-113.1656650545657,-77.9067377565851,-123.65482686601185,-85.19291687011719,-115.22080993652344
-85.77324138063064,-112.19463617133555,-76.78804947666127,-122.78046301423808,-84.03724670410156,-114.23988342285156
-84.56951018634699,-111.22218574322062,-75.66104285990356,-121.89540425588895,-82.86642456054688,-113.26264953613281
-83.3567734285814,-110.25084920093913,-74.52156403656231,-120.9950598268027,-81.6814193725586,-112.28819274902344
-82.16418620859305,-109.29822864226254,-73.40752905304501,-120.11190145332958,-80.51068115234375,-111.34015655517578
-80.96029826948633,-108.35102718075768,-72.27709181681733,-119.21562913529343,-79.3272476196289,-110.39433288574219
-79.74104442088502,-107.4057627311406,-71.14251801649573,-118.31948026573001,-78.12976837158203,-109.45088195800781
-78.51131322244574,-106.46057802609843,-69.99631837220007,-117.41787641613519,-76.91881561279297,-108.50984191894531
-77.29741153811602,-105.54338560269765,-68.87022345827322,-116.53661016095205,-75.7249526977539,-107.59465026855469
-76.06378669833165,-104.64308325543487,-67.71700845428104,-115.63891605523946,-74.51847839355469,-106.6788330078125
-74.798822698684,-103.76808077963321,-66.55111655993602,-114.74431674037336,-73.29975891113281,-105.76306915283203
-73.50828139810694,-102.9133919253609,-65.36839054384063,-113.84504140840596,-72.06884765625,-104.84651184082031
-72.24133969643243,-102.07720925757687,-64.21121793350166,-112.96922719226632,-70.85787963867188,-103.95372772216797
-70.96860604342456,-101.2347223183036,-63.04416549106452,-112.08372728029465,-69.63500213623047,-103.06050109863281
-69.68353715113238,-100.39467092323616,-61.867115218209506,-111.18835176804816,-68.40045166015625,-102.1664810180664
-68.40085375237787,-99.53309858644472,-60.6905112307506,-110.29300406629707,-67.1539077758789,-101.27323150634766
-67.1474870246479,-98.68805388831045,-59.533789292603075,-109.4131445042622,-65.92938232421875,-100.40394592285156
-65.89511010884581,-97.8253053116501,-58.36882419617164,-108.52625711231362,-64.69305419921875,-99.5344009399414
-64.64162434586959,-96.94740503189597,-57.19942908408736,-107.63772468068153,-63.44534683227539,-98.6657943725586
-63.381399399461735,-96.06874205164868,-56.01344347899978,-106.73611060352272,-62.18762969970703,-97.79708862304688
-62.100719752223846,-95.19726370214057,-54.82968142113248,-105.83620011536864,-60.91727066040039,-96.92887878417969
-60.84322124711202,-94.35337763825468,-53.66798230860118,-104.95457836182146,-59.67097091674805,-96.08534240722656
-59.57697107886904,-93.50891580620964,-52.49496423016127,-104.06489948531774,-58.41415023803711,-95.24214172363281
-58.300752152592366,-92.66076030933077,-51.31982142789792,-103.17688567463782,-57.145992279052734,-94.40029907226562
-57.0162533230563,-91.81223205787904,-50.13616793218282,-102.28264310982189,-55.86761474609375,-93.5602798461914
-55.72298197013599,-90.96160495231022,-48.93881531626767,-101.3817513548318,-54.57780838012695,-92.72053527832031
-54.46050062248777,-90.12899272284821,-47.7664399908458,-100.5020808668044,-53.314292907714844,-91.9051513671875
-53.196647681031315,-89.2886608555532,-46.57030609082259,-99.61089529724887,-52.041507720947266,-91.08808898925781
-51.927712868633606,-88.44093978905332,-45.374144471099655,-98.71943730127776,-50.760616302490234,-90.27139282226562
-50.65642337812563,-87.59067220512075,-44.14966518729857,-97.81155357140098,-49.47206115722656,-89.45108032226562
-49.37365037457031,-86.74020930940667,-42.925908905946116,-96.90589169066787,-48.17573928833008,-88.62886810302734
-48.08592871638415,-85.88753566934008,-41.68700475404979,-95.9920572076104,-46.87254333496094,-87.8035888671875
-46.8283368607626,-85.0535808143288,-40.48185886748171,-95.105057421598,-45.59950256347656,-86.99979400634766
-45.56771448772751,-84.21190595897012,-39.266746926236216,-94.21249713196248,-44.31936264038086,-86.19322967529297
-44.303795658758645,-83.36173559490088,-38.046684630520716,-93.31923879383447,-43.032623291015625,-85.3846664428711
-43.035845125072555,-82.50464995454796,-36.82061282004455,-92.4219877041069,-41.73900604248047,-84.5739517211914
-41.76636147099734,-81.63451404083162,-35.589976723608686,-91.52302698144915,-40.437957763671875,-83.76131439208984
-40.50156273358678,-80.74317534190276,-34.35593047135311,-90.62289000875441,-39.13017654418945,-82.94781494140625
-39.27812035686064,-79.8582056411197,-33.15178722142436,-89.74602209338104,-37.85382080078125,-82.1570053100586
-38.048644324148924,-78.96847496035132,-31.942032959409126,-88.86647495588929,-36.57009506225586,-81.36500549316406
-36.81531722367577,-78.07562622884343,-30.72429855845228,-87.98268183155223,-35.28044128417969,-80.57210540771484
-35.57469664414864,-77.17973543302773,-29.502087777497614,-87.096249122485,-33.983612060546875,-79.77796173095703
-34.3325692102039,-76.28094528818173,-28.270713423689813,-86.20535426225992,-32.68213653564453,-78.98301696777344
-33.08361735560764,-75.37896922213297,-27.040068248101278,-85.31559499377067,-31.375099182128906,-78.18806457519531
-31.831518151623857,-74.47824822082399,-25.79353146019724,-84.4167209488682,-30.062244415283203,-77.39045715332031
-30.572821176766034,-73.57473541049075,-24.549677856417432,-83.52125039513031,-28.74516487121582,-76.5928955078125
-29.312186914018916,-72.67339015661895,-23.290745199061035,-82.61740187764707,-27.423433303833008,-75.79254150390625
-28.083875392995306,-71.79529943116604,-22.071773687229722,-81.74323009758477,-26.137718200683594,-75.01551055908203
-26.851638407983092,-70.9159783795759,-20.84335244414574,-80.86492736618703,-24.846721649169922,-74.2358627319336
-25.61479630690874,-70.03512771495664,-19.610162240160356,-79.98552852327386,-23.551502227783203,-73.45425415039062
-24.37496730701824,-69.15323941139167,-18.36874297934324,-79.1026695318062,-22.25208854675293,-72.66983032226562
-23.13130019620823,-68.27146630192165,-17.127127934637205,-78.21091134163295,-20.94963264465332,-71.88304901123047
-21.881245026354666,-67.38769844870872,-15.882290643060896,-77.31729253452075,-19.642486572265625,-71.09333801269531
-20.62868372031676,-66.49997531250045,-14.633221863269208,-76.422155129451,-18.331729888916016,-70.30131530761719
-19.37483729841528,-65.61494273299192,-13.376777967604543,-75.53124503566798,-17.020084381103516,-69.50794219970703
-18.115285805722053,-64.72514987098134,-12.119977178303971,-74.6524822755693,-15.706099510192871,-68.71440124511719
-16.850829508862255,-63.8283162465894,-10.841127308410456,-73.76815891203138,-14.381041526794434,-67.91326141357422
-15.623345787768828,-62.94766210315515,-9.6011645410027,-72.91481759199293,-13.093242645263672,-67.13516998291016
-14.400547111421808,-62.05124773913337,-8.345809766087534,-72.07191168124193,-11.800630569458008,-66.35414123535156
-13.179670116866841,-61.14045681156514,-7.083328409469804,-71.22905739439456,-10.502985000610352,-65.56999969482422
-11.949141628221895,-60.225735794912296,-5.81775138616828,-70.3847210351853,-9.198737144470215,-64.78282928466797
-10.71516398159022,-59.316691578210374,-4.5451139801800355,-69.52154119419869,-7.8890180587768555,-63.99094772338867
-9.467832728833558,-58.40696442013496,-3.279551907951902,-68.64035052807468,-6.572528839111328,-63.194847106933594
-8.214535558589075,-57.49553433013752,-2.0129470289867815,-67.74553236061152,-5.250288486480713,-62.39484786987305
-6.990735498737159,-56.61595616743796,-0.7833066080660598,-66.87177280577139,-3.9641644954681396,-61.61640930175781
-5.756136276718357,-55.740978075182156,0.45096750274491404,-65.99189959982334,-2.6721737384796143,-60.83408737182617
-4.512514705058086,-54.86932806566875,1.689735386500923,-65.10212712422609,-1.3740752935409546,-60.04729080200195
-3.261389938661204,-53.9972756954225,2.9326497505370805,-64.20757329176327,-0.07080109417438507,-59.25666427612305
-2.0018112460917896,-53.12310021825311,4.179525005097133,-63.30792024998199,1.2384798526763916,-58.462039947509766
-0.7367652980682413,-52.25066903234835,5.430108747182057,-62.40644308235452,2.5509960651397705,-57.665042877197266
0.5308386027589367,-51.379342705902175,6.689699729821866,-61.49737702783518,3.8687150478363037,-56.862945556640625
1.8040471897012522,-50.50955552397679,7.952438145514715,-60.58520329818395,5.189287185668945,-56.05710220336914
3.0384581827532826,-49.66606394070961,9.177585153011243,-59.69943371143188,6.4696125984191895,-55.27370834350586
4.275632600118429,-48.8233152845569,10.408192812143026,-58.80887470235111,7.75302791595459,-54.48550796508789
5.519418752438878,-47.979214128583585,11.638988812131036,-57.917181906081,9.038439750671387,-53.6939811706543
6.766421324642318,-47.136180387954724,12.875064160388595,-57.020809263359375,10.326986312866211,-52.897666931152344
8.021384526430882,-46.29115731586195,14.10857165093344,-56.123652095807046,11.616982460021973,-52.09904479980469
9.27795424286862,-45.44742982457402,15.349396944927188,-55.22203373144548,12.910502433776855,-51.29558181762695
10.540834454405902,-44.60187231009526,16.58922659025269,-54.32004331534002,14.205310821533203,-50.48971939086914
11.80486135903492,-43.761128898453876,17.83386935655686,-53.413677861750934,15.501770973205566,-49.67994689941406
13.073047199283124,-42.91709126680742,19.078585671215585,-52.506436217217534,16.79945945739746,-48.86724090576172
14.343877643252583,-42.07383948545236,20.32404025329518,-51.59837596252942,18.097522735595703,-48.05222702026367
15.614338820119789,-41.23246901381918,21.57272000373198,-50.68856310493034,19.395994186401367,-47.234046936035156
16.89103018842445,-40.389845155423785,22.819086379853978,-49.778795462306874,20.694656372070312,-46.41408920288086
18.163410502053452,-39.552218227987694,24.069827777971348,-48.86789648256405,21.992368698120117,-45.59130096435547
19.44257372877093,-38.71315902608233,25.31660768054835,-47.960293632258484,23.288679122924805,-44.76784896850586
20.71839504818705,-37.87846698256557,26.565104790670237,-47.05302137465685,24.5831241607666,-43.94293212890625
21.996269281237762,-37.04513612244944,27.81319414905885,-46.1467355003925,25.876447677612305,-43.116355895996094
23.275147585000425,-36.2142175069762,29.060568520564622,-45.24316437759135,27.167648315429688,-42.28900146484375
24.559372844063464,-35.38568033618455,30.306865299224228,-44.34399145921068,28.457487106323242,-41.461463928222656
25.838869996190176,-34.55935224218824,31.554289429313695,-43.447878457533456,29.744762420654297,-40.633731842041016
27.121040347779473,-33.73340265092459,32.80020655438394,-42.55276169936323,31.03107452392578,-39.805419921875
28.404614359679055,-32.9086873217663,34.045165150983095,-41.65977370341125,32.316078186035156,-38.97716522216797
29.693401791750855,-32.08254202698446,35.28802114691456,-40.768409029353336,33.60113525390625,-38.149452209472656
30.980730842291845,-31.25773324383735,36.53139744849632,-39.87765641332375,34.885841369628906,-37.32218551635742
32.27235229172164,-30.429008538290944,37.77256580093131,-38.990191868229,36.17063522338867,-36.49675750732422
33.56274865774245,-29.600799484416168,39.01516644323182,-38.10348405107916,37.456199645996094,-35.67237854003906
34.85142626054236,-28.775658774830248,40.26014145593545,-37.21652566194257,38.74252700805664,-34.84812927246094
36.146453342183854,-27.94990583172466,41.503733228834676,-36.334094723371194,40.02899169921875,-34.0261116027832
37.43753499846409,-27.12575434640239,42.75044839737977,-35.450460342517395,41.31685256958008,-33.204185485839844
38.727612875692586,-26.304469140462466,43.99873041016885,-34.56898616775966,42.604469299316406,-32.38294219970703
40.022203420409795,-25.484500897531607,45.24932626161885,-33.69166673221533,43.893089294433594,-31.562223434448242
41.31506314269617,-24.669247896330262,46.50480730246329,-32.81978257723995,45.18164825439453,-30.741750717163086
42.61548901608175,-23.85290522583805,47.761539419264395,-31.954870914834956,46.47089385986328,-29.92287254333496
43.92146691085871,-23.03956620641962,49.021141869114075,-31.095039884950864,47.76173782348633,-29.10567855834961
45.23256214510629,-22.231042027733878,50.284533480340585,-30.242068219099487,49.05398178100586,-28.290754318237305
46.54805556063145,-21.42647119844149,51.55186873704805,-29.396856276166496,50.347599029541016,-27.478620529174805
47.87299951101497,-20.63003822983046,52.82581744135432,-28.563407103738015,51.64350128173828,-26.669586181640625
49.19915456618879,-19.83430958997855,54.101607308097925,-27.735234000951912,52.940879821777344,-25.864574432373047
50.52674810780367,-19.044952044288934,55.3825730660224,-26.91500229759221,54.239925384521484,-25.06306266784668
51.85685349022999,-18.261033406700395,56.66734329598063,-26.103303912940383,55.54005813598633,-24.265554428100586
53.19050587501088,-17.480756929666676,57.955583877812444,-25.30047142655551,56.84162902832031,-23.47241973876953
54.52744235278404,-16.703887811782934,59.24814269870774,-24.504597352780788,58.14586639404297,-22.683143615722656
55.871363014090925,-15.929686528455893,60.54280314985658,-23.716056483796432,59.45271682739258,-21.899097442626953
57.214639605896686,-15.160542087742915,61.84711223761103,-22.939014547551327,60.76304244995117,-21.118732452392578
58.563064617871035,-14.399039582743166,63.15270765505714,-22.164990817317342,62.075843811035156,-20.342872619628906
59.90854671956687,-13.639252907613539,64.46241664462059,-21.39934579086481,63.389915466308594,-19.571733474731445
61.2524200358852,-12.88571886359215,65.77742301406175,-20.640297693941594,64.70581817626953,-18.803869247436523
62.59719084336743,-12.136683323745512,67.09695110117777,-19.889566486452566,66.02307891845703,-18.03933334350586
63.94352202868173,-11.391963702856174,68.41925175268896,-19.146588514111997,67.34111022949219,-17.278606414794922
65.28871947120138,-10.65281374371571,69.7460681982672,-18.411588073684413,68.65991973876953,-16.52096176147461
66.63463033264587,-9.918612286788786,71.07704755986924,-17.685156440946674,69.97942352294922,-15.766213417053223
67.98201398383874,-9.191009423291083,72.41102335164588,-16.96553013606133,71.29940795898438,-15.014241218566895
69.3345284104091,-8.471755303590786,73.74647630802669,-16.249354876646454,72.62067413330078,-14.264735221862793
70.68489133773895,-7.753478767515354,75.08278286124634,-15.538544533163416,73.94163513183594,-13.518506050109863
72.0383300381302,-7.037156377042623,76.41974126642909,-14.832650697875282,75.2635498046875,-12.775531768798828
73.38889482493377,-6.325681476061397,77.75898252417686,-14.129106872493436,76.58615112304688,-12.034846305847168
74.74398360538062,-5.6156604690766825,79.09789332558152,-13.429147130969548,77.909912109375,-11.29720687866211
76.09809469975272,-4.907927434127451,80.43889037546523,-12.732801547280653,79.23478698730469,-10.562241554260254
77.45286562976332,-4.200610942061962,81.77905843055899,-12.035534794822361,80.5611572265625,-9.829862594604492
78.80753499317377,-3.498087197346628,83.12008166463615,-11.339095485749926,81.88848876953125,-9.099831581115723
80.16195055349431,-2.794073183165194,84.45950193502684,-10.643518962687077,83.21631622314453,-8.372849464416504
81.51631984151479,-2.090476460679321,85.7986993290575,-9.94837567784222,84.54534912109375,-7.648556232452393
82.87088937966587,-1.3865065995621917,87.13678771040017,-9.254218251184213,85.87522888183594,-6.927491188049316
84.22250238089536,-0.6846888430467635,88.4763822327687,-8.559297197348519,87.20641326904297,-6.208382606506348
85.57417496736556,0.01688614143085143,89.81329910259433,-7.8665449465271164,88.53694152832031,-5.492923259735107
86.92713027342167,0.7169348225320373,91.14830805469663,-7.172497551412327,89.86848449707031,-4.780491828918457
88.27635148502198,1.4174403514844833,92.48300888592053,-6.481254424199022,91.19965362548828,-4.071542739868164
89.62524769945796,2.116784276745304,93.81911468711571,-5.788265385093556,92.53304290771484,-3.3641395568847656
90.97695942553196,2.8161430104316123,95.15287043562094,-5.095991849491577,93.8671875,-2.6599972248077393
92.32875259279132,3.514296320599616,96.48756303829546,-4.405075457738729,95.20281219482422,-1.958601951599121
93.67837213520154,4.21018436236364,97.8255768132181,-3.7158309721449942,96.54002380371094,-1.2589199542999268
95.03262779691855,4.90620177226492,99.16365391990595,-3.028387640907627,97.87936401367188,-0.5616123676300049
96.38694989710227,5.599644959647198,100.50333097437192,-2.343191133667896,99.21996307373047,0.13315415382385254
97.74308064414922,6.291585739126158,101.84675194952358,-1.658811958438858,100.56378936767578,0.8267825245857239
99.10588169656579,6.982617508064549,103.18888954435081,-0.9781599921232873,101.90922546386719,1.5168440341949463
100.46331601342425,7.672544014864129,104.53646413186937,-0.29713347436850723,103.25726318359375,2.2058000564575195
101.82651294836674,8.36400422141205,105.88185848531816,0.3822349305424484,104.60694122314453,2.8915390968322754
103.18627923905397,9.052874433374246,107.23069292768496,1.065502353379384,105.95933532714844,3.5763251781463623
104.54870900717019,9.742823144693885,108.57829089024756,1.7482324503892324,107.3129653930664,4.258606910705566
105.91290418038538,10.434114492683449,109.92700447359891,2.4329283709837153,108.66962432861328,4.9392266273498535
107.27772998755556,11.123669082776525,111.27682646509948,3.1163894701130137,110.02769470214844,5.617491245269775
108.63929629594361,11.813556950283811,112.62895058123941,3.8010515822423034,111.38738250732422,6.29451847076416
109.99940047805698,12.502554221462237,113.98228333684935,4.486258501938998,112.74797821044922,6.9705281257629395
111.35378149335946,13.189190301883722,115.33817342459677,5.173240906894205,114.108642578125,7.646857261657715
112.70918529481737,13.875662951726664,116.69406490800728,5.859518526567145,115.46932220458984,8.323260307312012
114.06378504888498,14.562866136214328,118.05151008564125,6.546548109815986,116.83078002929688,9.000518798828125
115.4161551603856,15.24871304755829,119.40812681790104,7.23573018510837,118.19126892089844,9.678297996520996
116.7712571216171,15.93645135537961,120.76518862496961,7.924023988145952,119.5525131225586,10.356833457946777
118.12797142169758,16.6239185706237,122.12139434226496,8.612329386231087,120.91365051269531,11.035300254821777
119.48283396903709,17.312255943713858,123.47938639089573,9.302269006397237,122.275634765625,11.71485710144043
120.83987240279976,18.002352813236936,124.83610523945316,9.991520877347641,123.63750457763672,12.394230842590332
122.19234638834551,18.690966114459403,126.19676511652942,10.683383800167881,125.00038146972656,13.075776100158691
123.54971185650678,19.382297434893324,127.55424744159212,11.374257748920222,126.36270904541016,13.757027626037598
124.90592297762235,20.072383976288876,128.9163019157779,12.067190609936352,127.7272720336914,14.440635681152344
126.26789535558805,20.76648435761785,130.27425817778166,12.75982548322331,129.09161376953125,15.123323440551758
127.63125101744052,21.459586654803907,131.6352327458716,13.451790885955537,130.45787048339844,15.806466102600098
128.9969908192227,22.155175057048098,132.99629241814125,14.14433923891776,131.8256072998047,16.489290237426758
130.36418909433792,22.851717860276608,134.35987432498194,14.837341691763594,133.19570922851562,17.172374725341797
131.736550390828,23.54995085264686,135.7245489792735,15.532216450146986,134.56898498535156,17.855438232421875
133.11264912569402,24.25012870543135,137.08863375680372,16.22672383898913,135.9438934326172,18.536771774291992
134.48911860698308,24.951118734600588,138.45582344756772,16.922745933975772,137.3219451904297,19.217647552490234
135.86855790241725,25.65358311238147,139.82440460202702,17.619019061944158,138.70262145996094,19.897428512573242
137.24906546130967,26.354043802517978,141.19473048636328,18.31750201898496,140.08566284179688,20.576454162597656
138.63180880766384,27.05709396813891,142.5681739931849,19.01507874734546,141.47181701660156,21.254941940307617
140.01517958663254,27.759977636162233,143.94422502681425,19.713092373038926,142.8603515625,21.932920455932617
141.4019009582568,28.46349699434713,145.32294038041218,20.411383750142008,144.25201416015625,22.6106014251709
142.7841349898111,29.164414719054456,146.70460453226116,21.109990945551935,145.64431762695312,23.288301467895508
144.16373575679484,29.862911191855552,148.08867925367258,21.809811005581217,147.03721618652344,23.96717643737793
145.54723801609148,30.562047632082418,149.47307414628716,22.509597408462596,148.43113708496094,24.646759033203125
146.92658886986482,31.259965899995215,150.86096405955354,23.209960474504364,149.8256378173828,25.328310012817383
148.3084677200047,31.958324537849247,152.24809795248697,23.913414154406944,151.22067260742188,26.011465072631836
149.69233175655447,32.6563698332881,153.6358110565267,24.614314707301137,152.6153564453125,26.695358276367188
151.02570872643727,33.330939867016035,154.97796429868094,25.292452414190898,153.96253967285156,27.357723236083984
152.35793360808765,34.005180808391366,156.31981121271633,25.969773368127928,155.30831909179688,28.021263122558594
153.6907758101759,34.680040106297525,157.66266950881106,26.647442271901365,156.65426635742188,28.686796188354492
155.02664450727983,35.3553037294139,159.0049297814463,27.324653556693196,157.99990844726562,29.353410720825195
156.35784087342574,36.02966325063641,160.34774916804906,28.001678571029853,159.3439483642578,30.021398544311523
157.6963781370601,36.7060763187327,161.68935852106623,28.679733439923464,160.6890106201172,30.6905460357666
159.04180796721124,37.38441903822798,163.0262241584986,29.35903394541295,162.03370666503906,31.358156204223633
160.3830911062612,38.06342961417113,164.3663775228079,30.0369902433488,163.3793182373047,32.025943756103516
161.72740957018314,38.74480850677442,165.70414405292865,30.714846365979835,164.72483825683594,32.69229507446289
163.0706480453967,39.42714480791442,167.04308335785987,31.39362163064774,166.0716094970703,33.35824966430664
164.40831027804884,40.10804812601604,168.38278118160045,32.0745324548711,167.41810607910156,34.024410247802734
165.7455536300728,40.78876322389271,169.7231348533186,32.75657291863367,168.76499938964844,34.69139862060547
167.08429644953404,41.471357157149725,171.0598052706402,33.43725482838571,170.1099090576172,35.35689926147461
168.41836029647118,42.15014425761605,172.39881239293896,34.12308876340874,171.45599365234375,36.02439498901367
169.75711395163663,42.83376504146301,173.7363640849457,34.80469293445227,172.80140686035156,36.69118881225586
171.08517445032405,43.51259063480338,175.07847864896027,35.488163797033955,174.1466522216797,37.36064147949219
172.42085489716195,44.1939075010126,176.41863411163163,36.171231294464334,175.4918975830078,38.03099060058594
173.75102382249705,44.8731570158954,177.75997820941504,36.85433778855644,176.8358154296875,38.70287322998047
175.08924604414872,45.55600951652639,179.0995941811121,37.53690597786988,178.1802520751953,39.37522506713867
176.42849961935318,46.239974766813454,180.43930595019202,38.21963609920568,179.5251007080078,40.04775619506836
177.77045642465023,46.92254143529729,181.77796103919968,38.90175235932681,180.8697052001953,40.719573974609375
179.10710504558983,47.60498179118326,183.11484892797966,39.58762745024415,182.21327209472656,41.39120101928711
180.49386106446724,48.31306717125536,184.49690486457732,40.291558167763576,183.60223388671875,42.084346771240234
181.87049458169452,49.015945722192356,185.87436191647197,40.99289735771096,184.98524475097656,42.774532318115234
183.24394130547824,49.71700307162113,187.2431203046993,41.689488264785375,186.36109924316406,43.4599609375
184.60784985258104,50.41311920178251,188.60518912138733,42.38312796583106,187.7299346923828,44.1413688659668
185.95900610420207,51.10277594126849,189.9604042233754,43.07245763328725,189.09007263183594,44.81910705566406
187.30388479339632,51.788363030287805,191.30853648076055,43.75882190869804,190.4431610107422,45.49394607543945
188.64170837157465,52.46709551271769,192.64873634784934,44.43955417273436,191.7874755859375,46.164974212646484
190.01387828582548,53.16674609303473,194.030236572425,45.1412416070717,193.17132568359375,46.857521057128906
191.37890946744585,53.862498554532884,195.3996783467198,45.84193790728094,194.54527282714844,47.54629135131836
192.73258422454643,54.55275363017016,196.76511451095385,46.536841870232486,195.91152954101562,48.23360824584961
194.0693964965499,55.23493882494274,198.12466053748,47.228243449146426,197.26759338378906,48.920433044433594
195.40450771477666,55.916332825704245,199.47511819180255,47.91476524888371,198.61483764648438,49.605812072753906
196.73718403221045,56.59228098273557,200.81683985479071,48.59748132479234,199.95367431640625,50.289005279541016
198.10556786399292,57.290912273642675,202.19627843719843,49.299371227516765,201.3292694091797,50.99314498901367
199.47291677935112,57.98935050332265,203.56452016495905,49.99621428979996,202.69606018066406,51.69279098510742
200.82641022603647,58.680914274106286,204.9255918430809,50.69372215718428,204.054931640625,52.39019012451172
202.1687644257762,59.367641477775166,206.28156624561075,51.38438132898172,205.40505981445312,53.08574676513672
203.50388426155655,60.050654597117244,207.6296474038535,52.07186966697598,206.7466583251953,53.779476165771484
204.82854430018446,60.729703678116685,208.97027491230236,52.75588492768767,208.07911682128906,54.47157669067383
206.19360529390866,61.42353966424501,210.3458571996095,53.45954499306434,209.44650268554688,55.18450164794922
207.5379982963365,62.112967298721976,211.71489991637696,54.159035655851625,210.80245971679688,55.89656448364258
208.87991913044743,62.80177115793248,213.07701870995766,54.85623227587659,212.15115356445312,56.60898971557617
210.20625462153856,63.48266872044721,214.42977343753248,55.552578675941895,213.48794555664062,57.32095718383789
211.51578616268404,64.1557290983302,215.7804119737556,56.24449039549959,214.8146209716797,58.03611373901367
212.8600757628364,64.84671790308609,217.16466259094307,56.95487552747664,216.17127990722656,58.776100158691406
214.17958264926213,65.5256478793354,218.54644862320416,57.66511948546751,217.5146484375,59.52239990234375
215.48989538106224,66.2000579134203,219.92118966263695,58.37303086509381,218.8442840576172,60.275177001953125
216.78932938900735,66.86410281620576,221.29095883191428,59.079938364291074,220.1597900390625,61.03594207763672
218.07309593046037,67.52573402758841,222.65587932154148,59.787306175935164,221.46031188964844,61.80612564086914
219.35399014146572,68.18563026531251,224.01199349162243,60.494321112490205,222.74598693847656,62.584754943847656
220.67146202318145,68.86653037351302,225.40316565326304,61.21840866957445,224.05630493164062,63.395416259765625
221.98043943649526,69.54693412028898,226.78763182579837,61.94168442278042,225.35133361816406,64.2139892578125
223.28658944426266,70.22978280529084,228.1629310528789,62.66545688676054,226.63232421875,65.03977966308594
224.58881018166994,70.91185568838254,229.5312826443115,63.389193788150365,227.8997344970703,65.87248229980469
225.87190858154847,71.59390401207769,230.89821738832293,64.1158406071642,229.15184020996094,66.71407318115234
227.14794146237335,72.27965077513092,232.25037763233206,64.85548594236695,230.38876342773438,67.56417846679688
228.44877245532328,72.99056379230765,233.6364805858801,65.62020353851392,231.6455535888672,68.44878387451172
229.7408168445406,73.70673158492545,235.01355721106097,66.39327271990906,232.8865509033203,69.34349822998047
231.0153409748058,74.4328252055348,236.38135100496615,67.1762544113219,234.10983276367188,70.24807739257812
232.27029533137176,75.16956059996551,237.73773415790714,67.97778793795008,235.31515502929688,71.1644058227539
233.49855253465196,75.92492008525711,239.08111799992201,68.79987000190343,236.5006866455078,72.0932846069336
234.74667903723997,76.71937610592596,240.44497596539034,69.66083881775748,237.69979858398438,73.06131744384766
235.9670816498222,77.53208001606964,241.79500825303415,70.54772540942561,238.8775634765625,74.04407501220703
237.1637740542063,78.3643800440867,243.1256309806002,71.45823855263639,240.0325927734375,75.04117584228516
238.3382435043691,79.21093704285697,244.43870025104044,72.39341245282266,241.16372680664062,76.05333709716797
239.4976542216441,80.07354079967547,245.72592855078804,73.35132494998473,242.27149963378906,77.0797119140625
240.61652803902592,80.97037537059822,246.98557279529427,74.34698279194254,243.35546875,78.12205505371094
241.75502741885944,81.90018918083841,248.26372867113116,75.37876650508052,244.4427490234375,79.20721435546875
242.87273467654262,82.84994668914405,249.51323145220215,76.43382433698393,245.5050048828125,80.3066177368164
243.96700391732668,83.8188646525032,250.7315436493681,77.52038171693273,246.54246520996094,81.42084503173828
245.0454585664122,84.80263844710514,251.9112683942522,78.6296444795019,247.55465698242188,82.54663848876953
246.0865460769905,85.81340914835073,253.0627148241043,79.76338895807541,248.54141235351562,83.6844482421875
247.13869530040276,86.86544903485562,254.21481118179983,80.94598308668294,249.5294189453125,84.86550903320312
248.16496389846148,87.94174700486113,255.32896379464387,82.1423403685183,250.49365234375,86.05662536621094
249.1566251339145,89.03862435257768,256.410519115868,83.36050092945742,251.43304443359375,87.2567138671875
250.12135355176824,90.15718229136698,257.45961997653916,84.58950628718563,252.35047912597656,88.46590423583984
251.0474986398769,91.2907061418409,258.484808746764,85.84417539530239,253.24215698242188,89.68350219726562
251.95497055424036,92.43342287434646,259.47584537157115,87.11481591754901,254.10940551757812,90.90985107421875
252.86097046148876,93.61695804734761,260.46510932230467,88.43803912658717,254.9733123779297,92.17831420898438
253.73591741046982,94.81225843204354,261.43255667087413,89.77698022775148,255.80914306640625,93.45591735839844
254.58059437870145,96.02239705496578,262.3712670092615,91.12291120778384,256.6175537109375,94.74137115478516
255.4019649719719,97.23938161924666,263.2818344678808,92.48973131620942,257.3980407714844,96.0362319946289
256.18785837091957,98.47036983231314,264.16196163566184,93.87236059366072,258.1494140625,97.33930206298828
256.96771935357526,99.74007408140054,265.0209636197906,95.31298737854227,258.888671875,98.68407440185547
257.7136353750286,101.0184650968325,265.863618278223,96.77198469900746,259.5943908691406,100.03851318359375
258.4223769781626,102.30932797500185,266.66855114154896,98.24832098068096,260.2656555175781,101.40156555175781
259.0950194545823,103.61115258143285,267.43283068667614,99.74077173611546,260.9019775390625,102.77236938476562
259.73654094183206,104.92514260568143,268.15342881432804,101.23803528675462,261.50555419921875,104.15020751953125
260.33647450071953,106.29336570101093,268.84664326712755,102.77708262915117,262.0914611816406,105.56822967529297
260.90965053038553,107.67121940122155,269.4899784651846,104.31175660917407,262.6483154296875,106.990478515625
261.4491132271331,109.06405516969114,270.09140657129944,105.8536299140951,263.1797790527344,108.42115020751953
261.9538008584241,110.46716254442909,270.66114211829927,107.4215156507853,263.68377685546875,109.86205291748047
262.4201140878594,111.88464780021701,271.193672043119,108.99916351313159,264.16070556640625,111.31219482421875
262.84436722885533,113.31537411186599,271.6946096406485,110.59471201717284,264.60968017578125,112.77269744873047
263.2383635831622,114.75575826903537,272.1649679763495,112.19897132150426,265.0306396484375,114.2424087524414
263.6223315536668,116.20424901326452,272.604896898468,113.81094602690867,265.42535400390625,115.7238540649414
263.9726208160032,117.62554324981328,273.00720837284763,115.40889130276338,265.782958984375,117.1813735961914
264.3042789539651,119.0619829324253,273.3745629631815,117.01200778057641,266.115478515625,118.65263366699219
264.60737994849046,120.50915872448462,273.70983897541896,118.6374606138824,266.4205627441406,120.13632202148438
264.8765626348824,121.96918103343975,274.0121303220582,120.28133354358118,266.6970520019531,121.6328353881836
265.1172553739435,123.44249299667463,274.27527610271324,121.94139504872047,266.944580078125,123.14297485351562
265.30477766517,124.92969039849392,274.4992015862676,123.62165077385818,267.16119384765625,124.66558837890625
265.45422260336426,126.38749714329593,274.67988041787714,125.28214784288977,267.3404235839844,126.16150665283203
265.5669968795803,127.84977543741773,274.81904844927755,126.97077453456015,267.4835205078125,127.66769409179688
265.6412793747012,129.31729729859842,274.9141612603733,128.67809084845734,267.5879821777344,129.18310546875
265.6786381794854,130.79500461741796,274.96355995970134,130.37749989389994,267.6564636230469,130.70606994628906
265.67082622443206,132.27947417786618,274.96601690615614,132.08056428991813,267.689208984375,132.2362823486328
265.61523071444464,133.77436125270245,274.92087931971207,133.76474673780615,267.6907958984375,133.772216796875
265.52250664926135,135.24005239436676,274.83570093109296,135.38581359598086,267.66729736328125,135.27362060546875
265.4030488573218,136.71086650564826,274.71600007615893,137.00411801214426,267.6198425292969,136.78067016601562
265.2560128592174,138.1858617410986,274.56367493308215,138.61169449888078,267.5507507324219,138.2908477783203
265.07846080836754,139.66248703390005,274.3727811765401,140.22363518243762,267.4592590332031,139.8062286376953
264.8760966476626,141.14320870795657,274.14964420333564,141.82689531963436,267.3472595214844,141.3253936767578
264.64850856349824,142.62625384876344,273.89479089297987,143.42172468919372,267.2163391113281,142.84716796875
264.3923187647245,144.1084971771359,273.60942103889874,145.02015975830983,267.0654296875,144.37289428710938
264.1081117979781,145.5920351225461,273.3008955881662,146.6113853104893,266.8959655761719,145.9011688232422
263.80952926139935,147.03644117840867,272.97867702627786,148.15813271223507,266.713623046875,147.39170837402344
263.4872939357561,148.4800881440338,272.6328848705199,149.70312657856195,266.5139465332031,148.8848419189453
263.1417027658268,149.92360741739526,272.26050392664155,151.24301518928107,266.2975769042969,150.38023376464844
262.78015131409535,151.3705104398961,271.8787911411094,152.77799797911894,266.0657653808594,151.87876892089844
262.4015764671515,152.81615241099408,271.4797675685546,154.31335573392656,265.8182373046875,153.379638671875
262.00127947116454,154.26676277986826,271.0650876898828,155.83851079827352,265.5574645996094,154.88343811035156
261.59054232900684,155.71646364777942,270.6354125435911,157.36611604670375,265.28271484375,156.38986206054688
261.1658520100982,157.17423788222837,270.1909733436284,158.8825611622414,264.9969787597656,157.8994140625
260.7316151081206,158.6301839941302,269.72989579457504,160.40251070821716,264.6991271972656,159.41163635253906
260.29913808059183,160.04918325380814,269.2705184985855,161.8798459881431,264.3983459472656,160.88565063476562
259.8595914319709,161.46954554449277,268.7935967994344,163.35591907078808,264.08660888671875,162.362060546875
259.41362457454545,162.89678586636518,268.3114848858149,164.82627636514627,263.7659912109375,163.84059143066406
258.9631395853259,164.31834429476118,267.8156971570848,166.30513755422353,263.43359375,165.3216552734375
258.5008214302988,165.745675423968,267.3100289987022,167.77612794050654,263.0919494628906,166.80389404296875
258.0318123906639,167.1692760796094,266.79117457075523,169.24852954191653,262.73992919921875,168.286865234375
257.5571266461893,168.59014322167113,266.26211145287243,170.71633809284432,262.37823486328125,169.7677001953125
257.07541915274396,170.00695404613862,265.7321948192761,172.1767425081047,262.00836181640625,171.24337768554688
256.5890431965599,171.41082608715973,265.19751792883915,173.62998791993462,261.63018798828125,172.7103729248047
256.0934355511531,172.80815697502408,264.66780938223445,175.07171771614603,261.2453308105469,174.168212890625
255.5909110982543,174.19065968718894,264.1388079786648,176.50683146524247,260.8529052734375,175.61647033691406
255.07043240143128,175.60480412904798,263.59900183724784,177.97333341276544,260.4418640136719,177.09654235839844
254.5505571828326,177.0098137937038,263.06312716894894,179.431247927342,260.023681640625,178.56666564941406
254.03214563705004,178.40486474517547,262.53034103749036,180.88312421147904,259.5975646972656,180.02786254882812
253.51338582487543,179.79236839641084,262.00009504338175,182.32774502609098,259.16363525390625,181.48036193847656
252.99756761206612,181.1745764136158,261.4689278013764,183.7613525160181,258.72314453125,182.92291259765625
252.49202335979675,182.543747127297,260.9454077603805,185.19518263708227,258.2733154296875,184.35707092285156
251.97902487462025,183.95307787408532,260.4121973244141,186.65641347487738,257.8042297363281,185.82040405273438
251.46799367242062,185.34571164700776,259.8805323110504,188.11503911286508,257.3257141113281,187.27401733398438
250.95809546280654,186.7342379329052,259.3522411418353,189.5666346979771,256.8383483886719,188.7183837890625
250.45107175581418,188.11356634408682,258.8274695375067,191.01268072693153,256.3420104980469,190.15245056152344
249.94447482013044,189.48939083499593,258.3012278525091,192.4515508669711,255.8367156982422,191.57797241210938
249.4409127983704,190.85554556886308,257.7706896212996,193.882742541844,255.3224639892578,192.99301147460938
248.93914107125772,192.2203784497675,257.2516728505032,195.3108565021589,254.79965209960938,194.39923095703125
248.42782216388397,193.6164097673248,256.71883956079444,196.76960042407262,254.2545928955078,195.83241271972656
247.91575212622533,195.008245615306,256.17894836771075,198.2189312231799,253.70135498046875,197.25625610351562
247.40226146374346,196.40292830366315,255.62652823082254,199.65327927532377,253.14207458496094,198.67138671875
246.89069585193954,197.79400341509728,255.06515332421273,201.07701850328684,252.5772247314453,200.07781982421875
246.38189421136937,199.17719674956209,254.51306826956568,202.4994534749343,252.0062713623047,201.4752197265625
245.8706240617595,200.56359571081484,253.97370876617177,203.9168939086293,251.43124389648438,202.86474609375
245.33897589979452,201.97613390984242,253.42489505779662,205.36713523908446,250.8369598388672,204.28182983398438
244.8060496576691,203.3842077713499,252.89619046678266,206.81588635226487,250.239990234375,205.68917846679688
244.27293924817909,204.7856610854187,252.3842247943551,208.2634693868905,249.64060974121094,207.0871124267578
243.74262251064616,206.18401640719875,251.89285890742622,209.70845264443864,249.0404510498047,208.4749755859375
243.21393134685766,207.5795900353274,251.42093091064558,211.14829729616625,248.44137573242188,209.85267639160156
242.677191273614,209.00159330016996,250.94073377988474,212.6152625512846,247.82846069335938,211.25425720214844
242.14357329347652,210.42505971975123,250.4588990536317,214.0585576715214,247.2212677001953,212.64382934570312
241.61761373657092,211.84351322830324,249.96878699546772,215.48050233058407,246.62086486816406,214.0224609375
241.08197334446766,213.30116270462108,249.48590464997073,216.9214511995307,246.01596069335938,215.42665100097656
240.55274200911987,214.7635194108276,249.0101168699466,218.34234591868056,245.42425537109375,216.824951171875
240.02530507311857,216.22654971726973,248.53824654025894,219.74553388940228,244.8476104736328,218.21994018554688
239.4991988784096,217.69813558117448,248.0762983734497,221.1273414849786,244.29037475585938,219.6136932373047
238.97010247951735,219.19903010707145,247.60967346950918,222.5348203177771,243.73947143554688,221.04051208496094
238.44365389626066,220.72107222361439,247.15183234097117,223.91525986721686,243.2147216796875,222.4711151123047
237.91994374529185,222.2624293446673,246.6967541947296,225.26683172691392,242.7233123779297,223.90667724609375
237.40351495888643,223.81582808551647,246.2687118511598,226.60727782738212,242.26947021484375,225.34800720214844
236.90411781998338,225.39136593273625,245.86036298765796,227.9326844666985,241.85829162597656,226.79710388183594
236.4059935988689,227.0237535597408,245.4634037688685,229.274117304479,241.48825073242188,228.28646850585938
235.92697782686105,228.66155990062362,245.07871642112713,230.61806509087089,241.1685028076172,229.78211975097656
235.49318687337424,230.33706809662004,244.74012393063458,231.95346566697253,240.90609741210938,231.28326416015625
235.10619904739156,232.03565831526032,244.46658358666838,233.29384646817866,240.70382690429688,232.78807067871094
234.75744780148557,233.74736091434167,244.2229100164883,234.64072865896048,240.56158447265625,234.295166015625
234.4751564204171,235.47870472100243,244.0196815613757,235.991870985355,240.4805908203125,235.8015899658203
234.2724648315415,237.20688682319783,243.87123717758888,237.36089552351677,240.45645141601562,237.3061065673828
234.13643667750677,238.9411101060784,243.7866655719862,238.73593438671176,240.48834228515625,238.80606079101562
234.07612171275431,240.7045658624461,243.801233560589,240.1499884723158,240.57546997070312,240.3339385986328
234.1063422993701,242.46437692287304,243.8488055604057,241.5646152179107,240.71585083007812,241.8539581298828
234.22166853045232,244.22558999746508,243.951277789813,242.97266160235287,240.91033935546875,243.3642578125
234.40826400063045,245.98846349487778,244.10865794859242,244.36963889931275,241.1602325439453,244.86167907714844
234.6632841907528,247.74550100369177,244.34975103653298,245.75172358350926,241.4656219482422,246.34536743164062
234.98520000561618,249.50508288605843,244.62243760909536,247.11925251233356,241.8284454345703,247.81094360351562
235.37092387337015,251.2641833835216,244.93756377782077,248.4728828679509,242.25035095214844,249.25694274902344
235.82168210918982,253.0141966820346,245.2959864662844,249.81256114433978,242.73101806640625,250.67933654785156
236.35977255660703,254.7941504754504,245.71443788231696,251.1629006938344,243.28482055664062,252.10601806640625
236.98634026861828,256.57075497553734,246.21281167694323,252.47620171134446,243.90383911132812,253.50088500976562
237.69304742329086,258.3129140773419,246.74678278729252,253.7798043998377,244.58534240722656,254.8620147705078
238.46221409973566,259.9827953575677,247.33378299732178,255.0777086929555,245.32015991210938,256.1910400390625
239.31501717710466,261.6208591994824,247.96190309937407,256.3558922740802,246.10789489746094,257.4847717285156
240.25805741125325,263.22699727468563,248.636569522196,257.60976389934115,246.94984436035156,258.7406005859375
241.28046232924984,264.7924670176462,249.4117510896089,258.7999638841479,247.84469604492188,259.954833984375
242.33803810284098,266.3016053501342,250.23073859294735,259.9700656690273,248.78639221191406,261.12872314453125
243.44142533536908,267.7041442970379,251.11459473501995,261.1082445477439,249.76559448242188,262.2678527832031
244.590364508115,269.06714200636225,252.0463965604953,262.2079016832885,250.7812042236328,263.371826171875
245.79943909804538,270.4192523403765,253.0453628838367,263.2889808999565,251.85365295410156,264.461669921875
247.0691119972018,271.7390145184733,254.08709326259176,264.32025969269955,252.96173095703125,265.5098876953125
248.3774821444539,273.001333421739,255.1672920559987,265.31426194321466,254.10362243652344,266.51849365234375
249.7634075198813,274.25098117027005,256.26768687275523,266.2671117101349,255.28128051757812,267.4779052734375
251.16905700988096,275.4407788850493,257.39702486596053,267.19201873309305,256.4913635253906,268.39154052734375
252.60791694211667,276.5601466258852,258.5584566357116,268.0805335604461,257.73016357421875,269.2608642578125
254.09536343698596,277.5962175488063,259.75394541889733,268.9241870658645,258.9955139160156,270.0865173339844
255.64014877945868,278.56831486372823,260.9798448664889,269.71590311665506,260.28656005859375,270.8652648925781
257.2236755237793,279.4757501917809,262.23656090241616,270.46576970330847,261.60589599609375,271.59930419921875
258.8517015401647,280.32024751540763,263.5332241778809,271.15623070338273,262.954833984375,272.2884216308594
260.4992558202772,281.10527979913917,264.89695166128485,271.7402995456261,264.3351745605469,272.9366149902344
262.1389752934924,281.78715457395145,266.26974735925455,272.2658341975953,265.7183837890625,273.5367126464844
263.78036986068327,282.39811906799156,267.68749006094185,272.72986103515353,267.1307678222656,274.10748291015625
265.4130530737526,282.9410115183571,269.10624777801127,273.1342617182284,268.5398864746094,274.6381530761719
267.07729111591647,283.42425550810503,270.5506694190312,273.49591516890285,269.9753723144531,275.1403503417969
268.73789534793326,283.84522067752687,271.988465408791,273.7981016397661,271.40460205078125,275.6027526855469
270.4394203821053,284.2195161263941,273.4458154309266,274.04501081981357,272.85858154296875,276.0323791503906
272.167772987799,284.5402033918756,274.9275141857936,274.21866051262487,274.3368835449219,276.4276428222656
273.8770167142951,284.8005839867205,276.3872773118526,274.35105630482934,275.80377197265625,276.780029296875
275.59932430642635,285.0106726841824,277.8611337154959,274.4392334413326,277.29217529296875,277.0984802246094
277.3372634201215,285.16958130592405,279.3456622320638,274.4770919516649,278.8000793457031,277.3817138671875
279.04465541026354,285.27390132395595,280.8111031356652,274.41412082060134,280.28900146484375,277.6239013671875
280.75240453924357,285.32833782903305,282.28220312022205,274.3061379346459,281.7927551269531,277.8326110839844
282.44980036587674,285.3318124920039,283.76462692298554,274.14205782470884,283.3100280761719,278.0108947753906
284.0998005555239,285.29057031930745,285.2194812994646,273.94305000279195,284.8035583496094,278.15826416015625
285.74960256276444,285.19934635797733,286.67723124395826,273.70379304052824,286.3079833984375,278.2796630859375
287.39540230254494,285.0464536230133,288.14263425388106,273.391935802064,287.8230285644531,278.3768005371094
289.03846843467056,284.8315626082542,289.6079613861694,273.0632982493138,289.3472595214844,278.4505615234375
290.6803116398479,284.56183750349913,291.06741919580895,272.71242561663774,290.8783264160156,278.5005798339844
292.28378035323414,284.2437534257925,292.4831499192623,272.3550441284325,292.3796691894531,278.5257568359375
293.8890453002024,283.86957046771363,293.88277273836314,271.95966430165055,293.88623046875,278.52496337890625
295.49235268685896,283.4545492336784,295.2665269828915,271.5513724735985,295.3982849121094,278.49627685546875
297.0864612804631,283.0256525959335,296.64287869836613,271.1312273066299,296.9154357910156,278.439697265625
298.6757871928786,282.5692392624332,298.000421171037,270.70042587964844,298.4358825683594,278.3531799316406
300.2594574433579,282.089708583941,299.3400821940482,270.25606958245186,299.9599609375,278.2347717285156
301.8374611265311,281.60666051880946,300.6667768955449,269.8060126273228,301.4879150390625,278.08319091796875
303.3687092843069,281.13790821924806,301.9538806115945,269.37333947191956,302.9797668457031,277.9037780761719
304.89235459580186,280.66408046626884,303.2455251169207,268.9308693033899,304.4754638671875,277.69384765625
306.40068923242274,280.19253834421346,304.57164244632474,268.4802463135687,305.97393798828125,277.4598388671875
307.9032072418981,279.72723389038214,305.9241833046952,268.0288979158478,307.47662353515625,277.20562744140625
309.40407488841583,279.2695396697176,307.2995106894896,267.5768849809817,308.9837646484375,276.9343566894531
310.90909642425794,278.8141242409676,308.6776538150691,267.1295479475309,310.4949951171875,276.645751953125
312.37631412546216,278.37045581547943,310.0363148516566,266.6902551691847,311.9715270996094,276.3499450683594
313.8463354425178,277.9239036386138,311.41148280721757,266.25151334488726,313.4535217285156,276.0408020019531
315.31886341831483,277.4784929229797,312.8046743631175,265.80105544468375,314.9403991699219,275.7206726074219
316.79363243418703,277.0101292884783,314.20584185719764,265.3481533558415,316.4339599609375,275.3892517089844
318.2827221924755,276.54800975804017,315.57503844750954,264.9030247522069,317.9322814941406,275.0408630371094
319.736303317539,276.090914843015,316.91584953837685,264.46848277951034,319.39532470703125,274.6858215332031
321.19518952453313,275.63001978894243,318.2597958156258,264.03487690443956,320.8621520996094,274.3144836425781
322.65698481731334,275.1689992427634,319.63819145071193,263.59211750165497,322.3340759277344,273.9306640625
324.1222154764582,274.7091746099853,321.05016780253357,263.14880673229845,323.81103515625,273.5381774902344
325.5964464720143,274.24723195481323,322.44744692507686,262.70375328343135,325.2927551269531,273.13397216796875
327.0378307911698,273.79835111058617,323.8086194082584,262.27087687934284,326.73828125,272.7290344238281
328.4853548405574,273.348730429755,325.17379539120304,261.839485564594,328.1871032714844,272.3121643066406
329.93039779668845,272.86929488863,326.5485259321767,261.40864068415055,329.6395263671875,271.8835754394531
331.39010870346334,272.4138136516863,327.91998030737983,260.98135016814666,331.0950622558594,271.4417724609375
332.8549379531017,271.9550549240046,329.3162501037426,260.5484309158806,332.55517578125,270.9888000488281
334.32518726361127,271.4937860082748,330.7332467297098,260.1148029070162,334.01983642578125,270.5264587402344
335.76054511699147,271.04271655674444,332.12100853118636,259.6864502201535,335.4483642578125,270.0686340332031
337.2027677655804,270.59147854362095,333.51979967344244,259.25607560246044,336.881591796875,269.60296630859375
338.65329379295844,270.13875894201703,334.91644928803095,258.825938223026,338.3194274902344,269.1280212402344
340.10177803496964,269.65915429798235,336.3226909442588,258.3927106715019,339.7613830566406,268.64434814453125
341.5659483562813,269.20449110912625,337.7380311791535,257.9566323039714,341.2077941894531,268.152099609375
343.0374495412587,268.74929164234584,339.1630427647416,257.5184252730308,342.65875244140625,267.65155029296875
344.5153725379681,268.2948640432565,340.6049790101712,257.0743893702817,344.1143798828125,267.1442565917969
345.95865835708395,267.853842820836,342.0137894184951,256.6446479367832,345.533203125,266.6449279785156
347.4069358823822,267.4118888352491,343.4423108450694,256.2057597019216,346.95733642578125,266.1410827636719
348.8625103005771,266.9716414487188,344.87251009988927,255.76770556389295,348.3855895996094,265.6324462890625
350.325320197191,266.53515281257137,346.32462982659115,255.3235387623129,349.82049560546875,265.12042236328125
351.7773985890521,266.06679333509965,347.8133218303338,254.86697821330594,351.2618713378906,264.6102600097656
353.24077987137053,265.6111447446211,349.3125237783926,254.40931853927594,352.7115173339844,264.1018981933594
354.71175230988325,265.14277161634317,350.7841677825441,253.96357639691504,354.1664733886719,263.5907287597656
356.1449117777618,264.6815234485905,352.21850691250194,253.53364232494485,355.58477783203125,263.0911865234375
357.5800447272345,264.2095974857578,353.66011505551114,253.10051012711628,357.0081787109375,262.58892822265625
359.0172898935956,263.72514962178866,355.11269142883907,252.6661729290023,358.4378967285156,262.0841369628906
360.45572928727,263.2239107755467,356.56546034009637,252.23456141741082,359.8724670410156,261.5762939453125
361.8958245764197,262.696302657555,358.002496596194,251.8099471059436,361.3112487792969,261.0617370605469
363.3503080041609,262.18040548247393,359.4228276284454,251.39434259375054,362.751953125,260.5371398925781
364.8043495392863,261.66009251146454,360.87795712515197,250.96722695486287,364.1971435546875,260.0064697265625
366.25450655984554,261.13708986396864,362.37621376133256,250.52782032845553,365.64739990234375,259.476318359375
367.66885955102083,260.6306063933254,363.8278809361059,250.10203903506448,367.0597839355469,258.9610595703125
369.08380621225194,260.12599358791533,365.30387527749616,249.67120069048727,368.4773254394531,258.44854736328125
370.5019780975699,259.6068514840398,366.7719050149927,249.24321660916732,369.90069580078125,257.9362487792969
371.92647696345875,259.10792671639825,368.2705422359438,248.80503782921681,371.3306579589844,257.4288330078125
373.35975923367903,258.6148461098826,369.7669554593848,248.3692501768024,372.7672119140625,256.9250793457031
374.800027459153,258.13004891798835,371.26678620520676,247.9327616370711,374.2093811035156,256.4253845214844
376.24734442321216,257.65232208453335,372.7774579892163,247.4927649171215,375.6591796875,255.9302215576172
377.7036603423421,257.18676494970765,374.2873736706977,247.05465293851015,377.1145324707031,255.43951416015625
379.1680405076257,256.73251086498686,375.8058154651667,246.61574894879072,378.5768127441406,254.9535369873047
380.64120384564364,256.2910197658119,377.32529884445825,246.17721517622118,380.0448913574219,254.4722137451172
382.0760756892112,255.86840701243463,378.7976086780302,245.7527415632904,381.4735107421875,254.0092010498047
383.5149225126597,255.44835575097767,380.27576184144056,245.32666525854762,382.9075012207031,253.55029296875
384.9646211300736,255.04695157978585,381.75249201826836,244.90183459603182,384.34649658203125,253.0946807861328
386.4237606113301,254.65100184355697,383.22406207224736,244.47930371444636,385.7912292480469,252.6402130126953
387.8853212451315,254.25923598862454,384.70599035492523,244.05567702309125,387.24017333984375,252.18873596191406
389.3546241059397,253.86841124715025,386.1858058099895,243.63800457711062,388.6947937011719,251.73817443847656
390.8275990235363,253.48587536697983,387.67718567740053,243.21763879979878,390.1540222167969,251.29046630859375
392.29900196728556,253.08082366481622,389.1673520834263,242.80236834027284,391.6176452636719,250.8445281982422
393.77852825230235,252.68664343116987,390.6630881204021,242.38883459090087,393.0867614746094,250.4000701904297
395.2564859394207,252.2874013718048,392.1711488642304,241.97602906201075,394.55987548828125,249.95928955078125
396.7402165882248,251.8826892928254,393.67581942305554,241.56639298908453,396.0384216308594,249.5200958251953
398.225739968152,251.47602158676722,395.1884228504277,241.15606568362665,397.5216064453125,249.0835723876953
399.71507153560435,251.06770040955442,396.70161768620864,240.7457818165225,399.009033203125,248.64932250976562
401.15870995371085,250.66947017466248,398.16914681741633,240.34968413488062,400.4523620605469,248.231201171875
402.60712427312563,250.2730985364092,399.6410596888831,239.95222023861854,401.90069580078125,247.81497192382812
404.0589960817767,249.88031579092447,401.1169623533329,239.55210501706566,403.35284423828125,247.4013214111328
405.51188599227584,249.4764359813652,402.59540802617846,239.1518487381854,404.8094787597656,246.98985290527344
406.97154451994436,249.08608832184478,404.07942685138784,238.74967942005566,406.2706298828125,246.58102416992188
408.43455192571366,248.69656322710662,405.56624368734185,238.3461195032363,407.73577880859375,246.1750030517578
409.902802919971,248.30774240556363,407.0539963022235,237.93717359669208,409.20599365234375,245.77113342285156
411.37411475688464,247.91815294735926,408.54340918667356,237.5238718148263,410.6800842285156,245.36968994140625
412.8503240838225,247.5318283598122,410.0350511189692,237.11725402443747,412.1578674316406,244.97021484375
414.3305430835455,247.148878781772,411.5353335014573,236.72536483276164,413.6397399902344,244.5728302001953
415.81220105990616,246.75880965054228,413.0357018927675,236.33743214938156,415.1244201660156,244.17727661132812
417.2994558632486,246.38487063751387,414.545964772709,235.9548991436243,416.6129150390625,243.78431701660156
418.79139209568825,246.0180752905856,416.0599928541762,235.57975918050647,418.104736328125,243.39395141601562
420.28448198072243,245.66172969468084,417.5897680092834,235.21043638095136,419.600341796875,243.00833129882812
421.7809960580251,245.31093056743862,419.12432130511047,234.84757834607117,421.0997009277344,242.6276397705078
423.2808636201614,244.96404982826203,420.6646109832639,234.4916001026485,422.60333251953125,242.2519989013672
424.7346413483633,244.63559977616194,422.1568109478726,234.15479383855126,424.06024169921875,241.89366149902344
426.19054991594675,244.3025648967764,423.65075736835934,233.8253049273772,425.5207824707031,241.53961181640625
427.65074497585204,243.983696771405,425.15155759328877,233.4991943239237,426.9849548339844,241.1905975341797
429.11663096448245,243.66662933112687,426.64549003858997,233.1767190249053,428.4519348144531,240.8450164794922
430.5853023704868,243.352302788779,428.1427231573172,232.85606398647036,429.9222106933594,240.50286865234375
432.0578083185155,243.04139419080215,429.64039153182557,232.53847264157434,431.3954772949219,240.1637725830078
433.53267349105613,242.73148174815333,431.14054851721676,232.2216006701388,432.87176513671875,239.8277587890625
435.00936735573157,242.424301893406,432.6441680815945,231.906999927478,434.35064697265625,239.49517822265625
436.4871686991347,242.10501312928795,434.1479648650819,231.59298731420057,435.8330078125,239.16531372070312
437.97826918727526,241.7979561754086,435.66699796379896,231.28019024913766,437.32757568359375,238.83688354492188
439.4725733503018,241.49230865611418,437.1857169828711,230.9695949639224,438.82476806640625,238.51150512695312
440.96921082897836,241.18797710351697,438.70931620670746,230.65964272173977,440.3255615234375,238.18936157226562
442.4691485107981,240.88578702154217,440.23681230246933,230.35163004611772,441.8301696777344,237.87051391601562
443.9713570365576,240.58706416104383,441.7680569286271,230.04651741449965,443.337646484375,237.55540466308594
445.4778266384916,240.29096979337592,443.30254768678344,229.74427889199964,444.84930419921875,237.24362182617188
446.9860134606603,239.99793063222663,444.8415186926465,229.44388597266823,446.36383056640625,236.93588256835938
448.4990726536687,239.70754830864018,446.38060365143133,229.14831764257838,447.88189697265625,236.63131713867188
450.01200651575203,239.4110006577986,447.92541370010224,228.85457330830997,449.40313720703125,236.33062744140625
451.4785077697836,239.1375175041071,449.42028850620534,228.57453134093132,450.87567138671875,236.043701171875
452.9472172114053,238.86749489954676,450.9197652981609,228.30009029610332,452.35113525390625,235.7606201171875
454.41991650242664,238.60001591832517,452.42269557567863,228.0277632497453,453.8307189941406,235.48110961914062
455.8946613918298,238.33747589093616,453.9314873233637,227.75893517466335,455.3135070800781,235.2059326171875
457.3715879172121,238.07783347513117,455.4470056829924,227.4928484574393,456.8002624511719,234.93560791015625
458.85248023385384,237.8213943854478,456.964000439264,227.23050907861975,458.29052734375,234.6698760986328
460.3368936382419,237.56642003765617,458.48429308975426,226.96977429772286,459.7848205566406,234.40863037109375
461.82268074104536,237.30366541435558,460.00708070192,226.7109563945524,461.282470703125,234.1519317626953
463.3132914041053,237.05403563650864,461.5325443492876,226.45532570598266,462.7833251953125,233.89976501464844
464.80622765670034,236.80532325998607,463.062120440203,226.19911176900138,464.2877502441406,233.65237426757812
466.3036975445777,236.55747310475252,464.59205842221513,225.9477581986379,465.7957763671875,233.40908813476562
467.80239125368945,236.31203602588542,466.1276786514975,225.69691152069038,467.3067932128906,233.1707000732422
469.30727964064187,236.0686362236646,467.6606254596801,225.4486153982956,468.821533203125,232.9358367919922
470.8145230038648,235.82543458642192,469.19635072691796,225.2011919955127,470.3392028808594,232.70468139648438
472.324772596718,235.58513390833934,470.7338910073043,224.9567136450967,471.85955810546875,232.47711181640625
473.8384701925643,235.34657326284406,472.27385735100995,224.71508490252555,473.3831787109375,232.2528839111328
475.353659674964,235.10265827206703,473.8169972788503,224.47698885493617,474.90960693359375,232.03213500976562
476.87232051971955,234.87243948814248,475.3667833181376,224.24025241829636,476.439453125,231.8155059814453
478.39535001774834,234.645396745315,476.91785270816683,224.01143795714182,477.9725646972656,231.6024932861328
479.92212029228915,234.42195676474927,478.47040086374074,223.7853120550824,479.5086975097656,231.39283752441406
481.45243434650837,234.20405903425916,480.0272153117372,223.56411084837177,481.0482482910156,231.18661499023438
482.98643518723605,233.9909348675466,481.58479782397256,223.34817915899168,482.5903625488281,230.9835205078125
484.46861639770214,233.78939319839162,483.09108664186533,223.14432981695995,484.08056640625,230.79067993164062
485.9548800715879,233.59359933912975,484.5991718829129,222.94595862133392,485.57379150390625,230.60055541992188
487.44356398187637,233.4025483796007,486.11108548759086,222.7516296911786,487.0696105957031,230.41342163085938
488.9344352131793,233.20639358684983,487.6253008370975,222.56274096992087,488.5682373046875,230.22909545898438
490.42976036272404,233.02474317588727,489.1431563524561,222.37750810563,490.07000732421875,230.04762268066406
491.9272264434576,232.8473117798316,490.66501246280916,222.2009521189776,491.57415771484375,229.86929321289062
493.4281010612243,232.67468380362624,492.18997397464295,222.02588538562222,493.08154296875,229.69403076171875
494.93123060849064,232.50521594907767,493.71877054278355,221.85437955081986,494.5916442871094,229.52212524414062
496.4368435746389,232.34059846603256,495.2504631181487,221.68714055399684,496.1042175292969,229.3536834716797
497.94650006268733,232.17898378729606,496.78428668440057,221.52453901768345,497.6202697753906,229.1883087158203
499.45705379442285,232.02235994032094,498.3221393678177,221.3643219857884,499.1380615234375,229.0266876220703
500.9696584261482,231.8582585182102,499.8639848308071,221.20789767172448,500.6593017578125,228.86875915527344
502.48475227522664,231.70854342785853,501.4112186741355,221.0534397035721,502.18316650390625,228.71522521972656
504.00346682841683,231.56280861799075,502.9593738008845,220.90543302212654,503.7098388671875,228.56565856933594
505.5239932302132,231.42015113674125,504.51140244427313,220.75917324337914,505.23907470703125,228.42041015625
507.04788764390713,231.2794460533399,506.0633448387568,220.61655749601695,506.7708435058594,228.2789764404297
508.5741774148156,231.143093793956,507.61692488004303,220.47686869801083,508.3047790527344,228.1413116455078
510.1044120474336,231.00788894355037,509.16722303791965,220.33985256475702,509.8407287597656,228.00637817382812
511.63587992340643,230.87614080742145,510.72139216970965,220.2059171769983,511.3786315917969,227.87457275390625
513.1700554509001,230.73711554843973,512.2759024081307,220.07381770954504,512.919189453125,227.74539184570312
514.7064578705392,230.61211370550046,513.8346952854863,219.94586690060558,514.4618530273438,227.6193084716797
516.2450920640478,230.48936349104287,515.3958332858825,219.82073448275708,516.0068359375,227.49632263183594
517.7833559194593,230.36956182407624,516.9617397178002,219.70066011743822,517.5529174804688,227.37725830078125
519.3258190403162,230.25293543133685,518.5276733743299,219.5825455717634,519.10205078125,227.26138305664062
520.8682420793335,230.14013966087,520.0973875292124,219.46793259410674,520.6522216796875,227.1494140625
522.4130584716809,230.03061331339217,521.6682850019396,219.3565761860553,522.2044677734375,227.04110717773438
523.9026961458931,229.93085643578868,523.1846236961285,219.2527120767252,523.7015991210938,226.9404296875
525.3946321973217,229.8232857837066,524.7014747424802,219.1519405271859,525.2010498046875,226.84303283691406
526.8879081018629,229.73018629766258,526.2220865500183,219.05664145971633,526.7019653320312,226.74940490722656
528.3853450286473,229.64031777793681,527.7428435173391,218.96697394605857,528.2058715820312,226.65887451171875
529.8818335540572,229.55551926137593,529.2684844088155,218.8796712265292,529.71044921875,226.5724334716797
531.3829319542943,229.47355717617344,530.7950873118499,218.79686396426524,531.2186279296875,226.48939514160156
532.8849494896606,229.39796825931296,532.3247182892376,218.71881736909222,532.7282104492188,226.4102020263672
534.3882193099181,229.3261706116592,533.8586396312378,218.6448762455745,534.2399291992188,226.3352508544922
535.8942273171459,229.2501430663807,535.3941147304743,218.57591209821206,535.7543334960938,226.26429748535156
537.4011333570119,229.1891775440742,536.9343868796684,218.5112905988892,537.2703857421875,226.19802856445312
538.9114535047229,229.13263920513302,538.4753478043124,218.45496930342267,538.7890625,226.13600158691406
540.422939739697,229.08058810020503,540.0195614487349,218.4048307497063,540.3095092773438,226.07855224609375
541.9363136691471,229.0340833702289,541.5664007113628,218.35679248808995,541.8320922851562,226.0258026123047
543.452584819647,228.9912222274087,543.1143325270957,218.31330462578248,543.3571166992188,225.9774932861328
544.9711957869594,228.95504914171627,544.6620485355954,218.2749510048201,544.8837280273438,225.9333038330078
546.4931854031804,228.9209658863543,546.2102342658329,218.24022653232163,546.4129638671875,225.89279174804688
548.0169213416045,228.8811823397112,547.7585399462527,218.210211546743,547.9436645507812,225.85572814941406
549.5427248450585,228.85464108082925,549.3101216626553,218.18420906395573,549.4766235351562,225.8223114013672
551.069949331063,228.83214263590364,550.8640280538897,218.16200437058995,551.0112915039062,225.79269409179688
552.6006303863397,228.8112310587261,552.4178334481346,218.14207488562158,552.5484619140625,225.766357421875
554.1318280352881,228.7929008332656,553.9742512303357,218.12381878619854,554.0867919921875,225.74363708496094
555.6654777087857,228.77800263079536,555.5340571291442,218.1084263755965,555.6278686523438,225.7246551513672
557.2009341507178,228.7643313147724,557.0941267453009,218.09541135550376,557.1703491210938,225.70921325683594
558.7377371737308,228.75473462774562,558.6578287408873,218.08411250055502,558.71484375,225.69764709472656
560.2777874721763,228.7344292951813,560.2206846913197,218.07524353526892,560.261474609375,225.68936157226562
561.8189294219565,228.7281770362308,561.7859347523766,218.06774640498463,561.8095092773438,225.6845703125
563.3626768915439,228.7232062276086,563.3530234503562,218.0616100081639,563.3599243164062,225.68316650390625
564.9087577893926,228.71929075481998,564.9190317828234,218.0578210003761,564.9116821289062,225.68466186523438
566.454603079923,228.71862783814342,566.4932378989851,218.0562553882712,566.465576171875,225.69029235839844
568.0044487634915,228.71981394227808,568.0619851341685,218.05780139792427,568.020751953125,225.6986846923828
569.5543218193686,228.7243878206406,569.6381165962528,218.06134573874056,569.5780029296875,225.71092224121094
571.1078543351086,228.72968098724834,571.2127003900888,218.06814125118154,571.1373901367188,225.72625732421875
572.6003246963325,228.72977685688056,572.7334635019079,218.07867241084645,572.6376342773438,225.74501037597656
574.0977715325697,228.74303663251013,574.250703888174,218.09055178938564,574.1405029296875,225.76658630371094
575.5930257877711,228.76015307405908,575.7744211248743,218.10531330899903,575.6435546875,225.79217529296875
577.0942247703546,228.77934887978859,577.2936009660262,218.12508222424051,577.1495971679688,225.8203582763672
578.5938195313192,228.80304748704867,578.8176877368055,218.14804348513925,578.6558227539062,225.8520050048828
580.0960053112437,228.8319424965753,580.3406273014183,218.17854162346447,580.1636352539062,225.88662719726562
581.5977415415814,228.86258079754163,581.8662991615103,218.21080104081216,581.6718139648438,225.92465209960938
583.1004752989691,228.89965802700877,583.3918716039578,218.24694164707125,583.1807250976562,225.96592712402344
584.6027154026723,228.928649514742,584.9208478361535,218.28751230447375,584.68994140625,226.01104736328125
586.1059928158942,228.9718359092652,586.4483938083492,218.33159602312412,586.19970703125,226.05963134765625
587.6094137912435,229.01941979995763,587.9785095579132,218.37905738958162,587.7102661132812,226.11203002929688
589.1144921706928,229.07115429998322,589.5031510823522,218.43247645815404,589.2205810546875,226.16720581054688
590.6173171956763,229.12750256405448,591.0338255619178,218.4885353148707,590.7308959960938,226.22633361816406
592.1206453424409,229.18679954277982,592.5613594552278,218.55075563252635,592.24072265625,226.2888946533203
593.6240164751185,229.25095696426396,594.0900959242266,218.6148455422835,593.7509155273438,226.35507202148438
595.1268946885782,229.3180920791309,595.6184601962943,218.6827342541952,595.2606201171875,226.4248504638672
596.6296845631047,229.37843654515336,597.1466402795501,218.75490527522132,596.7698364257812,226.498291015625
598.131822921661,229.45300189844002,598.6749029540796,218.82985806809916,598.2789306640625,226.575439453125
599.632530734126,229.5309292245274,600.2016951889633,218.90838959556217,599.7865600585938,226.65621948242188
601.1331588057939,229.61253617812514,601.7250527141865,218.99028890173742,601.293212890625,226.74017333984375
602.6326359422081,229.69803077283183,603.2483945820696,219.07796984122447,602.799072265625,226.82748413085938
604.1305843035433,229.78833380142376,604.7688772642937,219.16793195212483,604.3031005859375,226.91787719726562
605.6263814781693,229.88207856384548,606.2899540463245,219.2618978029716,605.8057250976562,227.0117645263672
607.1216626662847,229.96765971903665,607.8130179286463,219.35940802499445,607.3079223632812,227.1096649169922
608.6110844464438,230.06813808992248,609.3355635023427,219.4604510125894,608.80615234375,227.2119903564453
610.1017018483457,230.17194766518037,610.851080912105,219.56475295426551,610.3033447265625,227.31776428222656
611.6460993576775,230.28275690395006,612.4199549078938,219.67709580608124,611.8541870117188,227.43092346191406
613.1846409818348,230.3972211143144,613.9917705249268,219.79168325380908,613.4014282226562,227.54867553710938
614.721447631485,230.51463061140683,615.5518166272303,219.91224774768642,614.9442749023438,227.6695098876953
616.250481209682,230.63510962594646,617.1147018517061,220.0356017394688,616.4820556640625,227.79489135742188
617.7753725914947,230.76052580845354,618.6720509807024,220.16280394758047,618.0153198242188,227.92462158203125
619.2985895588769,230.8777962928778,620.2226462148631,220.2926480936997,619.5447387695312,228.05813598632812
620.815484525849,231.008909943525,621.7704353898597,220.42607159741846,621.0693359375,228.19570922851562
622.330113822625,231.14418083584178,623.3086889376098,220.5626139603613,622.5897827148438,228.33631896972656
623.8392473817904,231.28234389991377,624.8456812853277,220.70238186581892,624.1057739257812,228.48052978515625
625.3438028405444,231.42338751552208,626.3779215943692,220.84575064122427,625.6170654296875,228.62828063964844
626.8442757318829,231.5677113385172,627.9069295439788,220.99106708923964,627.1243896484375,228.77972412109375
628.3400401694593,231.71472843254966,629.4306538979799,221.1404470233782,628.6267700195312,228.93467712402344
629.8331560517157,231.85528503383375,630.9478805384759,221.29251732956052,630.1246948242188,229.09275817871094
631.3206373959747,232.00971002750842,632.4621756232508,221.45069713537572,631.6185302734375,229.25425720214844
632.8605812626897,232.17220379867874,634.0309847439185,221.61628501923232,633.1651000976562,229.4257354736328
634.3949282235327,232.33918324735885,635.5940839012109,221.7848575041685,634.7060546875,229.60081481933594
635.9263585445088,232.50861488570578,637.1529620393252,221.95645279643094,636.2435913085938,229.779541015625
637.4501932269937,232.6808163252654,638.7085917801066,222.1329764229325,637.7745361328125,229.96218872070312
638.9697976095484,232.8585008023673,640.261809404447,222.31207649108512,639.3016967773438,230.14927673339844
640.4865876196504,233.0375788489496,641.8040012751693,222.49446449475434,640.82373046875,230.33946228027344
641.9969608516499,233.21230354250693,643.3470816411224,222.6808951680561,642.34033203125,230.5338897705078
643.5049147737275,233.39888933726974,644.8802333201141,222.87194321147257,643.8533935546875,230.7315673828125
645.0048516541409,233.58862706795023,646.4116482238948,223.06504684832208,645.35986328125,230.93295288085938
646.5010144328297,233.78179681897288,647.9380585253921,223.26128335965208,646.8621215820312,231.13815307617188
647.9928466810967,233.978534067413,649.4599837467122,223.4611767051978,648.3599243164062,231.3470916748047
649.4816029392138,234.1770082574061,650.9727866508721,223.66405027640297,649.8529663085938,231.55886840820312
650.9630112597348,234.37924673408344,652.48466641802,223.87030568910808,651.3402099609375,231.7742156982422
652.4433420146694,234.58453543977356,653.9878133475307,224.0783715398673,652.8244018554688,231.99240112304688
653.971419725548,234.79028700772665,655.5461006746535,224.2961759430923,654.3567504882812,232.2223358154297
655.496196601212,235.0082514239206,657.0971891176747,224.51741607735877,655.8857421875,232.45567321777344
657.013472342729,235.22902438576068,658.6440929837535,224.7420027452445,657.4078979492188,232.69235229492188
658.5273030850605,235.4531830204362,660.1828681803898,224.96864023766113,658.9254150390625,232.93197631835938
660.0361485098215,235.67993054681585,661.7217756999675,225.2013020606521,660.4390258789062,233.1754608154297
661.5383400587175,235.9095213627474,663.2528649459254,225.43479283154355,661.9454956054688,233.4220428466797
663.0365100997166,236.14189611095605,664.7847001409596,225.67167359876083,663.44873046875,233.67303466796875
664.5302619350076,236.3763954062326,666.3017923156199,225.9094646397033,664.9449462890625,233.92626953125
666.0183250213745,236.61439499845457,667.8203771219944,226.15050767024712,666.43701171875,234.1832275390625
667.5043377987602,236.84392253149005,669.3285960205832,226.39415267378442,667.9235229492188,234.44273376464844
668.9847417768697,237.0851115689273,670.8320704661816,226.63967705207557,669.4057006835938,234.70486450195312
670.5104783263163,237.33858914613594,672.3850294491951,226.89805652424732,670.93408203125,234.97927856445312
672.0349098430897,237.59562435343153,673.9256417258017,227.15753083696137,672.4588012695312,235.25546264648438
673.5516858659486,237.8553558131197,675.4638853265916,227.4216691360525,673.9771728515625,235.5337371826172
675.0648157804637,238.1189972672703,676.9954816223582,227.68656843600226,675.4913940429688,235.81396484375
676.5694733619192,238.39018972010285,678.5230477054171,227.95408445135536,676.9989013671875,236.09616088867188
678.0687312010299,238.67455564246288,680.0473264122792,228.22424823404666,678.5029907226562,236.3809356689453
679.5585874807736,238.96946299919318,681.5679987256295,228.4964009168406,680.0001220703125,236.66818237304688
681.0454622515149,239.25537248918621,683.0846515015797,228.77178916626178,681.4922485351562,236.9584197998047
682.5251452138646,239.5520132211575,684.5974941092952,229.048950179536,682.97900390625,237.25177001953125
683.9985605876313,239.84575001952336,686.1075665115956,229.32912378985714,684.459228515625,237.54861450195312
685.4670378069064,240.1414360524614,687.6152756238865,229.61237020699122,685.9346313476562,237.84963989257812
686.9328625737611,240.43369894769037,689.1136617473865,229.89559429869254,687.4046630859375,238.1538543701172
688.4488984590394,240.72957776434822,690.6546799876979,230.18966571854503,688.9215087890625,238.47129821777344
689.9662645395513,241.01795145016527,692.1969691095584,230.48717755743525,690.4376831054688,238.79246520996094
691.4595063624859,241.2992697096333,693.7136436800155,230.7829763560466,691.9283447265625,239.1119842529297
692.9460752411152,241.59053278612964,695.224226512438,231.07967672145446,693.4135131835938,239.4338836669922
694.4260644857385,241.88540723570284,696.7237135123693,231.3783355809432,694.8914794921875,239.757080078125
695.8962172569928,242.1810103964903,698.2209084852357,231.67905554075696,696.3607788085938,240.0823211669922
697.4116820909014,242.4889432365667,699.7529298501561,231.9906120337851,697.8731689453125,240.4196014404297
698.9166572249387,242.79898081902388,701.2825418862368,232.30783355395732,699.3767700195312,240.75868225097656
700.4163918762787,243.11168760179075,702.7909996197315,232.6227934098556,700.8724365234375,241.0972900390625
701.9059754371361,243.42720019446656,704.2978002158085,232.94184647701863,702.3600463867188,241.43663024902344
703.3877534372842,243.74393573082438,705.7961224374754,233.26412123634142,703.83984375,241.77670288085938
704.8607494388008,244.05772799859713,707.2911679033881,233.58950254933887,705.31103515625,242.11827087402344
706.3250601736075,244.3804310623256,708.7765956014765,233.91862713311997,706.7747802734375,242.46127319335938
707.8279231114141,244.71590920431873,710.302325703423,234.26022039380095,708.27734375,242.81686401367188
709.3231865702259,245.05417601641915,711.8216607470198,234.60655401070957,709.772705078125,243.17446899414062
710.8076833824153,245.3947214578933,713.3336062506769,234.95689958675302,711.2579956054688,243.53390502929688
712.2840224066887,245.7384971799308,714.836748626256,235.31396783651806,712.7352905273438,243.89566040039062
713.7503208023611,246.08513351137918,716.3356488843423,235.6723943119194,714.2034301757812,244.2601776123047
715.2076629530311,246.43454241042525,717.8226281289303,236.03300240479726,715.662109375,244.62689208984375
716.7041279746137,246.79938413434022,719.3466132864281,236.40774023723452,717.1597290039062,245.00772094726562
718.1878839408138,247.1742875924762,720.8627364028639,236.78482637990075,718.6470947265625,245.39065551757812
719.6621593141442,247.55662644312744,722.3693823510503,237.16433820877796,720.1260375976562,245.7759246826172
721.1277754285542,247.94451185148293,723.8592137581015,237.53740658036128,721.595703125,246.16165161132812
722.5865752592382,248.32852390859162,725.336525908466,237.9110023638511,723.0567626953125,246.54733276367188
724.0358313615267,248.7074151359156,726.814742754428,238.28819467499062,724.5086669921875,246.9345703125
725.5260907501041,249.09372045039265,728.3150842164554,238.68560211791495,725.9977416992188,247.33358764648438
727.0049188212492,249.47954896111884,729.8124614796225,239.08426188709922,727.4766235351562,247.73300170898438
728.4794397704667,249.85474089339468,731.2965210845755,239.4857817022596,728.9473266601562,248.132568359375
729.9421066022662,250.23342319943168,732.7768493698355,239.89168359012325,730.408203125,248.5330047607422
731.3969406166026,250.61118863794826,734.2406003216141,240.30205523785915,731.8597412109375,248.9333953857422
732.8875884760291,250.99877282533976,735.73786043589,240.73121767835642,733.3463745117188,249.34608459472656
734.3700271233112,251.38769687009895,737.2154050302497,241.15199203559553,734.8234252929688,249.75668334960938
735.8457130131418,251.77705396714902,738.675579102522,241.5561585731978,736.29248046875,250.16342163085938
737.3116936197972,252.16472480034676,740.1295125215823,241.95511852426432,737.7528076171875,250.56646728515625
738.7705070304245,252.55410001805822,741.5598465887042,242.3445422901296,739.2051391601562,250.9632568359375
740.2644937447651,252.95170093630276,743.0159962260369,242.74066496041743,740.6923217773438,251.36399841308594
741.7479504382529,253.35154406564635,744.4644172329865,243.13476282370038,742.1718139648438,251.7573699951172
743.2241324828352,253.75068452245023,745.8934134092045,243.52179815737713,743.64404296875,252.1415557861328
744.6937438363796,254.1489093568013,747.298195924445,243.90476670183088,745.109375,252.51409912109375
746.1552207110442,254.547810690917,748.6841695837601,244.2851293656427,746.5678100585938,252.8734893798828
747.6498224022951,254.95539370450987,750.1030680905236,244.68154200670054,748.061767578125,253.230224609375
749.1361070962656,255.36401518421917,751.5055944028475,245.07095387329144,749.5485229492188,253.57247924804688
750.6130644568141,255.768490354671,752.9116377504241,245.46192604993766,751.0291748046875,253.90269470214844
752.0809642592202,256.17356740486105,754.3033036241133,245.85022174680844,752.5015869140625,254.21966552734375
753.5820451040856,256.587499539401,755.7276192044286,246.24904822451668,754.008544921875,254.53240966796875
755.0757081361568,256.9998793548884,757.1396731316049,246.646021977141,755.5079956054688,254.83131408691406
756.5614451395637,257.410612208601,758.5445095007808,247.04235782386309,757.0001831054688,255.11671447753906
758.0421412025727,257.8198284982893,759.9355393083904,247.43642987291943,758.4856567382812,255.38758850097656
759.517164117806,258.22420181149363,761.3150782483275,247.8354432280234,759.9638061523438,255.64340209960938
761.0275052892064,258.63944303186514,762.7218572889944,248.24030777458543,761.4755249023438,255.88970947265625
762.5372774032422,259.05385444293336,764.1073541085555,248.644100216016,762.9802856445312,256.1166687011719
764.0404715719719,259.46903464964043,765.4923502049,249.049720279669,764.478515625,256.325439453125
765.5438818102092,259.88823742943936,766.8629454195546,249.44976125135477,765.9702758789062,256.5139465332031
767.0803185138905,260.3179952302201,768.271036494749,249.85903690389762,767.49365234375,256.6873779296875
768.6207472664117,260.7339450961553,769.669166256313,250.26743937287566,769.0108642578125,256.83935546875
770.1636500417909,261.1339638431655,771.060836765352,250.6656568648607,770.5206298828125,256.96875
771.71013085454,261.52715500965496,772.4469059685836,251.05623041630372,772.0234375,257.0744934082031
773.3004671439469,261.8820109620201,773.8679706539334,251.45156619419456,773.5574951171875,257.157958984375
774.9001601764372,262.21979886260505,775.2821426302245,251.83883953186918,775.0843505859375,257.2141418457031
776.5002625582596,262.5205164666257,776.7015472045301,252.20338274377818,776.6032104492188,257.2437744140625
778.1068563835605,262.79038952777336,778.1202777745281,252.567419269258,778.1141357421875,257.2457580566406
779.7081756545876,263.0353406503664,779.5502160034421,252.902887194587,779.6175537109375,257.2223205566406
781.357898288251,263.267017455046,781.0130570285695,253.22016147466022,781.1486206054688,257.1697692871094
783.004328322445,263.4743173873155,782.4823456152795,253.48373662446238,782.6707763671875,257.0902404785156
784.6551544340278,263.640195831419,783.9487955890821,253.6747654092144,784.1832885742188,256.9830322265625
786.3267710367264,263.77148168102497,785.3970675948336,253.75659561239638,785.6836547851562,256.84375
788.0449253263106,263.86989677285646,786.8757680759671,253.80128057660326,787.20849609375,256.66668701171875
789.7742141427215,263.88449222545086,788.3392235666789,253.77564015554094,788.7191772460938,256.4522399902344
791.4994992452858,263.7994033654313,789.7852961718149,253.66398372064623,790.214111328125,256.19940185546875
793.2201904049211,263.63231222537655,791.2104827150599,253.46587651910806,791.6930541992188,255.90704345703125
794.9822553321283,263.38344257612675,792.6433913924067,253.19519768189014,793.1871948242188,255.5640411376953
796.7249688747688,263.06281267021086,794.0676275609172,252.91144094017227,794.6610107421875,255.17823791503906
798.4750031260484,262.6589216064134,795.4708213815607,252.60271823723102,796.11083984375,254.7451171875
800.1909136897518,262.1840261348613,796.8625044638401,252.25905221757728,797.5359497070312,254.26719665527344
801.9150069461946,261.6211355378757,798.2666064706146,251.8565408094072,798.9674682617188,253.73233032226562
803.6085951795451,260.98431056085013,799.6438273389534,251.40040531375323,800.3687133789062,253.15264892578125
805.2452173039051,260.2897818375002,800.9802436556987,250.84695364948385,801.7415771484375,252.53257751464844
806.8808142801935,259.51177136234514,802.3285240596052,250.26134154515944,803.1138916015625,251.85723876953125
808.4662587253492,258.6756013313304,803.6422383645254,249.62081651311766,804.4534912109375,251.1435546875
810.0111182304424,257.80805695792577,804.9162247733718,248.92148218786068,805.7605590820312,250.39418029785156
811.5342332021287,256.841699241668,806.1756175645725,248.15616092010112,807.061279296875,249.59169006347656
813.02030439727,255.82820721287294,807.3679463551993,247.3125817262914,808.3242797851562,248.75335693359375
814.4713807090055,254.77577371196315,808.5341577988569,246.45899604741277,809.5482788085938,247.8795623779297
815.9057780748664,253.6459573179067,809.6786534547238,245.54959070384572,810.7561645507812,246.95054626464844
817.2761671329008,252.46506439667147,810.7760110415062,244.60319354050063,811.9207153320312,245.98770141601562
818.6206662164386,251.20609099738425,811.842847877597,243.60098580406404,813.0628051757812,244.9698486328125
819.9054522362545,249.90438378404218,812.8595278894152,242.5693271175797,814.1563720703125,243.9193878173828
821.1315598172059,248.55591962504775,813.7848740594748,241.47215175163697,815.2001953125,242.83682250976562
822.324313875715,247.12596319425077,814.6922688896303,240.35298147030412,816.2095336914062,241.699462890625
823.448500438851,245.66087709488158,815.54381184376,239.2122201733212,817.1618041992188,240.5321807861328
824.5313345978119,244.11068426824065,816.3494873906916,238.03084423439427,818.0703125,239.3095703125
825.528068855011,242.53660844119295,817.107444799483,236.83558237724347,818.9161987304688,238.06016540527344
826.4725263623716,240.89022095690592,817.7866122420702,235.5835376969008,819.7109985351562,236.75924682617188
827.339910603994,239.2143141492024,818.4351984727682,234.33244124842813,820.4391479492188,235.4310760498047
828.1398076467632,237.4862060910365,819.0340288256203,233.0551820287138,821.1049194335938,234.0629119873047
828.8537093498198,235.7532207967679,819.5785233455364,231.76759276229004,821.6995849609375,232.6790313720703
829.5056954050023,233.969116196097,820.0817683765771,230.44064173827695,822.2357177734375,231.2471160888672
830.0811549396497,232.1692214869647,820.52964212065,229.0991462199832,822.7017211914062,229.79730224609375
830.5788494580507,230.35304804901057,820.8708702350974,227.73385086777844,823.096435546875,228.3343048095703
830.994445451749,228.53428844218305,821.1921399814238,226.37204508983697,823.4208374023438,226.86366271972656
831.3372534697108,226.6978433727022,821.4701766507342,224.9716327383945,823.68408203125,225.35894775390625
831.6047181831174,224.89128304499303,821.7004359204486,223.56330986320341,823.8855590820312,223.85629272460938
831.8031237033066,223.09054715692227,821.8859173420584,222.16029672452242,824.0258178710938,222.36102294921875
831.9298969962498,221.25736903558493,821.9791968507589,220.73485100989078,824.1053466796875,220.84649658203125
831.9792008345006,219.40476940009665,822.050020673949,219.3081680654157,824.1201171875,219.32830810546875
831.9539676194397,217.55331804905603,822.0701736131555,217.89062292506338,824.0687255859375,217.82241821289062
831.8795497050414,215.6832765399878,822.0332069317233,216.4490757875042,823.9503173828125,216.2999725341797
831.6993156185084,213.83232523327553,821.9341135583005,215.0223633776247,823.7673950195312,214.7989501953125
831.4364318624395,211.99180545019007,821.7640159767029,213.5746176672039,823.52001953125,213.28726196289062
831.1024039088743,210.1868124294873,821.4857333821925,212.15522976903503,823.2158203125,211.8011016845703
830.704091875338,208.43629595113157,821.1948515867552,210.7397174592484,822.8609619140625,210.3361358642578
830.2392988624044,206.70955466728233,820.8537707999893,209.34002755675164,822.4559326171875,208.8909912109375
829.6924355363144,204.97892214848343,820.4523795470789,207.92787618760116,821.9917602539062,207.43658447265625
829.0760083568334,203.29061570402146,819.9913009641961,206.53594205438566,821.4800415039062,206.00411987304688
828.3958712018616,201.63803831755598,819.4311120686402,205.18294669561902,820.9221801757812,204.5933380126953
827.6562661831601,200.02085393301144,818.8469529544121,203.84669038476574,820.320068359375,203.20692443847656
826.8558694243152,198.43586606633446,818.214475701587,202.53869231400807,819.673828125,201.84580993652344
825.9871528021358,196.87667555929713,817.5337742305462,201.26596334001343,818.9822387695312,200.5138702392578
825.0496156848791,195.3512530150989,816.7851080987291,199.99779969511386,818.2340698242188,199.1831512451172
824.0395876232038,193.85735497447783,815.9812322228789,198.77681605803048,817.4417114257812,197.88522338867188
823.0009657141545,192.41219749615908,815.0811222785503,197.62537021366498,816.6087646484375,196.61981201171875
821.8862951868963,191.03997667124784,814.175597778414,196.48919370581095,815.7367553710938,195.3859100341797
820.7196895193855,189.7230087362179,813.2325137804397,195.38332798999758,814.8247680664062,194.17958068847656
819.4861916861596,188.43778332894857,812.2565086719283,194.31759102815187,813.869873046875,193.00546264648438
818.2261858830831,187.21380456783913,811.2390959713731,193.28145478659795,812.87548828125,191.8603973388672
816.924566526795,186.0093428125807,810.1834769064628,192.28997018748464,811.8388061523438,190.74771118164062
815.5883699557637,184.84676087658158,809.0458774404592,191.38268230124396,810.76123046875,189.66905212402344
814.2097908685661,183.7426937368326,807.9039827739324,190.48641029095208,809.6445922851562,188.6249237060547
812.8055783709295,182.71223223354002,806.7535406333097,189.6575251233489,808.5127563476562,187.63865661621094
811.3721665487711,181.7385504482203,805.5652199239826,188.8786107860733,807.3456420898438,186.689453125
809.8882104179579,180.8516292764792,804.3404979670943,188.1502796405995,806.1447143554688,185.77662658691406
808.3892438631894,180.00110495264715,803.0510878945953,187.52669061331065,804.9124755859375,184.90255737304688
806.8672810002265,179.22974764583867,801.7547951347764,186.91400263313065,803.6513061523438,184.0634765625
805.3196082459574,178.51737866145612,800.4332776339827,186.35705337285893,802.3632202148438,183.26063537597656
803.7648819326366,177.85345989194428,799.0723229920932,185.86111283320508,801.0479125976562,182.48985290527344
802.2187000275189,177.2396837639328,797.68839350417,185.48397027664444,799.7312622070312,181.76634216308594
800.6483836204864,176.6730464023811,796.3072445698538,185.12561633028858,798.3870849609375,181.07598876953125
799.0575409468438,176.15790257809266,794.9202804832838,184.80835397648133,797.0184326171875,180.42140197753906
797.451878730623,175.68968176129334,793.5330940753175,184.52348495056447,795.626708984375,179.80401611328125
795.8378500892162,175.26693754856228,792.1400490880189,184.2790315989174,794.2140502929688,179.22438049316406
794.2146576239876,174.8929942112424,790.7303407642173,184.10948560054575,792.7818603515625,178.6829376220703
792.6172178069611,174.58677146069564,789.3569448339258,183.94477797257923,791.3624267578125,178.18841552734375
791.0191407648734,174.3418831690782,787.9614018387803,183.80378588410133,789.9260864257812,177.7242431640625
789.4162318391692,174.13386461107166,786.562086935456,183.70070493937493,788.4743041992188,177.29112243652344
787.8059937238565,173.9599500034607,785.163896209353,183.66049044629182,787.0075073242188,176.89161682128906
786.1932119560785,173.8267662596999,783.7732006276575,183.62226165510657,785.5264282226562,176.5257110595703
784.5842838022224,173.72244488960712,782.3773904604625,183.61183305679384,784.0330810546875,176.1924591064453
783.0102673423918,173.6603091423407,780.9959620891356,183.634677110231,782.5590209960938,175.894775390625
781.437290770174,173.6107223568281,779.624577347074,183.68176648845528,781.0742797851562,175.62753295898438
779.8669385485069,173.58153102669374,778.2419339139906,183.7249352897992,779.5775756835938,175.38775634765625
778.2958257940908,173.55866464525354,776.8673379516104,183.77940621383766,778.0696411132812,175.177001953125
776.7219509908276,173.54040275135708,775.5112804196002,183.84652845894615,776.5506591796875,174.99856567382812
775.1818172624621,173.5332779376381,774.1884667048519,183.8973693632814,775.0551147460938,174.855224609375
773.6549132838468,173.53013305200534,772.7717692243859,183.90939537451302,773.5530395507812,174.7274169921875
772.1289592999234,173.51476174879258,771.3275874645919,183.90055754154338,772.0443725585938,174.6110076904297
770.5981298279356,173.50671431873667,769.8890369546464,183.890980857937,770.52978515625,174.50758361816406
769.0620818980597,173.49870925615582,768.453545011252,183.894608554581,769.0082397460938,174.41851806640625
767.5216666091579,173.49202778761463,767.0142830879296,183.8918323074645,767.4801025390625,174.34396362304688
766.0112389804931,173.48704406585392,765.6107680110772,183.88828266897053,765.98046875,174.28622436523438
764.4976909302341,173.48119814196357,764.196495732074,183.8853559151828,764.4756469726562,174.24266052246094
762.9797151574109,173.46536926593183,762.8032259771478,183.8831831351654,762.9669799804688,174.21710205078125
761.4594921170674,173.4639112914521,761.3786042638676,183.8818465869411,761.4537353515625,174.20535278320312
759.9367977491718,173.46334889964857,759.94749599661,183.88512006095698,759.9375610351562,174.2069091796875
758.4129498031674,173.46457099041154,758.502376039877,183.8828322816516,758.41943359375,174.21994018554688
756.8845479091141,173.4708289375949,757.0509490200548,183.88054859255163,756.8969116210938,174.24427795410156
755.3498421396949,173.4814550750568,755.5870389376364,183.87785506042093,755.3680419921875,174.27915954589844
753.8432010399404,173.49311381952927,754.1478228535184,183.87623016614995,753.8675537109375,174.32318115234375
752.3290671610907,173.51033833879572,752.6926174137595,183.87429933469133,752.3594360351562,174.37608337402344
750.808418595551,173.53151989469885,751.2277613299716,183.873362082548,750.8451538085938,174.43748474121094
749.2818248215069,173.5483244320242,749.7510456205234,183.87180390674365,749.3253784179688,174.50656127929688
747.7503730560165,173.58040960074283,748.2579667897774,183.86393979353005,747.7998046875,174.5818634033203
746.2127833570837,173.62070123726332,746.7648372322802,183.85159658997253,746.2691040039062,174.66445922851562
744.7064244306056,173.6689730556031,745.2941724919134,183.83661116985544,744.7689819335938,174.7511749267578
743.194895343003,173.723505737278,743.8115120466529,183.81560556301184,743.2633056640625,174.84317016601562
741.6783607129897,173.77467539264828,742.315547723455,183.7840614437647,741.7525024414062,174.93934631347656
740.1567123658688,173.82517224474358,740.806665274454,183.73989754721515,740.2362670898438,175.0387420654297
738.6353119800452,173.87703616293126,739.2400349265615,183.70216056047897,738.7125854492188,175.1325225830078
737.1071710986745,173.92064790294302,737.6639820387338,183.68293279123736,737.1812744140625,175.21986389160156
735.5964570023315,173.92796960654172,736.1773961260491,183.65699535322332,735.678955078125,175.3095703125
734.077703151711,173.93823240110703,734.6792782756751,183.63632882951933,734.1685791015625,175.40325927734375
732.5511125098105,173.94120791640748,733.1677447994311,183.6228311274041,732.650390625,175.4999542236328
731.0062861258423,173.94726641924368,731.6931801939527,183.6134616549073,731.1243286132812,175.6083984375
729.4540793412394,173.95667941823478,730.2087005902264,183.6119072978296,729.592529296875,175.72811889648438
727.9370751769903,173.96745271039148,728.7279163356303,183.61485182469406,728.0914916992188,175.85116577148438
726.417178357812,173.98518448621635,727.2229976339838,183.62263477877204,726.583740234375,175.97723388671875
724.8923726014385,174.02532521271658,725.708979603317,183.62686670334898,725.0693359375,176.1060333251953
723.3610914312638,174.08181343800152,724.1896126457272,183.63169630449158,723.5481567382812,176.23800659179688
721.8265049526105,174.14243028836015,722.6498374975453,183.63720053485054,722.0197143554688,176.37054443359375
720.322572746754,174.19969196371994,721.1495335970582,183.6419201626963,720.524169921875,176.50152587890625
718.8142769145358,174.25255659172873,719.6338011566468,183.64640927356874,719.0219116210938,176.63258361816406
717.3022956293404,174.30515172989212,718.1086210023291,183.65258481129183,717.5142822265625,176.76263427734375
715.7793495798211,174.35762180399902,716.5885912468143,183.65621711422008,716.0001220703125,176.8944091796875
714.2534653521831,174.40971139004347,715.0477579921721,183.66294700778877,714.4779663085938,177.0250701904297
712.7165102572578,174.4610324702335,713.507749199644,183.6718511535498,712.9480590820312,177.156494140625
711.2129141109151,174.51044618198006,711.9963246081343,183.6764703715864,711.4500122070312,177.28453063964844
709.6991494250681,174.56233997618693,710.4771419824169,183.68081881797792,709.9423828125,177.4131622314453
708.1756585072646,174.61759227164842,708.9452993062474,183.68490300345462,708.4238891601562,177.54205322265625
706.6438158986874,174.6708613165707,707.4025178975658,183.68917357202668,706.8961791992188,177.6705780029297
705.1415200180919,174.71368089197682,705.8980220207692,183.69308653848756,705.4012451171875,177.79652404785156
703.6334329701884,174.74206374600237,704.3866873726749,183.69623770954658,703.9010009765625,177.9227294921875
702.1166620902364,174.75954875142978,702.8645753396929,183.69979676016055,702.391845703125,178.04898071289062
700.5919313470299,174.77147652724926,701.3404043655785,183.70204893031794,700.8772583007812,178.17591857910156
699.0632793553925,174.77219800806364,699.8009772388089,183.7091163509489,699.3546142578125,178.30160522460938
697.5265842937246,174.77380826983355,698.2607251630096,183.71167211016586,697.82666015625,178.42710876464844
695.990367191866,174.7713467144609,696.7032167847881,183.71490225065153,696.29150390625,178.54946899414062
694.4907515470758,174.77030301903284,695.1853994319366,183.71690127588607,694.793212890625,178.66580200195312
692.9825339971005,174.7731752896176,693.6695801429967,183.7193081560384,693.2903442382812,178.78121948242188
691.469345961194,174.77799690955342,692.1481098567376,183.72143269703116,691.7818603515625,178.8957061767578
689.949657850033,174.78263117731555,690.6245460453575,183.72379523892718,690.2687377929688,179.00991821289062
688.4220048635896,174.78775477677246,689.1009963974634,183.72520330684202,688.7515258789062,179.12518310546875
686.8912587012029,174.78934818960894,687.5705506707143,183.7326568487852,687.2293701171875,179.2407989501953
685.358761694213,174.79426367182566,686.0370527083351,183.73599896711136,685.704833984375,179.3564453125
683.8222095222866,174.8003190086683,684.4979090716779,183.7391364869297,684.1753540039062,179.47206115722656
682.282146134074,174.8067234313002,682.9561074854281,183.7434064643588,682.6427001953125,179.587646484375
680.7364618769478,174.81337052962442,681.4120966664847,183.7483611033102,681.1062622070312,179.70382690429688
679.1859807628018,174.819706082027,679.8658354799883,183.7531688223561,679.5665893554688,179.8209991455078
677.6781902740529,174.82741556173767,678.3575788670886,183.7589631264069,678.0667114257812,179.93508911132812
676.172182012413,174.83605743638412,676.8445230835524,183.76396323412794,676.564697265625,180.04820251464844
674.6628004829918,174.8408377520279,675.3282729944262,183.77658784433336,675.0589599609375,180.16033935546875
673.156114802547,174.84923670074926,673.8066261052678,183.7842752167195,673.55078125,180.2701416015625
671.6458923109266,174.85791316907654,672.2835054887445,183.79189602849831,672.0398559570312,180.3779754638672
670.1292331754611,174.86776692387343,670.7613515894357,183.79920920510935,670.5267944335938,180.4850616455078
668.6187780746861,174.87591856720042,669.231326260161,183.80698795847448,669.0106201171875,180.58905029296875
667.0995895366361,174.88554691383797,667.7055705859174,183.81458381843896,667.49365234375,180.69200134277344
665.5866430704215,174.89533243351457,666.1740131717513,183.8226405751304,665.974609375,180.7919464111328
664.0706120103089,174.89889336797862,664.6406341987921,183.82974846998925,664.4529418945312,180.88906860351562
662.5589222019569,174.90686911694928,663.1030225032706,183.84256699534836,662.9288330078125,180.98187255859375
661.0439203780098,174.9142760383991,661.562449546602,183.849399315985,661.4011840820312,181.07052612304688
659.5258861524584,174.92180790130524,660.0189848619684,183.85544965915898,659.8699340820312,181.15504455566406
658.0002220292802,174.92884929213125,658.477171715872,183.86143048434246,658.3370361328125,181.2368927001953
656.4753389232784,174.9350646471496,656.9293955675599,183.86655918534868,656.7996826171875,181.31504821777344
654.9457919520238,174.94020531269516,655.3811297319346,183.87109170772618,655.2601928710938,181.3900909423828
653.4140572975382,174.94585189470934,653.8297322280757,183.87469423097318,653.7174072265625,181.4619140625
651.9242957795715,174.94508625120181,652.3218742600554,183.88437427203536,652.2171020507812,181.5286407470703
650.4315428159972,174.94912556330905,650.8118269200612,183.88611959277256,650.7142333984375,181.59259033203125
648.9387338676647,174.95242808657534,649.2992414674593,183.8872194543492,649.2091064453125,181.6533203125
647.4430046360746,174.95500649283454,647.785104667682,183.88849259445587,647.7017211914062,181.71104431152344
645.948752379839,174.9577402441111,646.2693728747363,183.8895821966344,646.193115234375,181.76519775390625
644.452986223537,174.9604881556687,644.7535928259315,183.88985833058024,644.6837768554688,181.81600952148438
642.9596896953789,174.96322474793786,643.2358812310308,183.8900814340424,643.1731567382812,181.8627471923828
641.4615696474593,174.96640262902793,641.7177259947484,183.89054762653427,641.6607666015625,181.90615844726562
639.965114869941,174.96292827907413,640.1974877843938,183.90009864935845,640.1466674804688,181.94552612304688
638.4647088434634,174.96521797177635,638.6777677194381,183.90018893279782,638.6320190429688,181.9816436767578
636.9605544635666,174.96853172975517,637.1572998103237,183.89963799588935,637.1157836914062,182.01504516601562
635.4414398060933,174.9717477732443,635.6412163475046,183.90031229968957,635.5997924804688,182.04896545410156
633.9234213492161,174.9761146552798,634.1228812633846,183.8995007928748,634.082275390625,182.0828857421875
632.4068702727291,174.97984224152535,632.6043031410585,183.90047099646486,632.5648193359375,182.11647033691406
630.8970352083579,174.98335052718892,631.0840035639402,183.90187559807293,631.0472412109375,182.14828491210938
629.384879944015,174.98206511590485,629.5636888275938,183.90385721470713,629.5291137695312,182.1787109375
627.874514509836,174.9864235791449,628.0443519022779,183.91712212745264,628.0118408203125,182.2075653076172
626.3662873649505,174.99049974500434,626.5237096799658,183.91815796575537,626.4940185546875,182.2343292236328
624.8577621674796,174.99510005516086,625.0051435179561,183.91988954910028,624.9777221679688,182.25936889648438
623.3493591998566,175.0007912865776,623.4864283393888,183.92186487089947,623.4612426757812,182.2826690673828
621.8474873952385,175.0053038106407,621.9662984805302,183.92403201681034,621.9447021484375,182.30287170410156
620.342761377659,175.01123605599224,620.4470108736735,183.92752857914158,620.42822265625,182.3206024169922
618.8385974220535,175.01542607985985,618.9290890486407,183.93064676748037,618.9129028320312,182.3359832763672
617.3364383493979,175.01561094682572,617.4093360573628,183.92688500387032,617.3964233398438,182.348388671875
615.8241462250561,175.02215697706407,615.8936108083484,183.9333680936661,615.88134765625,182.36019897460938
614.3182710001146,175.0283314270446,614.3747154611763,183.9329379286211,614.3648071289062,182.36981201171875
612.7989993283667,175.0351026218204,612.860498490137,183.94987746437437,612.8496704101562,182.38026428222656
611.2934380960668,175.04190722750775,611.3425238700626,183.98974846590326,611.333740234375,182.38858032226562
609.7804550419326,175.04934456225538,609.8277597427583,184.04484996984917,609.819091796875,182.39654541015625
608.2716623083071,175.05798168303977,608.3120185748853,184.10070052191833,608.304443359375,182.40330505371094
606.759785444124,175.06621120505034,606.7963741899428,184.14863557964466,606.7893676757812,182.40940856933594
605.2459279588842,175.07654091732385,605.2814812654397,184.19692867341053,605.2745361328125,182.41531372070312
603.7286333057643,175.0800710462366,603.7679012425685,184.25047401963025,603.7600708007812,182.4217987060547
602.2074489901264,175.09059844089052,602.2548867902022,184.28834314622944,602.2453002929688,182.4296112060547
600.6806329801167,175.10211274172417,600.7444562341674,184.31904531941336,600.7314453125,182.44009399414062
599.1593332170302,175.11421400642695,599.2332492447326,184.34720094286976,599.2180786132812,182.45220947265625
597.6413070251742,175.12748359450393,597.7212327537349,184.37723127087912,597.7047119140625,182.4652862548828
596.1207309606751,175.13944143637653,596.2131549711338,184.411058582813,596.1939086914062,182.4803466796875
594.6121520405151,175.1527319535933,594.7029628155284,184.44604559921933,594.6838989257812,182.49510192871094
593.1000524531494,175.1657701013255,593.1995922636376,184.48284746709544,593.1785278320312,182.5111846923828
591.5970848892763,175.1715320777709,591.6983524821505,184.5212098363914,591.6767578125,182.52745056152344
590.0532845417599,175.18436332834725,590.1601019154862,184.5734988230979,590.1370239257812,182.5449676513672
588.5215916417517,175.196644913456,588.6306189370508,184.61374842129166,588.6068725585938,182.56268310546875
586.9975958976138,175.20873751316697,587.1102223593545,184.6530678255232,587.0855102539062,182.58082580566406
585.4788323489165,175.21935132106657,585.6041945234986,184.69018109094654,585.5765380859375,182.60079956054688
583.9348181849066,175.2290487649695,584.0665629377121,184.7282315419456,584.037353515625,182.6221466064453
582.4080866163947,175.23799696022502,582.5461371219084,184.7672077712629,582.515380859375,182.64419555664062
580.9050093005625,175.2463241539947,581.0407880312259,184.8125176380822,581.0103149414062,182.66555786132812
579.3772442248761,175.25263484701009,579.5100260555273,184.86082774720032,579.47998046875,182.68670654296875
577.8550121423077,175.2494877298544,578.0003880345561,184.90899473650816,577.96728515625,182.70947265625
576.323882529899,175.25441747587706,576.4630410434853,184.97080844808514,576.4309692382812,182.73147583007812
574.7989171347801,175.25914996127884,574.945760900168,185.01945705883855,574.9116821289062,182.75433349609375
573.2997550984579,175.26213040363984,573.4455336546467,185.06538931626696,573.4114990234375,182.77664184570312
571.7943917449036,175.26512778425405,571.918040219283,185.10336556708495,571.8890380859375,182.7957763671875
570.2975948302981,175.2683893684543,570.4089685131008,185.12840638803223,570.3828125,182.8127899169922
568.7761042133354,175.27022195352697,568.8739770366018,185.14485208625385,568.8510131835938,182.82797241210938
567.2670818256628,175.26355806996781,567.3506031324872,185.15621492537355,567.3310546875,182.84080505371094
565.7612807328816,175.26570826612885,565.8391179458346,185.16724205987762,565.8209228515625,182.85267639160156
564.2578007753449,175.26818708192064,564.3345368103544,185.18332760553528,564.3165893554688,182.86431884765625
562.7215419762899,175.2709209271369,562.7958268763924,185.188693020294,562.7785034179688,182.87583923339844
561.1821909387514,175.27352746500472,561.2601157830054,185.193527612912,561.2420043945312,182.88790893554688
559.645608418755,175.27775504640334,559.7226186973065,185.1988848448515,559.7047729492188,182.89984130859375
558.1109745333843,175.2832077066773,558.1835254525835,185.20565336692448,558.166748046875,182.9110870361328
556.6089491809068,175.2902148674271,556.6813040491328,185.210692092541,556.6646118164062,182.9220428466797
555.1184196100133,175.2911165257518,555.1705193374928,185.21862907620385,555.1585083007812,182.92994689941406
553.6132972530613,175.30143249443626,553.6591325428577,185.2263273239805,553.6485595703125,182.93692016601562
552.1094562850452,175.31416748223413,552.1406661005346,185.24689132468635,552.1334228515625,182.94168090820312
550.6128373892161,175.32732442149327,550.6137346459253,185.257762899482,550.613525390625,182.9418182373047
549.0998806979468,175.34237749412947,549.0859668569894,185.27049932465854,549.0892333984375,182.93968200683594
547.6002000103074,175.358087431171,547.5475082285233,185.28434752590482,547.5599975585938,182.9315643310547
546.0912192970234,175.37469688994028,546.0053518482736,185.29742082961138,546.0259399414062,182.9182891845703
544.587676974299,175.38180367977284,544.4553155644461,185.3112730153508,544.4874877929688,182.8977813720703
543.1317989707821,175.39904944982786,542.934914399313,185.32444884916873,542.983642578125,182.86795043945312
541.6785519844914,175.41618051366422,541.4057812745577,185.33624630295256,541.4747924804688,182.8264617919922
540.2203233793792,175.43427391385308,539.8709532046214,185.34942747109054,539.9617309570312,182.7731475830078
538.7683248592847,175.44884251609125,538.326038063326,185.3512077641079,538.4442138671875,182.7053680419922
537.300231042884,175.45719868550304,536.7795375963051,185.35067187973482,536.9229736328125,182.62530517578125
535.8419958712615,175.44705737009684,535.2212188642044,185.34857942456694,535.39794921875,182.52969360351562
534.3792871175028,175.44396284398655,533.6556976855684,185.34296669785158,533.8695068359375,182.41796875
532.9097538885915,175.42903871062666,532.0820859711847,185.33345164508236,532.33642578125,182.28985595703125
531.4718995059011,175.3997401989758,530.5448311478058,185.32100161864466,530.8411254882812,182.15013122558594
530.0108080582856,175.35524446739026,529.0075518395896,185.3166451038283,529.3416748046875,181.99911499023438
528.5532718126856,175.30624447804837,527.4602063745756,185.302944757919,527.8394165039062,181.83485412597656
527.0814165750793,175.23976132159586,525.9090797008158,185.28522481988276,526.332275390625,181.65896606445312
525.6090665244593,175.18368774277386,524.3479832212352,185.25769632728372,524.8221435546875,181.4699249267578
524.1282622126799,175.12290209470925,522.7790145944067,185.21856859912467,523.3070678710938,181.26744079589844
522.6457116728019,175.05865269938636,521.1998784012018,185.17064289446242,521.7890014648438,181.05038452148438
521.1519854192178,174.9934061773013,519.6131216537696,185.11205132532533,520.2660522460938,180.8187713623047
519.69099506545,174.9282816615007,518.063314641199,185.05495994699226,518.7825317382812,180.580322265625
518.2266083724862,174.8381458679739,516.4994693465007,185.00119396443074,517.2937622070312,180.3273162841797
516.7563228818223,174.75683948730494,514.9368051173906,184.8909938870207,515.80419921875,180.05987548828125
515.2788200446017,174.6694625683706,513.3681178776931,184.75528166736797,514.3112182617188,179.77703857421875
513.7995833868713,174.5726909946929,511.7924824076653,184.57848601814777,512.8157958984375,179.47706604003906
512.316081357989,174.45670236272588,510.2176048657653,184.36906830821005,511.3202819824219,179.16046142578125
510.8314573632453,174.32129868636721,508.63569826063554,184.12144857036222,509.8224182128906,178.82485961914062
509.3408087344362,174.17143315228748,507.0589292072235,183.82917236225197,508.3249206542969,178.47103881835938
507.89293389924455,173.97002557470688,505.53119565868474,183.5186361395732,506.8687438964844,178.11087036132812
506.4347776226868,173.7750734716626,503.9977019688025,183.2063340264512,505.41168212890625,177.73435974121094
504.9749537929265,173.55457493039327,502.4574194356969,182.9044093727705,503.9551086425781,177.3421630859375
503.5141005285829,173.31150197944876,500.9087841642509,182.60101108057893,502.4982604980469,176.93357849121094
502.0558881154049,173.0470249170405,499.3523104279288,182.28262678772825,501.0428771972656,176.50753784179688
500.612339433958,172.72007816881353,497.78910841179413,181.94504097570442,499.58935546875,176.0626983642578
499.15662320030884,172.39481931184045,496.2295847024642,181.5967346528303,498.1368713378906,175.60067749023438
497.7034885237419,172.0429048438033,494.6679401856844,181.22418103590644,496.6858215332031,175.1209259033203
496.25004587278767,171.66717907318395,493.11291977714586,180.82528019331485,495.2369689941406,174.62461853027344
494.7985341059902,171.27250640747323,491.5605871122548,180.38984803457893,493.7904968261719,174.1109161376953
493.35009708500746,170.85533599646186,489.99999130080175,179.93947412812489,492.345947265625,173.57818603515625
491.90433240174593,170.41453915749454,488.44613978834036,179.47215829828585,490.90631103515625,173.02853393554688
490.51594639892517,169.94070807874567,486.9222432787536,178.99613517745593,489.5103759765625,172.47454833984375
489.11829583158936,169.4751166047735,485.40035840292154,178.4995728231885,488.1187744140625,171.90122985839844
487.7248381319396,168.99127479715517,483.88099539980004,177.9729682547912,486.7332458496094,171.3082733154297
486.3326447119177,168.4839810368788,482.36773745883335,177.41503076433116,485.3511962890625,170.69471740722656
484.95095916618124,167.95018923524773,480.8539557814825,176.82661923916265,483.9769592285156,170.0604248046875
483.5680472222265,167.38729879860716,479.36515739966524,176.21816488629963,482.6062927246094,169.4080810546875
482.20820182119877,166.76771277976857,477.8795302528752,175.5758100786533,481.240478515625,168.7368621826172
480.8335429833682,166.15529445505902,476.41529452858373,174.9111957357204,479.8778381347656,168.0492706298828
479.46575151803296,165.5224406188717,474.9595383691042,174.2233107917793,478.5210266113281,167.34657287597656
478.1034494126567,164.8680711051256,473.502458214985,173.5039453787474,477.167236328125,166.62530517578125
476.7493968433212,164.19432126215023,472.0555765878489,172.75704378221496,475.8212585449219,165.88748168945312
475.39967819995195,163.49985347810232,470.61209796069994,171.99172249569088,474.47991943359375,165.13125610351562
474.0536252640757,162.78301086191317,469.1792364524818,171.21591043530123,473.1429748535156,164.3584747314453
472.77345829604604,162.03816411141446,467.7941031393766,170.44480051935798,471.8520202636719,163.5938262939453
471.4762247854332,161.30745560981651,466.429474220572,169.64983749825643,470.5643310546875,162.81483459472656
470.1889268600878,160.5630344475894,465.04934878815646,168.83645348509972,469.28411865234375,162.01954650878906
468.9071838426014,159.79994620322893,463.68370978820593,168.01153746216087,468.0105895996094,161.20944213867188
467.6290515467384,159.0136843255939,462.34053763005755,167.17695955595752,466.7398681640625,160.38621520996094
466.3619341929183,158.20961705789435,460.99838827435445,166.31410060190956,465.4753112792969,159.54933166503906
465.0996203119264,157.38664983698015,459.67108144108045,165.43180714272077,464.21441650390625,158.6985321044922
463.85292567090625,156.54072975904802,458.34212853214115,164.51460315590464,462.9605407714844,157.83197021484375
462.65332469205526,155.6208584084316,457.0265286947847,163.5647761682418,461.7130432128906,156.94834899902344
461.44474477060584,154.7168298829359,455.71982110884926,162.5801019009472,460.4758605957031,156.047607421875
460.24761886012186,153.78628802115026,454.4358328002663,161.5742880118259,459.245361328125,155.1293487548828
459.07013814586423,152.83354038444787,453.16146259154823,160.53585559565929,458.0263366699219,154.19419860839844
457.90546422501615,151.85471820343125,451.9124998448723,159.4708090759054,456.81475830078125,153.24082946777344
456.75664335423306,150.8483411495865,450.6972844676137,158.38850700884458,455.6112365722656,152.27366638183594
455.65093232747773,149.8523045109835,449.5386808161395,157.32270344432212,454.44830322265625,151.32215881347656
454.557846675895,148.8341916955043,448.39849951626616,156.24364200838534,453.2900390625,150.35931396484375
453.5082467690747,147.77204654237315,447.24431433254216,155.11966218171145,452.1390686035156,149.3780975341797
452.4494831198932,146.7226244141322,446.10245550549377,153.98131157856477,450.9991149902344,148.38131713867188
451.3986118835081,145.6576132331647,444.97028783100444,152.83029193098525,449.866943359375,147.36663818359375
450.3605376196948,144.5828597896697,443.850815282591,151.64996422626527,448.74676513671875,146.33480834960938
449.3278524106144,143.49137610429358,442.74866224430855,150.47169199573204,447.63525390625,145.28717041015625
448.31396947010705,142.38371607964746,441.6516051716363,149.27090986316037,446.5349426269531,144.2227783203125
447.30908067793564,141.25873574602156,440.5713512212103,148.06114862310176,445.4437561035156,143.1419677734375
446.3473083417954,140.09218418419303,439.5045844338622,146.83316463367444,444.3640441894531,142.04595947265625
445.37445834743846,138.93534366019512,438.45725465164315,145.58259983106572,443.2950744628906,140.93357849121094
444.41938631301485,137.76130300787216,437.4311292957683,144.3057877137542,442.2376708984375,139.80447387695312
443.51392054173425,136.60523046391984,436.4598400278959,143.05241535169677,441.2253723144531,138.69688415527344
442.62557391171146,135.42811521822676,435.5048652667723,141.78103882106365,440.2221374511719,137.57240295410156
441.74944121532513,134.23729802573175,434.57366925446433,140.49985297845643,439.2302551269531,136.43588256835938
440.90786226727397,133.01644321558996,433.6593329354334,139.196055704575,438.2481689453125,135.28392028808594
440.05715029160916,131.80111655061876,432.7643559590523,137.87650519904696,437.2765197753906,134.11756896972656
439.21843762607955,130.57200388033567,431.88514171626286,136.54732417899598,436.31512451171875,132.93768310546875
438.38888254503115,129.33007255298185,431.0223760924162,135.20471768399568,435.3627014160156,131.74339294433594
437.57364652482835,128.07310267065054,430.17953898705645,133.84714453979421,434.4197998046875,130.5359344482422
436.7729785308423,126.80254475510026,429.3903606453236,132.45169645925807,433.4870300292969,129.3169403076172
435.9814183961351,125.51891090961396,428.6146422326396,131.04816776077203,432.56243896484375,128.0850830078125
435.22008986235056,124.20757005193508,427.85893558943354,129.63843713445456,431.646728515625,126.84390258789062
434.44919561602103,122.89163410638324,427.111001896735,128.23183957886755,430.7366638183594,125.59334564208984
433.6848546313679,121.5646517731985,426.365564587952,126.82882551013404,429.83209228515625,124.33563232421875
432.9422638327697,120.27618506723452,425.6537475745325,125.46618030212221,428.96044921875,123.1115493774414
432.1966046844696,118.98984677621644,424.9353551960184,124.10710578867484,428.0935363769531,121.88142395019531
431.4480062713018,117.6962359255637,424.1829552671388,122.77298508510606,427.2290954589844,120.64437103271484
430.7051733734335,116.39676625919195,423.4300572511084,121.43690968893432,426.3680419921875,119.40149688720703
429.96098158079167,115.08810131155418,422.66770115700905,120.10606061074587,425.5081787109375,118.15174102783203
429.2164678277167,113.77313795685403,421.9018429526467,118.77709701832748,424.64990234375,116.89714050292969
428.49640605659437,112.43608072535378,421.13177336858246,117.44597915791485,423.7921447753906,115.63622283935547
427.7756135157659,111.09361791616526,420.3545190130987,116.11737851344212,422.9352111816406,114.370361328125
427.0664328898242,109.73454815372533,419.57961541311084,114.78386820043166,422.0777893066406,113.09902954101562
426.3632961271898,108.35866104568429,418.81008398207393,113.44582248254481,421.21875,111.82356262207031
425.66028267114257,106.97767597523979,418.0393351698145,112.10390441466735,420.358154296875,110.54415130615234
424.9536893705778,105.59210767794467,417.2688595548334,110.75673567696788,419.4953918457031,109.26038360595703
424.25372026541345,104.19639527076214,416.51274297239377,109.39745191479513,418.63116455078125,107.97411346435547
423.56074042336843,102.8488389722155,415.79078692769315,108.07359814020573,417.7928161621094,106.72737121582031
422.86045496830275,101.50562427404903,415.0735287883527,106.74498171966854,416.95355224609375,105.48002624511719
422.1442370932825,100.15961462800799,414.3501414498709,105.42001236233203,416.1109619140625,104.23159790039062
421.41854120949694,98.81542336433384,413.61435493514256,104.10271518311104,415.26568603515625,102.98394775390625
420.67810263148954,97.46952579642016,412.87444290942113,102.78768291363257,414.4159851074219,101.73712921142578
419.9246497496975,96.12274797930355,412.10052589629623,101.49736883874583,413.561767578125,100.49359893798828
419.1637669949481,94.78248350345862,411.334802364034,100.19792979858885,412.7027282714844,99.251708984375
418.385882426921,93.43795695578332,410.55706702811875,98.90919433422904,411.83782958984375,98.01412200927734
417.60075170167227,92.09965617879402,409.76622778443857,97.62893885035707,410.96759033203125,96.78106689453125
416.7944932365789,90.76474201206537,408.96652671680863,96.35420992128746,410.0899963378906,95.55200958251953
415.9992871046643,89.45395573833632,408.15795880399304,95.08128489571124,409.2102355957031,94.32611846923828
415.1968017416901,88.15257606723037,407.3420501835868,93.8093382191771,408.3271484375,93.09989929199219
414.38718805594056,86.86089340802755,406.4808515756258,92.57100888227211,407.4432067871094,91.8759765625
413.5683134602562,85.57733125238548,405.63606881825064,91.31888790898142,406.55731201171875,90.65206909179688
412.72914385520835,84.29464267134155,404.78031178869367,90.07790556823582,405.6690979003906,89.43125915527344
411.8625352783417,83.00336907528711,403.91253724873775,88.8502210100363,404.7751770019531,88.21578979492188
410.97404750300797,81.70780454003005,403.0304036891934,87.6342416168115,403.87255859375,87.00594329833984
410.059431390974,80.41802249305046,402.13211567326834,86.43308047231135,402.9607849121094,85.80430603027344
409.1230816148356,79.13850695548908,401.21967409341806,85.24322187197795,402.0387268066406,84.6105728149414
408.1651214383108,77.8700298741516,400.2522345865459,84.09855920427869,401.1064453125,83.42617797851562
407.1898549224651,76.61868522569515,399.30323881753804,82.94067162811045,400.1640930175781,82.25060272216797
406.17558807559675,75.39117892154596,398.3394060175506,81.79735583127487,399.2110290527344,81.08479309082031
405.1528592529736,74.17053618065442,397.3609749064577,80.66633403019765,398.24664306640625,79.92798614501953
404.1110191307655,72.96412343502496,396.36771092815775,79.54939925449352,397.2712097167969,78.78102111816406
403.0478607859365,71.76667900200545,395.35858144245856,78.44860054341359,396.2837219238281,77.64466094970703
401.9563424835939,70.57296617467797,394.332469283969,77.36938524837004,395.282958984375,76.52205657958984
400.8616457504499,69.41113184937916,393.26069909392845,76.32683135013319,394.2698974609375,75.40861511230469
399.76511858109404,68.28015786995618,392.2023397085094,75.26945414884351,393.24810791015625,74.30298614501953
398.64725537244703,67.15756124987053,391.12866710521416,74.22501334480042,392.2149658203125,73.20389556884766
397.5267106123971,66.06418551444948,390.0356572165021,73.19104626353507,391.17315673828125,72.10884857177734
396.3947615464075,64.98989462063366,388.92941360423947,72.1604016098519,390.1222229003906,71.01470184326172
395.2653458656315,63.94665150304569,387.8144540967248,71.12394624000228,389.0660705566406,69.91828918457031
394.09912169079,62.89365723794693,386.6729589116032,70.10987108228306,387.99957275390625,68.82076263427734
392.8960696471539,61.833735440389816,385.5422047170168,69.08684844015426,386.9208679199219,67.7270736694336
391.6743912540137,60.79367539214945,384.3948948524821,68.06803683068631,385.8292541503906,66.63468933105469
390.42800196353755,59.766327593026105,383.23366165677726,67.05522294979754,384.7247619628906,65.54452514648438
389.2031753103587,58.78254221566304,382.1008728682431,66.08247062194373,383.64569091796875,64.49466705322266
387.9634109271891,57.81166257315701,380.94993840327135,65.11837928846974,382.5542297363281,63.4470100402832
386.7031625014103,56.850478014380066,379.7764552558806,64.17014456203106,381.4497985839844,62.40187072753906
385.41467612538037,55.90765226505925,378.56372847133173,63.257668597301105,380.3323059082031,61.36025619506836
384.10978797369046,54.96638906766251,377.3537226125623,62.33768106065374,379.2004089355469,60.32283020019531
382.78299014599816,54.03750197882007,376.13079312483165,61.42972352236698,378.0546875,59.291805267333984
381.4425764054211,53.11749048669972,374.8964737959354,60.5305684283815,376.8948059082031,58.267574310302734
380.0975275708194,52.199110375178755,373.64987240963836,59.64357805445501,375.7216491699219,57.251502990722656
378.75150339513357,51.27996650839853,372.3908293131834,58.77133014672244,374.5360107421875,56.244815826416016
377.44890939350546,50.3958695175906,371.1697323055599,57.94377487290855,373.3818664550781,55.284671783447266
376.1496496685092,49.5200473700739,369.94208328506755,57.12635289775156,372.2193603515625,54.335941314697266
374.85142122011166,48.642127673273926,368.6821919529736,56.35597415289787,371.04736328125,53.398624420166016
373.5064572624803,47.73748435484828,367.3846304506619,55.55681800178666,369.8240966796875,52.44091796875
372.1592365048045,46.83972220718996,366.07169589090665,54.78465068894259,368.5912780761719,51.49631118774414
370.81017952243826,45.959007674389895,364.7448122185912,54.038273847394926,367.35174560546875,50.56575393676758
369.45720996283416,45.094175443852855,363.4130207510339,53.302065260293475,366.1044006347656,49.64722442626953
368.10794482363144,44.24831420725733,362.07919456044925,52.56652394731626,364.8525695800781,48.73994064331055
366.7553663182707,43.41935722145683,360.72988912512,51.85364289067638,363.59576416015625,47.84207534790039
365.40133878545913,42.610387669354274,359.384865855702,51.1330985152011,362.3359375,46.952720642089844
364.0429270444004,41.817672008058146,358.03491492518924,50.41494106667842,361.07177734375,46.06929016113281
362.6813903302955,41.03963251424737,356.6831910096737,49.70096136096958,359.8055114746094,45.19236755371094
361.31695612048156,40.28492561630821,355.32359438285323,48.98935225787599,358.5386047363281,44.32004928588867
359.94106277622114,39.55210792835974,353.96343771802,48.28183012402209,357.2707214355469,43.451873779296875
358.5710181167026,38.825692165632205,352.5907311078414,47.585385792625196,356.0033874511719,42.5866584777832
357.20086086122154,38.100022296234116,351.2229680663366,46.88415375226393,354.7349853515625,41.72346878051758
355.8329335525173,37.37372393739863,349.8559892243574,46.18807521160263,353.46661376953125,40.86339569091797
354.4623280935755,36.64799744076133,348.4937498937744,45.49817460642324,352.1969299316406,40.007118225097656
353.0950822428837,35.926006102921534,347.12962284295304,44.8104261859375,350.92724609375,39.15458679199219
351.72528962220497,35.20377955631734,345.76962776600664,44.130136973684216,349.65545654296875,38.30604934692383
350.3614402852458,34.487304461599656,344.40239226633014,43.44535963651787,348.38385009765625,37.46015548706055
348.99387477995,33.76859830622171,343.04645685081294,42.77246425892556,347.1108703613281,36.619300842285156
347.62659794382574,33.055660501761984,341.68325962776197,42.105820784227035,345.8360900878906,35.78213882446289
346.2614103197046,32.347740548536066,340.32419532965554,41.4326457196344,344.5613708496094,34.94907760620117
344.89367483121663,31.641118452149023,338.9747655139695,40.76210088784334,343.28466796875,34.120582580566406
343.52851809174314,30.937098851736202,337.6238107805209,40.084597993283744,342.0062561035156,33.29536819458008
342.16332174171805,30.231702479107526,336.2827006971803,39.41060546411416,340.72601318359375,32.47515869140625
340.7965515891745,29.527152410918227,334.9477303172161,38.73799629144025,339.4422302246094,31.65996551513672
339.4355757336858,28.817966173175375,333.6209655686018,38.07004210179192,338.1570739746094,30.8522891998291
338.0722608015669,28.114969378559856,332.2949048340947,37.400332569903945,336.86810302734375,30.050291061401367
336.7114199382376,27.413706755267185,330.9639718773259,36.734891458590745,335.5766906738281,29.254005432128906
335.34947591458604,26.711843753684725,329.65000165665754,36.07189116729895,334.28167724609375,28.465452194213867
333.9896353519282,26.011414988067248,328.3356729834995,35.40865210367797,332.9831848144531,27.6841983795166
332.6302643995869,25.310956140870527,327.03321390910037,34.75169222591874,331.68096923828125,26.91216468811035
331.2727026070674,24.611780805763875,325.72534483588475,34.09145525399929,330.37408447265625,26.147396087646484
329.91745066456514,23.915077740363046,324.41584843603295,33.42968476718978,329.06451416015625,25.390167236328125
328.5675920653949,23.20829555413728,323.11217047112245,32.77126762416517,327.7505187988281,24.640567779541016
327.21406754505506,22.512162783124552,321.81044267918554,32.11410798150189,326.43341064453125,23.89934730529785
325.8602610340049,21.816908913537127,320.5009939814627,31.458134777207484,325.1112365722656,23.164390563964844
324.5072838439846,21.12126433692101,319.197992212425,30.798827947657767,323.7854309082031,22.437028884887695
323.1550728719481,20.426568704336642,317.8836801627933,30.13275769332355,322.4554748535156,21.71473503112793
321.80342905784596,19.73235586204857,316.5666067802575,29.465004125240718,321.1226501464844,20.99758529663086
320.4541609317955,19.039022996278074,315.2259596888756,28.78448256629195,319.78765869140625,20.281394958496094
319.1103004818719,18.333232544049483,313.8883003012206,28.10551535392977,318.4509582519531,19.56710433959961
317.7619057304363,17.64005420174057,312.53303352474364,27.415838491109213,317.1137390136719,18.851852416992188
316.40951116764353,16.94411339916869,311.19361861676185,26.740008558508592,315.7736511230469,18.13831329345703
315.05285755291055,16.248722231601523,309.87070092339206,26.065530085966316,314.4298400878906,17.42893409729004
313.692714035874,15.551112095241846,308.56723495734946,25.400820100919542,313.0808410644531,16.726957321166992
312.33314248628255,14.854652376916967,307.2546220675018,24.73026022376096,311.7280578613281,16.03129005432129
310.9695706967699,14.160069736683877,305.9418423115658,24.058685569862455,310.3695983886719,15.34129810333252
309.6093980207744,13.454173922408863,304.6364595199356,23.390069430669428,309.0063781738281,14.659003257751465
308.24024128466334,12.763769291711752,303.3083962083556,22.70886122314108,307.6371154785156,13.979975700378418
306.8667570434978,12.073858337201711,301.99915475720996,22.038345962629563,306.263427734375,13.30893611907959
305.4857924836486,11.391532311447094,300.6817083221144,21.362749091845007,304.8825378417969,12.643630027770996
304.0925250895464,10.714226282609621,299.4066657932748,20.712849477593373,303.493408203125,11.992613792419434
302.69441110614446,10.044253502985047,298.1172506858967,20.049228186509097,302.0956115722656,11.353137969970703
301.2969924266567,9.380599479314727,296.78409246500394,19.364844839673488,300.692138671875,10.718765258789062
299.89599083836123,8.722821738832753,295.4391887344568,18.674617534084774,299.2844543457031,10.088349342346191
298.4896511340078,8.072395096712484,294.08455142979665,17.97941310379184,297.8724365234375,9.460503578186035
297.08213264124873,7.4202705351543194,292.7200633469999,17.27934550443389,296.45660400390625,8.83407974243164
295.67433464747484,6.7608110043272225,291.35323713760386,16.577005380179745,295.03680419921875,8.20908260345459
294.26183704649316,6.109670508189431,289.98080747960825,15.87140480875213,293.6146545410156,7.585395812988281
292.8981270307777,5.48000292384468,288.64844722020024,15.183687366055324,292.2397766113281,6.983274936676025
291.5364706720902,4.840815799490527,287.31443073993177,14.496611998526609,290.8629150390625,6.3812360763549805
290.1781831692971,4.188478426600794,285.97726015756746,13.802506157898776,289.4834289550781,5.778459072113037
288.82188525396873,3.525876357293419,284.6389786198648,13.107243735137706,288.101806640625,5.175288677215576
287.4674095190047,2.856529309043733,283.2939329378529,12.408418999603732,286.7183837890625,4.570834159851074
286.1208922969875,2.162782199168418,281.949989930704,11.708794332256824,285.33319091796875,3.965607166290283
284.7714341959555,1.471532052757513,280.5999973241979,11.006960314310437,283.94586181640625,3.358696222305298
283.42258021060513,0.7733482899377755,279.2534865178573,10.306301131804599,282.5574645996094,2.7515015602111816
282.07107999502443,0.0745088001241867,277.90237434161355,9.604154732270365,281.166259765625,2.1429245471954346
280.716191713631,-0.6219229042919703,276.5488737994954,8.902080555524476,279.77313232421875,1.5333484411239624
279.35889563923524,-1.3185835663564616,275.18979847668993,8.201489280747086,278.3775939941406,0.9222044944763184
277.9998000542104,-2.016067050905961,273.8307021684618,7.495989661956406,276.9803771972656,0.30980974435806274
276.63860767240214,-2.7159660537792965,272.47021474375316,6.79053463858806,275.5809326171875,-0.30381613969802856
275.27515019092203,-3.4166544203203255,271.10744523057514,6.085402284352019,274.179443359375,-0.9185245037078857
273.91146290197287,-4.1223642608859175,269.74151321445186,5.380032578274156,272.77581787109375,-1.5344793796539307
272.5444204365189,-4.82467670842895,268.372100463923,4.673576691901866,271.3703308105469,-2.1518709659576416
271.17414279264443,-5.528678366628213,267.00144401871876,3.9692963901477043,269.9623718261719,-2.7704226970672607
269.8025864223574,-6.233306047423806,265.6257244614925,3.2648707212359858,268.55242919921875,-3.3904507160186768
268.4281740465748,-6.939738318047946,264.2483031377005,2.5692803775127473,267.1407775878906,-4.010969161987305
267.05352212063275,-7.645852120876189,262.8677541466602,1.8670853136873644,265.72772216796875,-4.632724761962891
265.676629890669,-8.35342928210324,261.4898934073557,1.166449424751952,264.31378173828125,-5.2545599937438965
264.299652097352,-9.061009297584668,260.1064803927374,0.46318634193349606,262.898193359375,-5.87779426574707
262.92257377200764,-9.76874753221297,258.7220158509956,-0.23966011727985226,261.48248291015625,-6.501859664916992
261.54771695707257,-10.479101177940183,257.33315969976235,-0.9443536508384058,260.0663757324219,-7.127808570861816
260.17193448829886,-11.186531885522783,255.94228250352748,-1.6516125965966877,258.6501770019531,-7.756028652191162
258.79330386846436,-11.895129606283882,254.55386437781289,-2.357601721756099,257.2333984375,-8.385787963867188
257.4151920598071,-12.60360473989919,253.1622741555493,-3.0651031402693736,255.81631469726562,-9.017621040344238
256.0346567964798,-13.313716736761876,251.76922793633733,-3.768093493311973,254.39813232421875,-9.651330947875977
254.6549088378833,-14.022843907092051,250.3752308048353,-4.476928116333183,252.98007202148438,-10.287083625793457
253.27223608920144,-14.733758614504335,248.98240603937748,-5.184911361400881,251.56097412109375,-10.924614906311035
251.88915431479586,-15.44535295238913,247.5893841708527,-5.89271904282001,250.14183044433594,-11.563390731811523
250.55729981984388,-16.130435179498882,246.24363539499578,-6.5761395831841964,248.7741241455078,-12.180895805358887
249.22447232435752,-16.817951448018427,244.89668118862525,-7.26016302853286,247.40542602539062,-12.80064582824707
247.88932205119238,-17.50445850442903,243.55014174158418,-7.9437809939587005,246.0364532470703,-13.421963691711426
246.55281818394982,-18.19168191974977,242.2002671814324,-8.629707401336276,244.6656951904297,-14.045924186706543
245.2141657444809,-18.87990561445212,240.85171581862716,-9.314315639069175,243.29473876953125,-14.671157836914062
243.87615573270443,-19.568125522586833,239.49779183623085,-9.99641134751037,241.9231414794922,-15.298563957214355
242.53501366896376,-20.257687634803524,238.14686733136438,-10.68207911021884,240.5506591796875,-15.927521705627441
241.194453154275,-20.947372415421345,236.79272194341772,-11.369799568797172,239.1774444580078,-16.55863380432129
239.8516328343548,-21.638260840176564,235.43695295232675,-12.058278425192837,237.80274963378906,-17.19212532043457
238.50819254859059,-22.3287719095962,234.08031484873635,-12.747112254608592,236.4280242919922,-17.82741355895996
237.16441287255438,-23.021802118186493,232.72114477918007,-13.437612194296992,235.05201721191406,-18.465335845947266
235.8170086412545,-23.714828008932916,231.36168746911574,-14.128086497799568,233.67481994628906,-19.105371475219727
234.4695322976467,-24.40786164805748,230.000510608245,-14.818908650181017,232.2974395751953,-19.747312545776367
233.11907747755282,-25.10260488910727,228.63642924840678,-15.508825291755436,230.91799926757812,-20.391849517822266
231.76650116111077,-25.798449069375376,227.27520267875545,-16.20132334015735,229.53843688964844,-21.03746223449707
230.41451079219843,-26.49408646157036,225.9095183648506,-16.896451824759275,228.15750122070312,-21.685653686523438
229.05979657639986,-27.19097815160521,224.54438301021491,-17.592193137021127,226.77577209472656,-22.33563995361328
227.70354876861063,-27.88984019684448,223.1759144520166,-18.289823318246423,225.39186096191406,-22.988330841064453
226.3432882474586,-28.58918353711655,221.81012615545464,-18.987027593255817,224.0076446533203,-23.641817092895508
224.98086725754595,-29.289691530208177,220.440796987837,-19.687023844851403,222.62063598632812,-24.297584533691406
223.61332504468322,-29.993082530477874,219.07387565257278,-20.385379416098292,221.2322540283203,-24.953567504882812
222.24374897237237,-30.697737996459594,217.70380515230224,-21.086628550242395,219.8408660888672,-25.610809326171875
220.8687428628556,-31.404625557332754,216.33374958111784,-21.782881785234444,218.44749450683594,-26.26754379272461
219.49178497091398,-32.112885141341216,214.9625666710545,-22.484633646860694,217.05108642578125,-26.924427032470703
218.11406284525356,-32.82145565094059,213.59014754879212,-23.18648744458702,215.6533660888672,-27.580699920654297
216.73492012211062,-33.530011363293106,212.21474006482472,-23.889832114191243,214.25318908691406,-28.237228393554688
215.35328754476495,-34.24173208901692,210.84142156199755,-24.59217780991926,212.85206604003906,-28.89235496520996
213.97244334493885,-34.95212101162551,209.46321522821583,-25.297774397018088,211.44834899902344,-29.547985076904297
212.58787058600873,-35.66387578356419,208.08662421740195,-26.00298650133716,210.0433349609375,-30.20261573791504
211.20390904533065,-36.3753932052695,206.70817292927646,-26.70972704604763,208.6370391845703,-30.856718063354492
209.82003300440635,-37.08715875828482,205.3283273393542,-27.417292382865714,207.22962951660156,-31.510467529296875
208.44007751532536,-37.79702792198569,203.95228922982733,-28.119599697119437,205.82650756835938,-32.16114807128906
207.068212385026,-38.50244771730611,202.5862318685391,-28.821806014482107,204.4313507080078,-32.80708312988281
205.70507287467353,-39.203352789310095,201.231236328856,-29.519114902390204,203.04586791992188,-33.44713592529297
204.3526024574752,-39.898578496889904,199.88449076375773,-30.212448345620555,201.66949462890625,-34.0820426940918
203.0115718768152,-40.58941330333737,198.54596678102385,-30.902918552035107,200.30218505859375,-34.7123908996582
201.63345017934043,-41.29862271596855,197.1628028888719,-31.615645233230996,198.89297485351562,-35.3630256652832
200.26238444743294,-42.00379405204548,195.79112743758813,-32.32220790728059,197.49388122558594,-36.00917053222656
198.90664396443864,-42.70153484940884,194.4258605076405,-33.02640390779975,196.10511779785156,-36.652339935302734
197.55473261867832,-43.39722061913878,193.0747754589008,-33.72303650031871,194.7268524169922,-37.290592193603516
196.21684328095165,-44.08569588117483,191.72731821426686,-34.41087130151592,193.3583221435547,-37.9256477355957
194.83774345609925,-44.795452848319144,190.34348563149445,-35.12320208223181,191.94976806640625,-38.58013916015625
193.4674937753213,-45.50017319702921,188.97095759710416,-35.83041175388116,190.5518798828125,-39.23017120361328
192.11029315263187,-46.19903774233005,187.60832723445566,-36.535182217023134,189.16482543945312,-39.876338958740234
190.75865077138235,-46.89512275827598,186.25935039044688,-37.23676695032896,187.78781127929688,-40.51781463623047
189.42402204664972,-47.582236481069664,184.9176824971867,-37.93656886204563,186.42176818847656,-41.15601348876953
188.05254827107285,-48.28842904991609,183.53890701237677,-38.65775732619195,185.01809692382812,-41.81387710571289
186.69496466790343,-48.9874598948273,182.16895222888706,-39.375792862435674,183.62574768066406,-42.46951675415039
185.3477570537023,-49.68147088301969,180.8112635197254,-40.09016524776611,182.2454376220703,-43.12237548828125
184.01252567849977,-50.36948929337724,179.4616297306226,-40.79611551110396,180.8767547607422,-43.773006439208984
182.69107326059216,-51.05067402664983,178.12386087897653,-41.50246152405446,179.52029418945312,-44.421844482421875
181.33467909475115,-51.749428523208,176.75098341537202,-42.22866792219105,178.12928771972656,-45.09153366088867
179.98802747575377,-52.443192937475196,175.39004661291494,-42.950146670344125,176.7506561279297,-45.75927734375
178.6497965833806,-53.13368096512165,174.04096903205098,-43.66554581698231,175.38397216796875,-46.42454147338867
177.3276270379802,-53.814824565989895,172.70031069172737,-44.3775818651621,174.02960205078125,-47.088623046875
175.96801430441133,-54.51524429579237,171.32865112058704,-45.10570764772294,172.64332580566406,-47.772125244140625
174.62046270898307,-55.209687292353735,169.96561028244864,-45.82919570411083,171.26832580566406,-48.454437255859375
173.28146899778807,-55.89898030203799,168.61567976230546,-46.54391112411193,169.90713500976562,-49.133323669433594
171.9502203840019,-56.58483846204555,167.27446697275923,-47.2462663886499,168.5576171875,-49.809017181396484
170.57700275717457,-57.29169739454135,165.9054673086832,-47.96868726485303,167.1748046875,-50.50191116333008
169.21376792412912,-57.99377641897654,164.5410930642142,-48.68580809802604,165.79940795898438,-51.1923713684082
167.85283669838986,-58.694619497401085,163.17874743089263,-49.399162667311565,164.42735290527344,-51.88228988647461
166.49409616506156,-59.39559203913893,161.817351903373,-50.1106639837611,163.0572967529297,-52.5723762512207
165.15317325053925,-60.086475349801276,160.45208022503857,-50.82198579660132,161.69186401367188,-53.26523971557617
163.80810089217766,-60.77895827145682,159.08877380302292,-51.531286150756564,160.32867431640625,-53.96091079711914
162.4725559011624,-61.46609422711679,157.72445269412225,-52.23933371873217,158.9701385498047,-54.66001510620117
161.13248309349586,-62.15438201097344,156.36362894097812,-52.94419385529331,157.6152801513672,-55.361534118652344
159.79341585827615,-62.84143171465101,155.0035114327521,-53.64416699622256,156.2643280029297,-56.06510543823242
158.45135965639957,-63.532131078162905,153.6483672046794,-54.34593992368827,154.91586303710938,-56.77014923095703
157.10088243695196,-64.22328343603311,152.29839672208658,-55.044677102156164,153.56973266601562,-57.47447967529297
155.7487943538169,-64.91782596715854,150.95157665221026,-55.742115136871405,152.22488403320312,-58.177589416503906
154.39402029692803,-65.61659563662447,149.6098386867846,-56.43688247754454,150.8818359375,-58.87754440307617
153.04453026955306,-66.32354657653913,148.26745187938067,-57.13166164012134,149.53781127929688,-59.57604217529297
151.69975590266841,-67.04456850624993,146.92681975620212,-57.82529499458746,148.19351196289062,-60.272003173828125
150.3624053951444,-67.7739823336818,145.58574030411987,-58.51904112560118,146.8487091064453,-60.96608352661133
149.02827599673248,-68.49913659989389,144.2432412125376,-59.21317945941458,145.503662109375,-61.659183502197266
147.69395594162617,-69.21679486326182,142.8979838098998,-59.90436299514289,144.15850830078125,-62.35194778442383
146.35763004526086,-69.93395971475283,141.55258684171636,-60.59969796662716,142.81153869628906,-63.04533386230469
145.01281266345634,-70.64499192623926,140.20804596556738,-61.29393670059518,141.46377563476562,-63.73784255981445
143.6689868598432,-71.34957817293846,138.8616278786771,-61.98825134062567,140.11563110351562,-64.43016052246094
142.31801674097997,-72.04829582724457,137.51541656152162,-62.68207612441136,138.7664794921875,-65.1219482421875
140.96949952215627,-72.74003541585886,136.16706580954772,-63.37708686352262,137.41705322265625,-65.81409454345703
139.6147965334035,-73.43429873986588,134.8167919494695,-64.07314991369128,136.06443786621094,-66.50736999511719
138.25405007692794,-74.13381883533037,133.46445538990335,-64.7699394865793,134.70802307128906,-67.201171875
136.89267143652563,-74.83335140368222,132.10529525417843,-65.4665722901407,133.34730529785156,-67.89663696289062
135.5233865001834,-75.5365483844213,130.74575577127692,-66.16672426864365,131.98263549804688,-68.59247589111328
134.15264785268934,-76.2437944551193,129.38161028351664,-66.86937521068558,130.61326599121094,-69.2894058227539
132.78173010101887,-76.94910434633974,128.0154411231931,-67.57285290501358,129.24229431152344,-69.98632049560547
131.40311780031556,-77.65816040698785,126.64632942266799,-68.2776530378478,127.86654663085938,-70.68395233154297
130.02557020557768,-78.36701382311891,125.27543810812135,-68.98328986175623,126.4892578125,-71.38114929199219
128.64364834318528,-79.07740338038434,123.90271287048546,-69.69147549336061,125.10847473144531,-72.07859802246094
127.26211543082644,-79.78834606708246,122.53197498436316,-70.39927393341443,123.72830200195312,-72.77391815185547
125.88209910532045,-80.4979154705452,121.16225806275573,-71.10893748897927,122.3480453491211,-73.4677734375
124.49747379494535,-81.21051337254026,119.7977840555871,-71.8144102436072,120.9696044921875,-74.15723419189453
123.12230693508097,-81.91794171308547,118.43744789854101,-72.52105339758022,119.5948715209961,-74.84261322021484
121.75026306226299,-82.62597824018863,117.08440616230025,-73.22516777668599,118.2247085571289,-75.52265930175781
120.39060566957474,-83.3254940490683,115.73355589459925,-73.92898741941362,116.85889434814453,-76.19957733154297
119.03853882082419,-84.02115927336082,114.3889418454338,-74.62989670430419,115.49934387207031,-76.87268829345703
117.69084362210158,-84.71462557405435,113.05025547580715,-75.32796093954627,114.14496612548828,-77.54226684570312
116.35802840161497,-85.40075057297538,111.71518750155538,-76.0235912845967,112.79745483398438,-78.2094497680664
114.98552743920986,-86.10690257411933,110.34740428207746,-76.73658329147901,111.41512298583984,-78.8936767578125
113.62439258245689,-86.8080318288569,108.99120011671863,-77.44388658846435,110.04415130615234,-79.57200622558594
112.27116017799726,-87.50491733602516,107.64425962551238,-78.14383475494671,108.68275451660156,-80.24490356445312
110.91736459189421,-88.20388511760136,106.31308615168362,-78.83830652388531,107.33123779296875,-80.90933227539062
109.53985412151437,-88.91318601377742,104.95002535841411,-79.54891406578344,105.94891357421875,-81.58686828613281
108.18433247918848,-89.61149210707848,103.5951940213865,-80.2548389690181,104.57823944091797,-82.25914001464844
106.83418312408729,-90.30669946406601,102.25264426833395,-80.95444027660238,103.21819305419922,-82.92540740966797
105.50563897354397,-90.99109272367424,100.91777932888513,-81.64908228681412,101.86978912353516,-83.58760833740234
104.13871559247816,-91.69476307077144,99.55685429437058,-82.35530663937594,100.4928207397461,-84.26313781738281
102.78648052081878,-92.39142069021986,98.20606949023379,-83.05494464734184,99.12742614746094,-84.93299102783203
101.43745988395841,-93.08585395450835,96.86649434953695,-83.74446486669525,97.77249145507812,-85.59599304199219
100.05594076708338,-93.7989463186977,95.50317257581823,-84.44957242276311,96.389404296875,-86.26950073242188
98.68198151258358,-94.50614901534188,94.15211018673834,-85.14774381740035,95.01670837402344,-86.93394470214844
97.32316705193301,-95.20543396021256,92.8116099521627,-85.84031657158123,93.65457153320312,-87.59014129638672
95.95045917440675,-95.91260905424267,91.44253575642597,-86.54634386104793,92.2664566040039,-88.25823211669922
94.59263780252905,-96.61189822697493,90.0852918888289,-87.24649192080973,90.8908462524414,-88.92028045654297
93.25980623887517,-97.29890497255106,88.73723955766974,-87.9410860982608,89.52864837646484,-89.57862091064453
91.89410194737192,-98.00263023659038,87.36752883659335,-88.64644530582127,88.14288330078125,-90.24906158447266
90.55519814538646,-98.69524686660168,86.00428106034104,-89.34172223907984,86.77059936523438,-90.91674041748047
89.21213559302247,-99.38716236406714,84.65937580594404,-90.03290085649013,85.41149139404297,-91.5782241821289
87.85276581441205,-100.08752658806213,83.28999925425909,-90.73596719697382,84.02986145019531,-92.2523422241211
86.51277844257038,-100.77786267159516,81.93214344183859,-91.43241614330466,82.66252136230469,-92.92253875732422
85.18809434219011,-101.46046863279125,80.58624171262902,-92.12236082755726,81.3092269897461,-93.58944702148438
83.84694414263342,-102.15127542986215,79.2177905951482,-92.82298986484439,79.9362564086914,-94.27078247070312
82.51293318393753,-102.84021557615048,77.86358295615891,-93.51611970811169,78.57768249511719,-94.9482192993164
81.19317804506316,-103.52107530166741,76.5215316103229,-94.20205883053785,77.23340606689453,-95.62210845947266
79.84845368983794,-104.21869368415808,75.15791719855295,-94.89261625708968,75.86975860595703,-96.30795288085938
78.5130294466566,-104.90986280605787,73.80682915332414,-95.58228042621577,74.51726531982422,-96.99034881591797
77.18675914850424,-105.59734032414683,72.45978852905387,-96.2697151900392,73.17078399658203,-97.6727066040039
75.86551945903557,-106.28331048422126,71.11139826742536,-96.95764226388619,71.8255386352539,-98.3584976196289
74.54693075917557,-106.9685030138336,69.7575836861082,-97.6483216120856,70.47827911376953,-99.05081176757812
73.21531366915767,-107.66192581207598,68.40048080395286,-98.34065749304737,69.12767028808594,-99.74845886230469
71.89354130537083,-108.3523078535541,67.03490032291565,-99.03776908307503,67.77394104003906,-100.45458984375
70.54910244725664,-109.05234796738507,65.66580600940338,-99.73181586560389,66.41697692871094,-101.16554260253906
69.25049133585436,-109.72828944593957,64.32372279722235,-100.41712924508354,65.09097290039062,-101.8671646118164
67.93877385992604,-110.41187754375115,62.979242175641566,-101.10422080551514,63.762855529785156,-102.57484436035156
66.62759394450963,-111.09206251083818,61.62949211462104,-101.79445141562817,62.4332389831543,-103.28960418701172
65.3139190226294,-111.77139377243707,60.27397199947962,-102.48829692236849,61.10154342651367,-104.01260375976562
64.00097265113261,-112.44732812187158,58.91123625281258,-103.1866633178581,59.768001556396484,-104.74552917480469
62.68209804225607,-113.12591623417188,57.54192111950477,-103.88864595127893,58.43233108520508,-105.48877716064453
61.372192478590904,-113.79781629449806,56.162822249875525,-104.59340859289925,57.097225189208984,-106.24440002441406
60.10068331603,-114.44939963386302,54.81180265626606,-105.28833925583622,55.79709243774414,-106.9949951171875
58.831160162174164,-115.09897121055718,53.45427885588211,-105.98804182143974,54.500221252441406,-107.7603530883789
57.568548978170284,-115.74831018588752,52.09047096442164,-106.69289962701212,53.208831787109375,-108.54158020019531
56.30951419741285,-116.39186298764044,50.72019901859112,-107.4018147492259,51.925048828125,-109.33973693847656
55.0551066186548,-117.0330845307519,49.34553290188562,-108.11612156767899,50.65126037597656,-110.15534973144531
53.804963948167476,-117.67053288321259,47.967321667768935,-108.83385635932528,49.39052200317383,-110.98821258544922
52.555242258452516,-118.30921586351504,46.587850915079095,-109.55393479818358,48.14433288574219,-111.83758544921875
51.30930314553423,-118.95165638762235,45.20796812844405,-110.27954743112267,46.913429260253906,-112.70359802246094
50.060734283475284,-119.59276135281105,43.82790672112725,-111.01176301662602,45.69801330566406,-113.58641815185547
48.782108621656185,-120.25119077333179,42.411045879143394,-111.77170912452564,44.46857833862305,-114.5101547241211
47.50271507721109,-120.91130616569568,40.99077909775397,-112.54067620237775,43.25649642944336,-115.45309448242188
46.22062395659771,-121.56645610916493,39.56357927708507,-113.31968279565127,42.06326675415039,-116.41630554199219
44.925107318792215,-122.2186395398592,38.13303527653599,-114.11001026426517,40.88886642456055,-117.4000244140625
43.65442261033231,-122.90628064281991,36.6967097918843,-114.91509007228592,39.73499298095703,-118.40467071533203
42.386845853318654,-123.59526768520026,35.246758452839344,-115.73780037857051,38.604026794433594,-119.43238067626953
41.11817477502638,-124.30790293237031,33.790682104149006,-116.57263560563696,37.49492263793945,-120.48301696777344
39.85137582003822,-125.0341597431943,32.313638341927756,-117.42681241126814,36.408504486083984,-121.55949401855469
38.59937136665492,-125.80274540847684,30.825241429471596,-118.29512735878514,35.34540557861328,-122.66033172607422
37.42991065329647,-126.66216902458451,29.336409940600937,-119.20552728785171,34.30821228027344,-123.7861099243164
36.249191219729695,-127.53487688817219,27.86133153616742,-120.15165430057844,33.29632568359375,-124.93568420410156
35.0914133663005,-128.43963155952127,26.39709305974475,-121.15300533470182,32.31196975708008,-126.1102066040039
33.952917744896816,-129.38357714253115,24.938901234625,-122.18482721554939,31.35483169555664,-127.30870056152344
32.92289882453925,-130.41831926462413,23.490721288896104,-123.28229410326429,30.42943572998047,-128.5318603515625
31.889433088601265,-131.47393907057466,22.08058615408691,-124.41843214538285,29.532604217529297,-129.77867126464844
30.902363936739125,-132.58168902203218,20.70053100755034,-125.58622538184811,28.663333892822266,-131.04637145996094
29.951242118174203,-133.73330332056952,19.415659226998564,-126.80945842043239,27.81859588623047,-132.33175659179688
29.057750331947204,-134.88992921399742,18.212742120005167,-128.0466538734816,27.01695442199707,-133.6021728515625
28.21768919017779,-136.07581507886343,17.04993239189959,-129.37451321817966,26.243478775024414,-134.89117431640625
27.442994248071184,-137.3103156252386,15.954280763816595,-130.74758013379883,25.496681213378906,-136.19851684570312
26.672707469338842,-138.5475851804438,14.919926950408566,-132.193326475493,24.77992057800293,-137.52423095703125
25.923567089656657,-139.80624123255134,13.967620061142169,-133.6860989933418,24.09177017211914,-138.86856079101562
25.200087093579743,-141.07726270631852,13.134708476212527,-135.28520272225086,23.437633514404297,-140.23118591308594
24.50887802481043,-142.37248796778442,12.401321666636113,-136.92866427254444,22.816905975341797,-141.6117401123047
23.921725093588304,-143.7145463769296,11.739821613348349,-138.63006712659197,22.233360290527344,-143.00985717773438
23.348237970508276,-145.0655631799166,11.194643953604192,-140.37264867931773,21.687236785888672,-144.4241943359375
22.833205876381335,-146.43647959819003,10.71918261573678,-142.17042796454427,21.183218002319336,-145.8554229736328
22.375425263479862,-147.83287479974405,10.331392203792154,-143.9780643894299,20.71990394592285,-147.30300903320312
21.97196625772081,-149.24878094555342,10.023147888184445,-145.78496285004232,20.296634674072266,-148.76312255859375
21.621264307764882,-150.68953000036186,9.796490935170315,-147.55407822252334,19.906400680541992,-150.2348175048828
21.337028471827185,-152.14999654356077,9.642574943147343,-149.31315054117755,19.547142028808594,-151.71580505371094
21.179003328420357,-153.64100008254593,9.552507064336693,-151.05839976535498,19.216339111328125,-153.2050323486328
21.040427837708613,-155.12200597496604,9.590785098597133,-152.85146994722132,18.919593811035156,-154.70143127441406
20.958413174236266,-156.60608760912214,9.664595818326855,-154.6489008932849,18.65859031677246,-156.20753479003906
20.934226434027256,-158.08898221158398,9.76837818798814,-156.43633601295153,18.434871673583984,-157.71905517578125
20.982719067857115,-159.58466811329586,9.924437869916101,-158.18343556237096,18.24247169494629,-159.23744201660156
21.17118179368762,-161.08072456354478,10.084787881192913,-159.92747553962684,18.084131240844727,-160.7595977783203
21.36074096907827,-162.57195034064944,10.248269317747697,-161.63958028283,17.956037521362305,-162.28628540039062
21.594742243614075,-164.04992013519862,10.390386578677159,-163.34706279295062,17.86009979248047,-163.81564331054688
21.86926505147529,-165.5295891618165,10.52299451771523,-165.0252185363418,17.791967391967773,-165.3483428955078
22.24561531687601,-166.99237236687426,10.69605384920383,-166.7103094602636,17.75449562072754,-166.8826904296875
22.62437742889098,-168.44074367940385,10.939352239104345,-168.3863958052926,17.74735450744629,-168.41806030273438
23.031924639947608,-169.87414858096588,11.232321003974326,-170.0543224851908,17.770814895629883,-169.95448303222656
23.47352893617813,-171.30226723198695,11.566494096095,-171.69938619796508,17.822052001953125,-171.49075317382812
23.98466913015944,-172.70966572678168,11.945533857985371,-173.3382782186113,17.902278900146484,-173.02725219726562
24.483537534075644,-174.07535743160804,12.356306289104268,-174.91483510606238,18.005870819091797,-174.5237579345703
24.99278926518466,-175.43177463447293,12.790092229095091,-176.47694992903513,18.133960723876953,-176.0192413330078
25.50717510725064,-176.78728067764098,13.237560787289997,-178.02157922701772,18.284318923950195,-177.51388549804688
26.03835543275163,-178.12345226996626,13.716864807546905,-179.5603332256705,18.458484649658203,-179.00738525390625
26.571596813719765,-179.45397035082223,14.200171575130408,-181.0872286795634,18.655412673950195,-180.49905395507812
27.101364441788363,-180.7725153603122,14.697066194922632,-182.60744376084617,18.875858306884766,-181.98928833007812
27.6258655405637,-182.06950427159236,15.211398066306405,-184.12456708863448,19.122161865234375,-183.47718811035156
28.150029077070243,-183.36539033139476,15.743256189927521,-185.628630523208,19.393169403076172,-184.9628143310547
28.672342491140032,-184.65916287598375,16.282287151257997,-187.12426352184073,19.688379287719727,-186.44659423828125
29.194303348029457,-185.95887495412126,16.825225044986194,-188.61014687410648,20.005990982055664,-187.92835998535156
29.713594817437645,-187.24806597627173,17.380740812918255,-190.09311913460118,20.34749412536621,-189.40872192382812
30.23278510509183,-188.54743391380623,17.935365962504818,-191.568563148681,20.710607528686523,-190.8867645263672
30.74918758297599,-189.84613062408624,18.49131784402575,-193.04301195036675,21.095809936523438,-192.36375427246094
31.265817899811033,-191.15364679819183,19.04641407265443,-194.51283512363457,21.501096725463867,-193.83802795410156
31.78119071523232,-192.46420890143816,19.60242042417015,-195.9823538502888,21.926589965820312,-195.3109588623047
32.29794032633893,-193.78650644084442,20.155288948474535,-197.450417701637,22.370464324951172,-196.78201293945312
32.803258016198896,-195.08912385140613,20.688489995840634,-198.88065276935615,22.818626403808594,-198.2139892578125
33.30835779602602,-196.39437368207518,21.216902782747855,-200.31516673530965,23.282743453979492,-199.64529418945312
33.81240821648145,-197.70327615851247,21.753177479819087,-201.75117658511385,23.763151168823242,-201.0764923095703
34.30990935417633,-199.00080844375108,22.290622249784473,-203.1946234177879,24.262184143066406,-202.50669860839844
34.80508631227508,-200.30079325410532,22.83061361987105,-204.64302254359978,24.780467987060547,-203.9359588623047
35.303071738852566,-201.61389672725392,23.37510202000965,-206.09314638019106,25.31673812866211,-205.364013671875
35.80125692673611,-202.93382891840415,23.935815165001923,-207.54310741328723,25.87118148803711,-206.79129028320312
36.29915431953316,-204.2599278369978,24.518172935180917,-208.99234349965482,26.44450569152832,-208.21853637695312
36.78595941008173,-205.56148253872297,25.101176586971373,-210.40014061946238,27.01903533935547,-209.60595703125
37.274919158038905,-206.87135890190038,25.69830933891379,-211.8104717357464,27.611356735229492,-210.99427795410156
37.76175304842323,-208.17682926713223,26.314294168489837,-213.2225796335914,28.222755432128906,-212.38137817382812
38.240167713267795,-209.4692905944773,26.955895921639037,-214.63658034428144,28.85684585571289,-213.76609802246094
38.717326686173195,-210.7615565987411,27.59652448193245,-216.06112668612582,29.514881134033203,-215.14694213867188
39.21819348671515,-212.10670559979744,28.231632457839886,-217.48557061589608,30.19034767150879,-216.526611328125
39.707493022498795,-213.41967329164115,28.842020978639624,-218.88376986421537,30.86430549621582,-217.86679077148438
40.206347213301584,-214.75458756508445,29.448395751170807,-220.28896117146513,31.553306579589844,-219.2061004638672
40.71013638892609,-216.10063566781,30.054554075310165,-221.70328307203246,32.25733184814453,-220.54507446289062
41.22071906501715,-217.45998308685,30.664254028602357,-223.12393838149197,32.97561264038086,-221.88380432128906
41.736747902684655,-218.82923330849874,31.27645662484163,-224.5531347890576,33.708152770996094,-223.22250366210938
42.255878669090386,-220.20882688234872,31.88716214832185,-225.99125974385592,34.45394515991211,-224.559814453125
42.77830262155353,-221.59952112774343,32.49713658753511,-227.4378368937834,35.21261215209961,-225.89581298828125
43.302155768444784,-222.9970581695113,33.1073593043252,-228.89348516408094,35.98407745361328,-227.2296600341797
43.814326739443395,-224.36296357720323,33.70129244211548,-230.31639032821082,36.74603271484375,-228.52398681640625
44.329877977508204,-225.73821762510698,34.29437419947002,-231.74692587697194,37.5195426940918,-229.8158721923828
44.852080889130136,-227.1286036612929,34.879372506451176,-233.18726800531113,38.303829193115234,-231.10682678222656
45.381234502676335,-228.53270493455213,35.460403188145655,-234.63250980027215,39.096866607666016,-232.39663696289062
45.920400686585296,-229.95579338821042,36.03528265413052,-236.0778632478742,39.895938873291016,-233.68687438964844
46.46872641677055,-231.39457219177336,36.60714802632828,-237.5182623039183,40.6977653503418,-234.97813415527344
47.021829187990306,-232.84269471736926,37.1798443083708,-238.95570951426947,41.501190185546875,-236.2716522216797
47.574402725671746,-234.2915057441992,37.75545996319869,-240.39627185543944,42.306419372558594,-237.56678771972656
48.128907172512214,-235.74125028177423,38.331901149646406,-241.83514639796005,43.111976623535156,-238.8618621826172
48.681771968314415,-237.187093812438,38.907513620398255,-243.27728313199017,43.917938232421875,-240.15536499023438
49.23696736678232,-238.63415506910414,39.47720523178825,-244.70957553961273,44.72095489501953,-241.4453582763672
49.79370404889332,-240.07989824913034,40.03815660590984,-246.12546886220895,45.517127990722656,-242.73011779785156
50.353870638717545,-241.52426291528982,40.582855127553906,-247.52012393064803,46.30265808105469,-244.01023864746094
50.92756649065943,-243.00194862789778,41.12560100641071,-248.9429809002885,47.09827423095703,-245.32290649414062
51.497844341830856,-244.47023454576532,41.655324766599925,-250.3528257634891,47.88072967529297,-246.632080078125
52.0649467087995,-245.9289106619301,42.17137805944614,-251.74387908595574,48.64787673950195,-247.9373016357422
52.62625400233741,-247.3744542607851,42.68358512062176,-253.12639197485163,49.40150451660156,-249.24000549316406
53.197951811874105,-248.84745297354377,43.20417658479473,-254.53412268591867,50.16134262084961,-250.57534790039062
53.763631668343166,-250.31062695924805,43.7158622006083,-255.92432136604882,50.905574798583984,-251.9074249267578
54.32329816094035,-251.76135239711,44.22147163533422,-257.300359138769,51.63401794433594,-253.23593139648438
54.8773070006619,-253.2021859971037,44.720906346081655,-258.6569963309416,52.34605026245117,-254.56167602539062
55.44180143824282,-254.67345388010835,45.22899543498011,-260.0256643073583,53.05904769897461,-255.92218017578125
55.99998248546031,-256.1337857873136,45.72525018741406,-261.37520117322975,53.75198745727539,-257.2805480957031
56.55162251879355,-257.58154858611914,46.21868710813689,-262.7150759204937,54.426143646240234,-258.63751220703125
57.09852318035458,-259.02329588494604,46.70810467791124,-264.04299524990563,55.082942962646484,-259.9970397949219
57.644496409971026,-260.4628060697312,47.184602310019486,-265.3394218156962,55.71868896484375,-261.36065673828125
58.186480982871224,-261.8979649311827,47.65703545255986,-266.6247275145335,56.333335876464844,-262.7298583984375
58.74073520834189,-263.3641161028369,48.14067569177456,-267.94183924655766,56.94260025024414,-264.1406555175781
59.293337719087276,-264.8258553685134,48.62040637822284,-269.25082381876217,57.529815673828125,-265.5570068359375
59.842048626537064,-266.27986397595834,49.11499125452592,-270.56742519488023,58.097450256347656,-266.9771728515625
60.390593250923004,-267.7309597649328,49.603522280996074,-271.8784336399119,58.64527893066406,-268.4020080566406
60.936505647721695,-269.1761637687354,50.09974767547371,-273.20130567347184,59.17574691772461,-269.8301696777344
61.482276972789634,-270.6215212950896,50.59165397521599,-274.5031194875418,59.68598556518555,-271.2617492675781
62.02747380307193,-272.06480693509263,51.09353038917547,-275.8029782600798,60.17685317993164,-272.697509765625
62.56955107947735,-273.5097102110354,51.61073483803724,-277.08770576450564,60.646976470947266,-274.1374206542969
63.11427103397008,-274.95853977309963,52.13653860728986,-278.34716205769803,61.09303283691406,-275.58245849609375
63.657922243213015,-276.4098530233449,52.66252562754978,-279.6102529862846,61.515377044677734,-277.0334777832031
64.20204266610774,-277.86764393446117,53.18148105018605,-280.86077919041145,61.91093444824219,-278.4898986816406
64.7445626936657,-279.3260878298278,53.70224961916081,-282.1317344117331,62.2823486328125,-279.9516906738281
65.28310684711542,-280.7916743865646,54.21925413652299,-283.40632855663705,62.62908172607422,-281.41888427734375
65.81976183692926,-282.26686185078876,54.72335701490201,-284.67888746357534,62.94904708862305,-282.890869140625
66.3549795342123,-283.74437504453226,55.21759415921193,-285.97089611090087,63.2440071105957,-284.3663024902344
66.87078461174025,-285.23612121490805,55.702862197248436,-287.2661528007615,63.5130615234375,-285.8464660644531
67.38128321237483,-286.7349638605305,56.17031131953471,-288.5759609572737,63.75670623779297,-287.3301696777344
67.88105884628757,-288.2434757196708,56.63124239942836,-289.8986680710028,63.975624084472656,-288.8180847167969
68.37016332427359,-289.7660841226541,57.07987935849211,-291.2258035849444,64.16842651367188,-290.309326171875
68.84161892972605,-291.29543004420253,57.518551141545046,-292.5707472686749,64.33663940429688,-291.8028259277344
69.29870862674065,-292.83821200250947,57.941305737448005,-293.926316257508,64.48006439208984,-293.29986572265625
69.74284043662442,-294.39510519870026,58.345874605029685,-295.28945575139636,64.59769439697266,-294.7988586425781
70.15427469462959,-295.9647856290062,58.737329729459915,-296.6650564869373,64.68976593017578,-296.2999572753906
70.50936893575336,-297.5586842135504,59.11011896000222,-298.0410340967342,64.75333404541016,-297.80224609375
70.84791115395443,-299.1631617792984,59.45498456160976,-299.43208533723237,64.78883361816406,-299.3061828613281
71.15212423432546,-300.79138838291124,59.783769320276754,-300.8244392797805,64.79320526123047,-300.80987548828125
71.4128490032831,-302.42497159134325,60.11754823396046,-302.2351880693336,64.7679443359375,-302.3133239746094
71.62282966294677,-304.06835793508316,60.3314519473676,-303.657030976422,64.71318054199219,-303.816650390625
71.78209555421778,-305.72144995160585,60.539787476868185,-305.0878206278479,64.62854766845703,-305.3182678222656
71.8913639628231,-307.36342935269556,60.68280473209166,-306.53617054360393,64.51776885986328,-306.8192138671875
71.9457927863983,-309.0223130495234,60.733074808565135,-307.9776094483333,64.3781967163086,-308.3172302246094
71.94403845133624,-310.67882069945995,60.756766630680495,-309.4254900529944,64.21068572998047,-309.81243896484375
71.88574549290864,-312.34248608177427,60.73405773550059,-310.872917840973,64.01397705078125,-311.3051452636719
71.77291933665003,-314.0157928879114,60.646040520589864,-312.31126104531137,63.78615951538086,-312.79229736328125
71.61724088249191,-315.669561457559,60.46045519822257,-313.74754405208915,63.53048324584961,-314.27642822265625
71.41890042326263,-317.3404169568484,60.25153050428383,-315.17372096719396,63.243751525878906,-315.7542724609375
71.18210134897701,-319.00367776550183,60.01210054157712,-316.5984055707821,62.92683029174805,-317.2260437011719
70.90238456253898,-320.6712399181875,59.746994138098195,-318.01795483941527,62.578304290771484,-318.6913757324219
70.58626348253256,-322.3279119116777,59.44364028865908,-319.43221847919716,62.199649810791016,-320.1484375
70.23382080532305,-323.9852765968961,59.113170012881525,-320.8385966133924,61.7900390625,-321.5960388183594
69.85122511967953,-325.6247408897311,58.76048652278521,-322.2463892494761,61.35152053833008,-323.03564453125
69.43144727844405,-327.2678495969209,58.37485144865006,-323.64060935088014,60.88310623168945,-324.4634704589844
68.97930230223122,-328.893498195019,57.969727113739815,-325.03508966115777,60.38600540161133,-325.88189697265625
68.48756369685363,-330.5085903112126,57.54239811329865,-326.42426559098817,59.86077880859375,-327.2893981933594
67.94936394816497,-332.11839489617364,57.1000371829984,-327.80815921037976,59.30644226074219,-328.6847229003906
67.3829888054192,-333.68993630345665,56.63990453072922,-329.19746198577366,58.72705078125,-330.07025146484375
66.76960459584839,-335.25901367068343,56.143528212900655,-330.5724701511524,58.120914459228516,-331.444580078125
66.10347716207991,-336.81800407757703,55.570087468118075,-331.912088283266,57.48728942871094,-332.8050231933594
65.39318925724108,-338.35237796908467,54.97493512252741,-333.2468324579366,56.82618713378906,-334.154052734375
64.62473715809449,-339.9028132994584,54.34932847036916,-334.5577535676256,56.1334342956543,-335.4858093261719
63.81499044612271,-341.42911501497423,53.69252926252766,-335.8544279504241,55.40963363647461,-336.8000793457031
62.9572891985769,-342.92408832496295,53.00100342533606,-337.1371888123045,54.654945373535156,-338.0985107421875
62.0480562808732,-344.4010109714917,52.251230073819954,-338.38342981900513,53.869415283203125,-339.37738037109375
61.112954730683846,-345.8419013680066,51.47471302063792,-339.6174174586438,53.055213928222656,-340.63812255859375
60.137858630260844,-347.27187557112046,50.66382157720135,-340.8276046441638,52.21064758300781,-341.8797607421875
59.13046646771661,-348.6680899964126,49.81951208589136,-342.0165484650448,51.33799362182617,-343.101318359375
58.090950755632754,-350.0436146488745,48.94475912497556,-343.18327384303797,50.43697738647461,-344.30255126953125
57.02627589273636,-351.39737005050654,48.04291708852508,-344.3313280559053,49.50794219970703,-345.4836730957031
55.935006787338786,-352.7195232995421,47.10788819030392,-345.4557771576186,48.552608489990234,-346.6446228027344
54.81520561140375,-354.0052481695117,46.14627023242353,-346.56148014287703,47.572452545166016,-347.7861022949219
53.66718682909506,-355.25866371037904,45.15355241767287,-347.6446447634374,46.56780242919922,-348.9094543457031
52.48344453475831,-356.49227638107834,44.131824273734765,-348.7022029277418,45.5378303527832,-350.013671875
51.27218926649848,-357.68898580302744,43.08224375266433,-349.7398330627008,44.483524322509766,-351.09991455078125
50.02773344455961,-358.8526656151768,42.00349510332397,-350.7570846917235,43.4039421081543,-352.16998291015625
48.75376080182426,-359.98084687538187,40.89285646601944,-351.7515053019084,42.299949645996094,-353.22454833984375
47.43773106614076,-361.08145744983176,39.74014010940188,-352.7149776304088,41.167545318603516,-354.26641845703125
46.1124827369993,-362.12534223973887,38.566909522101454,-353.60916171693725,40.03688049316406,-355.2682189941406
44.74822263562864,-363.1399373320189,37.36952835245698,-354.48771481985887,38.87799072265625,-356.25653076171875
43.349968681399446,-364.1165363896464,36.1387068483872,-355.3416587640504,37.69172286987305,-357.2314147949219
41.94507552302456,-365.0372563351866,34.91336818835775,-356.1475234206759,36.51005172729492,-358.1661071777344
40.50167191638129,-365.9279077600773,33.66344648550378,-356.924456709311,35.3028678894043,-359.0829772949219
39.02670188291167,-366.7889599150516,32.385233508566266,-357.6698526112894,34.06892776489258,-359.9816589355469
37.52131753524119,-367.6099152944867,31.075678838527416,-358.3763828805478,32.80982971191406,-360.860595703125
36.031510619829135,-368.3710229747308,29.78428446537639,-359.0406923513083,31.562164306640625,-361.69598388671875
34.527729649597696,-369.10352442408345,28.472055111973518,-359.6814912905932,30.2916316986084,-362.5125732421875
33.01322588262082,-369.8094869877944,27.140635375986893,-360.29777296783186,29.000307083129883,-363.3098449707031
31.491391797978224,-370.4836989368969,25.780169869788942,-360.8829672925456,27.688182830810547,-364.09039306640625
29.958342494156835,-371.14046833601566,24.38641169414061,-361.41416459983503,26.356563568115234,-364.8532409667969
28.418776200448967,-371.7845870981725,22.978967560622415,-361.9233043358372,25.006147384643555,-365.5981750488281
26.902316856069348,-372.4016152732723,21.600220254261448,-362.383366082595,23.674602508544922,-366.3028869628906
25.36865914119538,-372.9983249978739,20.210966093512486,-362.8133573380758,22.324338912963867,-366.9866638183594
23.817325482594683,-373.5766543520222,18.812319154395823,-363.21037253872413,20.954822540283203,-367.64788818359375
22.262709652882613,-374.1322365728807,17.383735574253656,-363.55553993843245,19.566862106323242,-368.28814697265625
20.688860106715246,-374.6462492400528,15.949645195077217,-363.87762666590936,18.162662506103516,-368.9061279296875
19.10194045343748,-375.11122606557814,14.497008027243854,-364.1675599466252,16.742399215698242,-369.5037536621094
17.555752595394782,-375.5276900046175,13.069932681817901,-364.4191783484839,15.350201606750488,-370.0659484863281
15.981984663612057,-375.8891480235798,11.642473496432562,-364.6364893032841,13.945252418518066,-370.6077575683594
14.409671185773533,-376.2238557847464,10.20207068314772,-364.8393100777458,12.527661323547363,-371.1316833496094
12.820245309684093,-376.5119768475893,8.762898145215996,-365.01658198470386,11.099201202392578,-371.6358642578125
11.227180839805484,-376.75846313525716,7.307256522258172,-365.1651745223606,9.659698486328125,-372.1225891113281
9.629902419441278,-376.97618879872783,5.850832450043534,-365.30484986835495,8.210307121276855,-372.5918884277344
8.0321306305433,-377.1650458668057,4.388813958703722,-365.4399068401657,6.751935005187988,-373.0450439453125
6.4333973092282335,-377.3309308210339,2.92449546188235,-365.5610081051368,5.2859625816345215,-373.4820861816406
4.835856115143405,-377.4930881519799,1.4620937046917821,-365.67322182281646,3.8111448287963867,-373.9030456542969
3.2429730823564027,-377.6596028780376,0.00861570755647989,-365.7859806130226,2.329622745513916,-374.3066101074219
1.6521022917254085,-377.82109458506693,-1.444689748561646,-365.91047815559006,0.8390890955924988,-374.69415283203125
0.06369655565913068,-377.9805044362806,-2.900697836038356,-366.0416584292865,-0.6598840355873108,-375.06634521484375
-1.4789468364272094,-378.13065397423446,-4.307697865204351,-366.1674742457612,-2.121781349182129,-375.4120178222656
-3.016404588488884,-378.2824625795146,-5.7323406335932265,-366.29258510020816,-3.591217041015625,-375.744873046875
-4.5577995900669,-378.43443660269185,-7.143070066129267,-366.42364915052667,-5.0682830810546875,-376.06280517578125
-6.098257497042043,-378.58601653365446,-8.569976043227625,-366.5478387755493,-6.553709506988525,-376.3677978515625
-7.640914071067348,-378.739644121129,-9.996250303562416,-366.6728037405162,-8.04698371887207,-376.6592712402344
-9.187266596856995,-378.89417736500064,-11.419049081839972,-366.79703945445317,-9.548476219177246,-376.936279296875
-10.730852043703575,-379.04820689419427,-12.867244092984837,-366.9269635194449,-11.056244850158691,-377.2020263671875
-12.280144993310884,-379.18784284071074,-14.322549811949411,-367.0584993154893,-12.571562767028809,-377.4571838378906
-13.826863622423101,-379.3396764568443,-15.792514304619711,-367.194554327482,-14.091719627380371,-377.7032165527344
-15.381654997460194,-379.4924919737081,-17.24682694660512,-367.3309625778555,-15.62012004852295,-377.9376220703125
-16.892577254911522,-379.64122211967947,-18.638153619447696,-367.46919959603576,-17.1063232421875,-378.1507568359375
-18.405974164594966,-379.7904011911678,-20.046871941891713,-367.60068801187265,-18.599632263183594,-378.3517761230469
-19.922309701594248,-379.93970851489985,-21.461869036533653,-367.73379027205175,-20.0987491607666,-378.5408630371094
-21.441710061470573,-380.08923769616655,-22.894845702596648,-367.8702719041803,-21.60455322265625,-378.7199401855469
-22.964658025017936,-380.2402166486108,-24.331010761901716,-368.00627906974836,-23.115602493286133,-378.8887023925781
-24.491949180362436,-380.3901941335756,-25.78279484833827,-368.14545629556824,-24.63336944580078,-379.0487060546875
-26.024245347718757,-380.515670192819,-27.23991992800548,-368.28496840004937,-26.15502166748047,-379.199951171875
-27.557718810416855,-380.664343938296,-28.722919405875544,-368.4381904558557,-27.683399200439453,-379.3456115722656
-29.09469920437962,-380.8146647486818,-30.2122480857636,-368.5811064491583,-29.216108322143555,-379.4856262207031
-30.635738071504232,-380.9632055500582,-31.72406116071875,-368.7269415464138,-30.75498390197754,-379.62249755859375
-32.18130730874073,-381.1132283673816,-33.23634686085279,-368.8728241899979,-32.29833221435547,-379.7555236816406
-33.68288530077124,-381.25945536621015,-34.70197887989635,-369.0148179693376,-33.79766845703125,-379.88031005859375
-35.18793349463288,-381.40424195060984,-36.17934550786209,-369.15742056407703,-35.30144500732422,-380.0020446777344
-36.69897701358062,-381.5513661146834,-37.656019332965684,-369.3013358833464,-36.81080627441406,-380.1199645996094
-38.21591154652182,-381.67589348791785,-39.14772018999315,-369.4458742448737,-38.32566452026367,-380.2353820800781
-39.73703950210396,-381.8229927544048,-40.64585460693136,-369.5913857340764,-39.84660339355469,-380.348388671875
-41.263885107044715,-381.97072721086676,-42.15114964742833,-369.7472351726034,-41.373600006103516,-380.459228515625
-42.796362345988776,-382.11951465936386,-43.66495661301826,-369.894245048434,-42.906585693359375,-380.5681457519531
-44.333567776774146,-382.267673623796,-45.18938663099922,-370.04251712535915,-44.445003509521484,-380.67584228515625
-45.876470907311685,-382.41877066599375,-46.719956746808094,-370.19163883703203,-45.989356994628906,-380.7823791503906
-47.37253245746756,-382.5622203779775,-48.21037322105869,-370.33582231475253,-47.487464904785156,-380.8850402832031
-48.874823907168974,-382.6889432329957,-49.69802703524234,-370.48031874587184,-48.989627838134766,-380.986328125
-50.38056787059193,-382.83077854322187,-51.203990166083045,-370.62610463365036,-50.49814224243164,-381.0881042480469
-51.89303893954959,-382.96956220318805,-52.715428571032845,-370.7727278695743,-52.01301193237305,-381.19024658203125
-53.41308944185645,-383.1034835753962,-54.22461966741166,-370.9189770727076,-53.53377151489258,-381.2915344238281
-54.94229296185758,-383.2291521149185,-55.729131783972804,-371.07334229344735,-55.06131362915039,-381.3904113769531
-56.48342468780451,-383.34945492887374,-57.2108047684814,-371.2180873457729,-56.59537124633789,-381.4823913574219
-58.02604864369144,-383.4665571505868,-58.73685974798295,-371.36615364705165,-58.13728332519531,-381.5729675292969
-59.5713067952607,-383.5801453538971,-60.291501180501676,-371.5168596803124,-59.68561935424805,-381.6654052734375
-61.07174865369138,-383.6881524977121,-61.789447539794935,-371.6611349669016,-61.18710708618164,-381.7550048828125
-62.578714965873644,-383.77974886331367,-63.30107583951164,-371.8074107200748,-62.69538879394531,-381.84600830078125
-64.09121069500421,-383.8828453232202,-64.81712561241618,-371.95279793548156,-64.20954132080078,-381.9381408691406
-65.6103419273737,-383.98471089842764,-66.33507097142152,-372.0994647992101,-65.72948455810547,-382.03082275390625
-67.13452829752148,-384.084138064106,-67.86416960768888,-372.2546153926736,-67.25537109375,-382.12493896484375
-68.66595207344322,-384.1794126231251,-69.39188126307124,-372.40195669605555,-68.7867660522461,-382.2193298339844
-70.20111252155326,-384.2711759383501,-70.93433132320233,-372.55032424217944,-70.32345581054688,-382.3154602050781
-71.7436997271056,-384.3588079517653,-72.47415585198237,-372.69942694398003,-71.86566162109375,-382.4120788574219
-73.28968148840227,-384.44644359163493,-74.02340367574773,-372.84860957492907,-73.41219329833984,-382.5099182128906
-74.84071057016857,-384.5291604203128,-75.5736750818959,-372.9990386484485,-74.96280670166016,-382.6084899902344
-76.33887148527629,-384.5955328645343,-77.07632951908131,-373.1450446036434,-76.46063232421875,-382.7049560546875
-77.84163759019552,-384.67368947584646,-78.57462625351282,-373.2895749850417,-77.96217346191406,-382.8016357421875
-79.34689538741117,-384.7530422733377,-80.08573341710974,-373.43564244788274,-79.4678726196289,-382.8999328613281
-80.85513302722859,-384.832691876153,-81.60047053428133,-373.5881485919215,-80.97661590576172,-382.99993896484375
-82.3660448120409,-384.9120293038669,-83.13166346107502,-373.73578880549576,-82.48992919921875,-383.1036071777344
-83.87923523161251,-385.0000075122633,-84.6674628714948,-373.88438687904954,-84.00608825683594,-383.21112060546875
-85.39255890902469,-385.10888906624456,-86.21109765583569,-374.0327375156214,-85.5245132446289,-383.3233337402344
-86.90840934407683,-385.2271463273416,-87.7637936450882,-374.1822705602249,-87.04672241210938,-383.44122314453125
-88.4280130168029,-385.3604680588947,-89.30573105340343,-374.3309196847525,-88.57109069824219,-383.5625305175781
-89.95061672456771,-385.50063016590605,-90.8524920263527,-374.47956869185964,-90.09898376464844,-383.68756103515625
-91.47425574000756,-385.6490777332545,-92.4058921257159,-374.6293291610421,-91.629150390625,-383.8169250488281
-93.00027593919525,-385.8046976241548,-93.95944877900125,-374.78485281304114,-93.16168212890625,-383.9503173828125
-94.52844459775463,-385.9600952119955,-95.51625193478405,-374.934641410438,-94.6961898803711,-384.0877990722656
-96.0589660334744,-386.10987953953895,-97.07685805947585,-375.0848146333404,-96.23255920410156,-384.2296447753906
-97.59414970747957,-386.24721432964884,-98.6326475783363,-375.23455946738835,-97.7707290649414,-384.37469482421875
-99.12972601678688,-386.3941872257812,-100.19715853825029,-375.38538964260107,-99.3110580444336,-384.5240478515625
-100.66866573640988,-386.5414701732692,-101.75502590515335,-375.53638243618565,-100.85279083251953,-384.6762390136719
-102.20971416976069,-386.6895935191845,-103.31564029379918,-375.68612890563196,-102.39647674560547,-384.8313903808594
-103.7553963985354,-386.83867871527445,-104.87207665708678,-375.83626301268987,-103.94319152832031,-384.9883728027344
-105.30418710797558,-386.98813903229416,-106.42899341489054,-375.98589707174153,-105.49243927001953,-385.1467590332031
-106.79846491161476,-387.13313597049904,-107.92752026286395,-376.136244656487,-106.98665618896484,-385.3001708984375
-108.29543867320673,-387.2766330893146,-109.42662599075895,-376.2809720703643,-108.4829330444336,-385.4541015625
-109.79650777450763,-387.41156455231857,-110.91963609033479,-376.4248606023212,-109.98095703125,-385.60723876953125
-111.29940697398065,-387.5565123368761,-112.41483951052804,-376.5695688716642,-111.4818344116211,-385.7596130371094
-112.8049335323301,-387.7011680548809,-113.90880659879049,-376.71374919409385,-112.98482513427734,-385.9106140136719
-114.3123575358798,-387.84712884446844,-115.40124227791244,-376.85713885470545,-114.48945617675781,-386.0596923828125
-115.82147163771417,-387.99157141747565,-116.90447629538241,-377.00221038483613,-115.9972152709961,-386.2082824707031
-117.33247422989773,-388.137586673481,-118.40719480987276,-377.1475300170193,-117.50670623779297,-386.35589599609375
-118.84695481706638,-388.2836808348271,-119.91354317559738,-377.29808661358834,-119.01985931396484,-386.5028076171875
-120.36282297841736,-388.42883794619496,-121.42373650035654,-377.4438242084441,-120.53470611572266,-386.64910888671875
-121.88261978393263,-388.56548802381826,-122.93397736384355,-377.58903234961485,-122.05225372314453,-386.7944641113281
-123.40452596264639,-388.7114784497497,-124.44371899263997,-377.73516733650956,-123.57239532470703,-386.9383850097656
-124.92812455677333,-388.8577698208719,-125.95710072985409,-377.8809970523487,-125.09467315673828,-387.0810852050781
-126.45446078572814,-389.0041904644723,-127.4787463318697,-378.027585659298,-126.6206283569336,-387.2234802246094
-127.9818215357471,-389.15170317395393,-128.99727874884582,-378.17408837743335,-128.14712524414062,-387.36468505859375
-129.51006042267656,-389.29817774905945,-130.52860556825522,-378.3265942328256,-129.67637634277344,-387.50665283203125
-131.04027204558992,-389.44536565388887,-132.06323771958876,-378.47466549607225,-131.20773315429688,-387.6494445800781
-132.57235961484898,-389.5921313360583,-133.59474399772319,-378.62268966570286,-132.7401123046875,-387.7922668457031
-134.10664611203367,-389.73992727328744,-135.13173110415184,-378.77090729859793,-134.27525329589844,-387.93572998046875
-135.64092901279977,-389.8869010592465,-136.66918757153888,-378.9191368202784,-135.81036376953125,-388.07965087890625
-137.178638823155,-390.02576681214185,-138.20983760951128,-379.06781184717227,-137.34815979003906,-388.224365234375
-138.71697167513167,-390.17318728338984,-139.7466604058227,-379.21570802955745,-138.8865203857422,-388.3689270019531
-140.25554868367882,-390.3202729412298,-141.28743823787394,-379.3658672255101,-140.4257049560547,-388.513916015625
-141.7935643860626,-390.4686813556839,-142.82236330012068,-379.5126903842825,-141.96356201171875,-388.6583251953125
-143.34311110829893,-390.6170141747278,-144.37721647739895,-379.6634088042827,-143.5142059326172,-388.8047180175781
-144.8948243303844,-390.7669378688251,-145.9238227739116,-379.8170545991916,-145.06552124023438,-388.95050048828125
-146.3881844630644,-390.91050954842166,-147.42128212283995,-379.9612396542853,-146.559814453125,-389.09149169921875
-147.8840475002708,-391.0536221574984,-148.9153206822542,-380.10564213979575,-148.05560302734375,-389.2323913574219
-149.38164089549082,-391.1901268101608,-150.4167634093645,-380.2500141430747,-149.553466796875,-389.3741149902344
-150.88068897113195,-391.33405685677377,-151.91881387979038,-380.3956837036433,-151.05319213867188,-389.5164489746094
-152.3814708278042,-391.4783420683062,-153.41990667310088,-380.53917997085614,-152.55418395996094,-389.658935546875
-153.8853085166066,-391.6227490512929,-154.92258020120983,-380.6845604277033,-154.05801391601562,-389.8015441894531
-155.3902863312675,-391.7677757068276,-156.43083243482215,-380.8347294343637,-155.56378173828125,-389.9448547363281
-156.8988673365584,-391.9126503911088,-157.94332017366975,-380.980268599571,-157.07308959960938,-390.08905029296875
-158.40923962661986,-392.0587359632181,-159.4579437522858,-381.126050648105,-158.5842742919922,-390.2340087890625
-159.9235774985302,-392.1955000144869,-160.97107955504666,-381.272493918844,-160.09776306152344,-390.379150390625
-161.43860339481301,-392.3411858496247,-162.48886529381423,-381.4185720750799,-161.61325073242188,-390.5248718261719
-162.95683062580676,-392.4876004295013,-164.00474739589606,-381.5650664338031,-163.13116455078125,-390.6705017089844
-164.47818695455615,-392.63327206781656,-165.52823205947413,-381.71183923064075,-164.65283203125,-390.8168029785156
-166.0020707596948,-392.78012218685365,-167.04691197102807,-381.8590698606457,-166.17596435546875,-390.9625244140625
-167.52894876264105,-392.9265946178278,-168.5684562021961,-382.00991101882965,-167.70213317871094,-391.10784912109375
-169.05896374546342,-393.0740684211273,-170.0925257878989,-382.15652467987843,-169.2313995361328,-391.25262451171875
-170.5920979564714,-393.2211113848525,-171.6195546819897,-382.30443802750716,-170.7637939453125,-391.3968505859375
-172.1281366363898,-393.3613114392537,-173.15011853349915,-382.4526523779186,-172.2987060546875,-391.5406494140625
-173.66636645002902,-393.50883704103745,-174.68162615773923,-382.60026229930094,-173.8362274169922,-391.6837463378906
-175.2074865417774,-393.65681593506815,-176.21429924732573,-382.7477689931667,-175.37646484375,-391.8258972167969
-176.75075431350328,-393.8048451487032,-177.7551226968178,-382.89740881927816,-176.91989135742188,-391.968017578125
-178.29484839780383,-393.953108154519,-179.3069865133624,-383.0469485621729,-178.46575927734375,-392.1114807128906
-179.8423397320656,-394.101586865117,-180.85573250367776,-383.19600591316555,-180.01390075683594,-392.2553405761719
-181.39108063678646,-394.25029445426566,-182.4129377443594,-383.3476241641424,-181.56443786621094,-392.4006652832031
-182.94354451794047,-394.3994245546836,-183.9686046446697,-383.50205915981184,-183.11781311035156,-392.5467834472656
-184.49683732080317,-394.5482059254977,-185.52879287658928,-383.65278708598805,-184.67245483398438,-392.69403076171875
-185.9918521974491,-394.68421426907975,-187.02633812048296,-383.7974444214871,-186.16746520996094,-392.8360900878906
-187.4865903372465,-394.82802850329966,-188.5266812222901,-383.94205484548894,-187.6632537841797,-392.97900390625
-188.98550632703027,-394.9720392442468,-190.0262519962027,-384.0875279590099,-189.16236877441406,-393.1223449707031
-190.4846611721313,-395.11629448710005,-191.5282782591522,-384.2322896292096,-190.6620635986328,-393.2661437988281
-191.9859203179258,-395.26088537055097,-193.0338913547854,-384.3770460570595,-192.1640625,-393.4107666015625
-193.48830838972287,-395.4058289167876,-194.54638100035592,-384.5240422919683,-193.66807556152344,-393.5570068359375
-194.99375123587265,-395.5494300942931,-196.05415865413036,-384.6728686832405,-195.17369079589844,-393.70379638671875
-196.5005669311624,-395.69452747441443,-197.56739736812685,-384.8187349316708,-196.68133544921875,-393.8516845703125
-198.011125047042,-395.8332594129947,-199.07661572902649,-384.9642217064528,-198.1908721923828,-393.9996643066406
-199.5217779977364,-395.9780782557887,-200.59119114322095,-385.110320816116,-199.7018280029297,-394.1483459472656
-201.0354984077598,-396.1236717965984,-202.10483782004417,-385.256948273116,-201.21522521972656,-394.2972717285156
-202.55045245010228,-396.26856558779315,-203.6187593421738,-385.40288384724045,-202.72962951660156,-394.4461669921875
-204.0674711020312,-396.4140584834083,-205.13839947410727,-385.5492715918858,-204.2467041015625,-394.595703125
-205.5863589242321,-396.5597146256266,-206.65571800823489,-385.6956858102945,-205.7649688720703,-394.7451477050781
-207.10643685889238,-396.70566063540826,-208.179808654271,-385.84352180258935,-207.2853240966797,-394.8953857421875
-208.62801341574215,-396.85032387190427,-209.69795121763812,-385.99274323702275,-208.80589294433594,-395.04522705078125
-210.15080175711142,-396.9972880993217,-211.2216732502996,-386.1398349708143,-210.32852172851562,-395.1954040527344
-211.67437429629385,-397.13835349551425,-212.74924731207363,-386.28789622520173,-211.85189819335938,-395.3463134765625
-213.19944805740613,-397.2847865081853,-214.27250738722785,-386.43472304166806,-213.37625122070312,-395.4970703125
-214.7262086406894,-397.43120153378004,-215.80530697961333,-386.58288156144613,-214.9034881591797,-395.64898681640625
-216.25297384126137,-397.57717883469326,-217.33593106106477,-386.73037038060835,-216.43026733398438,-395.8014221191406
-217.78198899395386,-397.7239682450561,-218.86977697642433,-386.8789861070477,-217.95944213867188,-395.9548034667969
-219.31200581964822,-397.8699867304863,-220.40292252599053,-387.0282990509604,-219.48922729492188,-396.1087341308594
-220.84294902506647,-398.0164096986572,-221.93756978928025,-387.1762062983453,-221.0199737548828,-396.2633056640625
-222.37497992549777,-398.1635063211678,-223.47742238717973,-387.3276772634617,-222.5524444580078,-396.4192199707031
-223.9088350493263,-398.31063819443784,-225.01066342434805,-387.4758127513771,-224.0853271484375,-396.5751037597656
-225.44549327604787,-398.4534126890893,-226.54591148261673,-387.6246689720614,-225.62051391601562,-396.7311096191406
-226.98130789303897,-398.60062425891044,-228.07885093610247,-387.7730186858514,-227.15504455566406,-396.88665771484375
-228.5180531134608,-398.74785653959594,-229.617510399132,-387.9215789344565,-228.69122314453125,-397.04266357421875
-230.05574716803153,-398.89468548223437,-231.15602504606656,-388.07009196480465,-230.22811889648438,-397.1988830566406
-231.5938271870935,-399.0428755765618,-232.69993620399103,-388.22003583551265,-231.76622009277344,-397.3560791015625
-233.13342245598932,-399.1902484177868,-234.24163982532477,-388.36849722204823,-233.30511474609375,-397.513671875
-234.67380180180058,-399.3376370896106,-235.78227432188868,-388.5182331943312,-234.84451293945312,-397.67138671875
-236.2163735777415,-399.4859573366939,-237.32136574068778,-388.66750992825916,-236.38563537597656,-397.82879638671875
-237.75966454735433,-399.6335896598058,-238.85987228395788,-388.8183056874631,-237.92730712890625,-397.9856262207031
-239.30504302775896,-399.7777563750945,-240.40397800618607,-388.9673601285315,-239.4712677001953,-398.142578125
-240.8502429155344,-399.9251286616293,-241.9437681463609,-389.1163893368801,-241.01478576660156,-398.2987365722656
-242.39610225034477,-400.07202845794535,-243.48464368459815,-389.2650992982814,-242.55905151367188,-398.45428466796875
-243.94309928773384,-400.21951638609164,-245.02749248785958,-389.41451843146467,-244.1046905517578,-398.6094055175781
-245.4905991026519,-400.3669939725956,-246.56449503618975,-389.56242307362413,-245.6500244140625,-398.76300048828125
-247.03940489482036,-400.513832654623,-248.10138428073887,-389.711251295754,-247.1965789794922,-398.9150390625
-248.58870453507214,-400.6616786512452,-249.63695754654165,-389.85874837335746,-248.74362182617188,-399.0651550292969
-250.13834839739243,-400.80895413708663,-251.1696221563558,-390.00912556421184,-250.29075622558594,-399.212890625
-251.68942309573904,-400.95352051624326,-252.71157019835366,-390.15868619231173,-251.84034729003906,-399.359619140625
-253.23984186682094,-401.10118681283626,-254.24651996736196,-390.3069468545942,-253.3887939453125,-399.5040283203125
-254.79031732004475,-401.24861009267596,-255.78593376277126,-390.45553681920256,-254.9380645751953,-399.6469421386719
-256.34090050213666,-401.39706876830024,-257.3174745269706,-390.6035965659233,-256.486572265625,-399.78704833984375
-257.8916719863988,-401.5449700056815,-258.8609593978444,-390.75259301118183,-258.03704833984375,-399.9263000488281
-259.44417275538575,-401.6936583960767,-260.39729886426244,-390.90182486168686,-259.5881652832031,-400.06329345703125
-260.9976048908778,-401.84061793413457,-261.93446255112997,-391.0510556866018,-261.1402282714844,-400.19805908203125
-262.5512313918164,-401.98920577194093,-263.45888684250053,-391.1982145656674,-262.69091796875,-400.3284912109375
-264.10482697439704,-402.1364272066513,-264.9932694588542,-391.34613624929045,-264.2431640625,-400.456298828125
-265.65862849790847,-402.2858100214252,-266.5226210071655,-391.49523952761933,-265.795166015625,-400.58056640625
-267.2130238415095,-402.43124942069835,-268.0594788401528,-391.6453575155829,-267.34869384765625,-400.7024841308594
-268.76736070139845,-402.57905928613616,-269.59120295131515,-391.7936565149735,-268.9016418457031,-400.82110595703125
-270.3211562662919,-402.7274682338098,-271.1260308373376,-391.94219136592403,-270.45477294921875,-400.93701171875
-271.87601427996793,-402.8763990670855,-272.6585697170734,-392.09052263915135,-272.008544921875,-401.04974365234375
-273.43099771123525,-403.02739857478275,-274.1953741105303,-392.23995136844377,-273.5633239746094,-401.159912109375
-274.9876217509615,-403.1789318855975,-275.73202156163086,-392.3889433848975,-275.1195068359375,-401.26727294921875
-276.5455933073176,-403.3299512823492,-277.2618300559125,-392.53750800586994,-276.6756286621094,-401.37054443359375
-278.10425674244146,-403.4821779731853,-278.7870657400915,-392.6872323749881,-278.2315979003906,-401.4689636230469
-279.66512226389045,-403.63477041279435,-280.31172187171865,-392.83554136058524,-279.7892150878906,-401.5622253417969
-281.2268279903088,-403.78662431186297,-281.8328421623271,-392.9837813907568,-281.3467102050781,-401.64959716796875
-282.79039066719804,-403.9393377876024,-283.3528150116286,-393.13245345987497,-282.90533447265625,-401.730712890625
-284.3544085902521,-404.0918420272942,-284.8706088136896,-393.2806444846586,-284.4635925292969,-401.80511474609375
-285.92053127298345,-404.2437243724151,-286.38861148324935,-393.4296325706838,-286.0231628417969,-401.87261962890625
-287.48716670556485,-404.3961056877808,-287.903340447795,-393.57812990883343,-287.5819396972656,-401.9325866699219
-289.05479093721937,-404.5485523052342,-289.4166796624989,-393.7274861591715,-289.1405334472656,-401.9847106933594
-290.6229880217958,-404.7012363646179,-290.93116084658595,-393.8770368033843,-290.6990661621094,-402.0290832519531
-292.19103977880593,-404.85231412875527,-292.4482233193518,-394.026858882925,-292.2572326660156,-402.06610107421875
-293.7590891761921,-405.0044761980078,-293.9675908474941,-394.1768126002238,-293.8150939941406,-402.0960998535156
-295.3277163293877,-405.15641421764917,-295.4877011687296,-394.3275199727534,-295.3725891113281,-402.1191101074219
-296.8967680332444,-405.3079611647732,-297.01155113341514,-394.47761341742694,-296.9303894042969,-402.1356201171875
-298.4656319942954,-405.459635699516,-298.5371765675933,-394.6273202456559,-298.4875183105469,-402.1459045410156
-300.03527305001074,-405.6114197638818,-300.0649982641432,-394.7770038585261,-300.0447692871094,-402.1501770019531
-301.60493459473844,-405.7636818561469,-301.5960145407962,-394.9266658453076,-301.6019592285156,-402.1488952636719
-303.17590557636066,-405.91532811688904,-303.1276816113967,-395.07555801871683,-303.15911865234375,-402.1419677734375
-304.7482507076008,-406.06822424244723,-304.6615519441819,-395.2221664393525,-304.7167663574219,-402.1295166015625
-306.3218332474292,-406.22226231187744,-306.1952593705745,-395.36796736627355,-306.2738952636719,-402.1113586425781
-307.8976547651329,-406.3743706748116,-307.7289258444227,-395.51784551678253,-307.8310241699219,-402.087158203125
-309.47663686063675,-406.52278290064436,-309.2601476871566,-395.6766327770344,-309.3874816894531,-402.05609130859375
-311.05894775320354,-406.67061678791913,-310.79057749738377,-395.84429739353124,-310.943603515625,-402.01751708984375
-312.6439721747807,-406.8157095895176,-312.32198143396585,-396.01525043133034,-312.4995422363281,-401.97113037109375
-314.23059971446077,-406.95442667617044,-313.8539666562139,-396.1928182715458,-314.0542907714844,-401.9167175292969
-315.81879279427415,-407.086854201241,-315.38994252832725,-396.381146263828,-315.60919189453125,-401.85443115234375
-317.40999996297677,-407.2128004978514,-316.92568219224177,-396.56512867897555,-317.1630554199219,-401.78375244140625
-319.0009311181189,-407.3324459820599,-318.46295454401854,-396.7197681286552,-318.7156677246094,-401.7050476074219
-320.59427637034423,-407.44565386971084,-320.0000605530272,-396.8137037712595,-320.2685852050781,-401.6182556152344
-322.19074410491385,-407.5497108432575,-321.5348255379656,-396.85893173973705,-321.82098388671875,-401.52301025390625
-323.784686708337,-407.6501246345273,-323.07282245976035,-396.88323080938653,-323.372802734375,-401.42041015625
-325.3825565330365,-407.7422539724424,-324.6088654279138,-396.9039657562368,-324.9233703613281,-401.3097229003906
-326.9776724531433,-407.82647672145913,-326.14890470165045,-396.9163366479713,-326.47369384765625,-401.19195556640625
-328.5750430394738,-407.9030873815664,-327.6864171776626,-396.917168680125,-328.0220642089844,-401.06671142578125
-330.17122650858715,-407.9679803418984,-329.22697046363584,-396.914040633396,-329.5704040527344,-400.9344482421875
-331.7667119689728,-408.02350636255755,-330.7678717977131,-396.90973741419697,-331.1170959472656,-400.7954406738281
-333.3625740514651,-408.0705374100105,-332.3107540727535,-396.9026905880652,-332.6636657714844,-400.6497802734375
-334.9611803134778,-408.0989962078392,-333.85218957664864,-396.88955690384125,-334.2090759277344,-400.49688720703125
-336.55948128118234,-408.10870701201503,-335.39325975402966,-396.8666336547284,-335.75323486328125,-400.3367004394531
-338.15673835783093,-408.1023185707476,-336.9359896987198,-396.84150775905255,-337.2967529296875,-400.16937255859375
-339.7563389456255,-408.07411053548793,-338.47650799747674,-396.8082977042319,-338.83843994140625,-399.9942321777344
-341.35024239300793,-408.01293279416564,-340.0185012385809,-396.76075611025743,-340.3796081542969,-399.81182861328125
-342.94563266211827,-407.9410754207134,-341.5581758192012,-396.6985516273674,-341.9189453125,-399.6218566894531
-344.53688626347594,-407.8487362792807,-343.09851347031696,-396.6240846927901,-343.4573974609375,-399.4247131347656
-346.12716610217205,-407.73668119818603,-344.63687286080835,-396.5324523867155,-344.994384765625,-399.22027587890625
-347.72318307730035,-407.60459654366656,-346.1697732803659,-396.41555303925844,-346.5295715332031,-399.00714111328125
-349.31478438964155,-407.454780880558,-347.69971889608365,-396.26508177184826,-348.06353759765625,-398.7857360839844
-350.9111540840756,-407.2867508076671,-349.2277776711013,-396.1069768461607,-349.59637451171875,-398.554931640625
-352.50871903899457,-407.10081815851026,-350.75259734916995,-395.9315101419423,-351.1272277832031,-398.3142395019531
-354.10207040619616,-406.8979402345474,-352.2765342375572,-395.7394617169228,-352.6568298339844,-398.0639953613281
-355.69849935043015,-406.67686110548476,-353.7968722777074,-395.52937670353157,-354.1847839355469,-397.8033447265625
-357.2950188997095,-406.4375773663804,-355.3136127592975,-395.3062849276479,-355.70977783203125,-397.5318908691406
-358.89072447814294,-406.1789582013221,-356.82850162280863,-395.06708007471605,-357.23345947265625,-397.2491149902344
-360.48579366439355,-405.9079683455305,-358.3400900086133,-394.8132244478536,-358.7543029785156,-396.9549865722656
-362.07707764506875,-405.6265220887171,-359.851112274519,-394.5463243379108,-360.273681640625,-396.6497497558594
-363.6667705630532,-405.33278840285465,-361.35898747224854,-394.26219947975505,-361.790771484375,-396.33349609375
-365.25269514542987,-405.0251614662215,-362.86745851426764,-393.9754420459256,-363.3058776855469,-396.0064392089844
-366.8366244683747,-404.70389922627896,-364.37312165330485,-393.67755437703966,-364.8179626464844,-395.6686096191406
-368.4103680633114,-404.3615369386984,-365.87868819458583,-393.36745390112077,-366.3284912109375,-395.3207702636719
-369.98446185446426,-404.01044898951585,-367.3796497845748,-393.0435439136116,-367.83551025390625,-394.96282958984375
-371.55341924169994,-403.6429423815238,-368.8783987179504,-392.7055439810443,-369.3404541015625,-394.5947570800781
-373.11798509120433,-403.2576708401875,-370.37245044257884,-392.34866967174696,-370.84259033203125,-394.2167053222656
-374.6777177041628,-402.8534523738937,-371.86175525952507,-391.97315457348964,-372.34197998046875,-393.8286437988281
-376.23107076209334,-402.4280151622363,-373.3430870456989,-391.56497136717707,-373.8390808105469,-393.4306335449219
-377.7774970800174,-401.98002829063597,-374.82153265253737,-391.1484984592524,-375.33306884765625,-393.0229187011719
-379.3134617148351,-401.5132209387445,-376.2949694664998,-390.7091491821094,-376.824951171875,-392.6061096191406
-380.84282224005943,-401.0283710331534,-377.7622392646386,-390.248428958484,-378.3143615722656,-392.18048095703125
-382.3626947095194,-400.52700363199347,-379.2255782452861,-389.76840194427245,-379.8023986816406,-391.74658203125
-383.88019929029934,-400.00771088896397,-380.68269548051455,-389.2733440948267,-381.2876281738281,-391.3041687011719
-385.39000197651404,-399.4763753437159,-382.13636503460947,-388.7646963972018,-382.7708740234375,-390.8536376953125
-386.89452629734416,-398.93356601939246,-383.58450265414444,-388.23713493594914,-384.2523193359375,-390.39520263671875
-388.3913390678823,-398.37830157675785,-385.0246235932707,-387.6844182539007,-385.7314453125,-389.9295349121094
-389.8822784034349,-397.8104192605624,-386.4645337302772,-387.1301325957278,-387.20904541015625,-389.4566955566406
-391.3666095876397,-397.2330418675978,-387.89981232804826,-386.5631378352923,-388.6842346191406,-388.9773864746094
-392.84592241508824,-396.6447691889369,-389.3313899863532,-385.9830790218517,-390.15826416015625,-388.4914855957031
-394.3159933857827,-396.04388045171453,-390.7588733363379,-385.39173842697835,-391.6298828125,-388.00006103515625
-395.7819633051096,-395.43006658548904,-392.183128814257,-384.79054294869786,-393.1004943847656,-387.50262451171875
-397.2383487953804,-394.8035097159551,-393.60329674216206,-384.17725950024135,-394.5690002441406,-387.0002746582031
-398.68462809226537,-394.1476525852836,-395.0148158313502,-383.5408736138872,-396.0361022949219,-386.49267578125
-400.12399190225784,-393.4818440070238,-396.4255407683353,-382.90177993109876,-397.501708984375,-385.9803466796875
-401.55164162999915,-392.7935979507065,-397.8311556785901,-382.2503889143118,-398.96514892578125,-385.46392822265625
-402.97201001999775,-392.09168561594004,-399.2320872000736,-381.5870088193614,-400.42706298828125,-384.9434509277344
-404.3905854902844,-391.38779989356254,-400.62720586628996,-380.91270227379056,-401.88690185546875,-384.4189758300781
-405.8069357986054,-390.6840656246165,-402.01387077695307,-380.22327922022595,-403.34368896484375,-383.8907470703125
-407.2182750475359,-389.97732085846013,-403.3943899457847,-379.5153800508753,-404.7991638183594,-383.3587646484375
-408.62916553989476,-389.27270117738993,-404.7711516545421,-378.8056920575348,-406.2519836425781,-382.8232727050781
-410.04288612320414,-388.5781207573502,-406.15039581339715,-378.10463992941266,-407.7035827636719,-382.2837829589844
-411.45794000687545,-387.88959895807056,-407.5275758668677,-377.40745028085445,-409.1523132324219,-381.7405700683594
-412.8718275494374,-387.1913605041491,-408.89990757100196,-376.7108265817655,-410.598388671875,-381.1925354003906
-414.27722543354764,-386.477407175679,-410.2686887150753,-376.00944285863477,-412.04180908203125,-380.6398010253906
-415.67557989453934,-385.7454359914587,-411.6321502290524,-375.30418577648913,-413.48236083984375,-380.0819396972656
-417.0688143596286,-385.01004684526947,-412.996234770621,-374.59846620616986,-414.9210205078125,-379.5191955566406
-418.45361534422415,-384.26550763599926,-414.3563839028751,-373.88363333160294,-416.3568420410156,-378.9525451660156
-419.8328820841831,-383.50887952852406,-415.69723430131233,-373.12732503637955,-417.7903137207031,-378.3815002441406
-421.2068393598804,-382.74529300003184,-417.03587155969103,-372.3705361168764,-419.22119140625,-377.8062438964844
-422.57849083701984,-381.98553673489477,-418.3696351755948,-371.5989167007003,-420.6502990722656,-377.2271423339844
-423.9528981481637,-381.23596268698947,-419.69984049435516,-370.8284647085054,-422.0765075683594,-376.6443176269531
-425.32820735732236,-380.4910745514219,-421.0301515609885,-370.0623234473416,-423.5008850097656,-376.0572814941406
-426.70439320854945,-379.74954502834396,-422.3556274616008,-369.29697673096115,-424.9222106933594,-375.4659423828125
-428.08250012511934,-379.01637983855534,-423.67914267593295,-368.5312612174246,-426.3411865234375,-374.8700256347656
-429.4663131616667,-378.2895410359568,-424.9965506619003,-367.77117289594577,-427.7574462890625,-374.2681884765625
-430.846499820301,-377.5630510532297,-426.3156730919943,-367.01185129312734,-429.1709899902344,-373.66119384765625
-432.22750677301605,-376.8356429572214,-427.6308729072201,-366.25432360128076,-430.5821838378906,-373.04815673828125
-433.6075523685374,-376.11001791477935,-428.9429770492306,-365.49611889977183,-431.9900207519531,-372.429443359375
-434.9876266329653,-375.3842195439081,-430.25097354334184,-364.73704113133783,-433.3950500488281,-371.80438232421875
-436.36117031323437,-374.6504291213817,-431.55873874491175,-363.97368593709405,-434.79730224609375,-371.17364501953125
-437.7237798478712,-373.8963259289245,-432.8624612272441,-363.20758118801774,-436.1961364746094,-370.5374450683594
-439.07634825033455,-373.123278127332,-434.16780076016494,-362.44301617926584,-437.5928955078125,-369.8955078125
-440.4248221654332,-372.34798368934526,-435.47333657720907,-361.67774602529596,-438.98663330078125,-369.2487487792969
-441.7700927822006,-371.5675969904947,-436.7777018945422,-360.9114456673291,-440.3782653808594,-368.5967712402344
-443.11063627625117,-370.7813069136141,-438.0793525877698,-360.14547245467384,-441.7665710449219,-367.9400329589844
-444.44878329656615,-369.98817743331887,-439.37740098821246,-359.38138460484606,-443.15264892578125,-367.2773132324219
-445.7852478036896,-369.19772352593606,-440.674681605586,-358.6169059258955,-444.53515625,-366.60955810546875
-447.12371173652053,-368.4117682993463,-441.9682899128835,-357.8524255662541,-445.9149169921875,-365.9359130859375
-448.4621864429557,-367.62700962225983,-443.25797674344165,-357.09289483295834,-447.2908935546875,-365.2561340332031
-449.79937369662235,-366.84411834673034,-444.5451028542529,-356.33510903375696,-448.66253662109375,-364.5703430175781
-451.13666140780236,-366.0642863241823,-445.8315091539563,-355.5786520757954,-450.0306091308594,-363.878173828125
-452.47011472948805,-365.28281738203344,-447.1237269784476,-354.81970735552227,-451.3959045410156,-363.1805419921875
-453.8032494670489,-364.5016512280894,-448.406571654622,-354.0662480748302,-452.7562255859375,-362.47705078125
-455.13463007922815,-363.7215806127319,-449.692837828795,-353.30997396321965,-454.1134033203125,-361.7677001953125
-456.46453530187165,-362.94153846323337,-450.9775003208538,-352.55697110693524,-455.4665222167969,-361.052734375
-457.79364003069355,-362.1621230029736,-452.2602152157945,-351.79998321877514,-456.8163146972656,-360.3319396972656
-459.12071661908465,-361.3823659835163,-453.54311513780146,-351.0456956695165,-458.1620788574219,-359.60577392578125
-460.44702823536755,-360.6034697380266,-454.82573508625717,-350.2921387112551,-459.5042419433594,-358.87408447265625
-461.77200687640885,-359.8245525486328,-456.1059180646081,-349.54020844696527,-460.84222412109375,-358.1369323730469
-463.0973086848903,-359.05019843244173,-457.3917099468128,-348.78481377298556,-462.1772766113281,-357.3948974609375
-464.4201712255419,-358.27179475463777,-458.6753840369504,-348.0308116947694,-463.5091552734375,-356.64776611328125
-465.74176111591356,-357.49361582255625,-459.9587567090343,-347.27641133262983,-464.83746337890625,-355.89593505859375
-467.0630590948268,-356.71563646993843,-461.242807201572,-346.520690043319,-466.1630554199219,-355.13916015625
-468.3829386295192,-355.93737115310347,-462.5267524321699,-345.7620715269634,-467.4855041503906,-354.3780517578125
-469.7019127186386,-355.1589255503379,-463.8153189269225,-345.00387048430485,-468.8056640625,-353.61279296875
-471.01939098561894,-354.3807402874506,-465.1060773801525,-344.24406733210844,-470.1230773925781,-352.8442687988281
-472.33718387653727,-353.6032940635179,-466.39413163089307,-343.48526170727575,-471.4377746582031,-352.0720520019531
-473.65500975551424,-352.82834243621306,-467.68642220817634,-342.7236799520169,-472.7503356933594,-351.2967529296875
-474.9700247131534,-352.0488103739603,-468.9772331347474,-341.96184507432895,-474.0606994628906,-350.51824951171875
-476.28461555281723,-351.26926232938507,-470.2696161773129,-341.1998748308348,-475.3691101074219,-349.7366638183594
-477.59906324917296,-350.49105838524497,-471.5623316667001,-340.43579038024103,-476.67535400390625,-348.95245361328125
-478.91495498642337,-349.7172266236684,-472.8553407319441,-339.67155616648137,-477.9792175292969,-348.16595458984375
-480.2329648400467,-348.9458910696498,-474.14564816125085,-338.9040539384441,-479.2815856933594,-347.37646484375
-481.5479330128701,-348.16918575278527,-475.44034286686343,-338.1376065598873,-480.5829162597656,-346.58416748046875
-482.86097645045186,-347.3889004039527,-476.73222527502105,-337.3732740588753,-481.882080078125,-345.7891845703125
-484.17065527290225,-346.60339889502217,-478.02669815400697,-336.6074516745753,-483.1799011230469,-344.9914855957031
-485.47366672603806,-345.80742032883444,-479.31907983208646,-335.84286224909204,-484.4754638671875,-344.1912841796875
-486.76705595205783,-344.99382324821704,-480.6157474622978,-335.0761262072997,-485.77093505859375,-343.3877868652344
-488.04647699431615,-344.16032659501053,-481.9121045943379,-334.311527308257,-487.0637512207031,-342.5825500488281
-489.3164440348858,-343.31173463189884,-483.21297272920395,-333.54405863916827,-488.3561706542969,-341.77496337890625
-490.58697462879064,-342.46473162795206,-484.51002481252834,-332.77790316197525,-489.6464538574219,-340.96551513671875
-491.85995759264506,-341.6217654631723,-485.81447510852036,-332.0115988084242,-490.93658447265625,-340.1539306640625
-493.13187295046356,-340.7775083774444,-487.1176077864795,-331.2479439329014,-492.22509765625,-339.3407287597656
-494.40623486141965,-339.9388028143524,-488.42951063652214,-330.4803785800179,-493.5137634277344,-338.52642822265625
-495.69482430683195,-339.12262371830843,-489.7368939534264,-329.71737250420847,-494.80072021484375,-337.711181640625
-496.98067697586436,-338.3055050362517,-491.044720729812,-328.95393644657537,-496.085693359375,-336.8955383300781
-498.26884551798395,-337.49290675974,-492.3549142988407,-328.1910920124409,-497.36993408203125,-336.07904052734375
-499.5564154662917,-336.6816797328782,-493.66269727248783,-327.43355341435074,-498.6517639160156,-335.26214599609375
-500.84078241818935,-335.8684736716661,-494.9720834895312,-326.6699341027905,-499.9325866699219,-334.4449768066406
-502.12516393074026,-335.0559554861963,-496.2778746523677,-325.9131157298007,-501.21136474609375,-333.62713623046875
-503.41039952045105,-334.24718938314675,-497.58421468537324,-325.1566466242541,-502.4884338378906,-332.80865478515625
-504.7029086329204,-333.45112389495296,-498.88905522330583,-324.40140891278656,-503.7637939453125,-331.98931884765625
-505.991029865152,-332.65289916125033,-500.197541329897,-323.6441874517039,-505.0375061035156,-331.1701965332031
-507.28217515703847,-331.8593447392321,-501.5049051911849,-322.888252310683,-506.3104553222656,-330.3504333496094
-508.5767765204898,-331.07664058006924,-502.8092074703355,-322.13373837742824,-507.58026123046875,-329.531494140625
-509.8771810235458,-330.30432764199486,-504.1188047477304,-321.37598056456545,-508.85040283203125,-328.7123107910156
-511.1820495329484,-329.54056786874173,-505.4202727347536,-320.6191762893663,-510.1182861328125,-327.8934631347656
-512.4879911088723,-328.7839571143979,-506.72635679912725,-319.8624533611965,-511.38470458984375,-327.0755920410156
-513.8055582279164,-328.04443703462766,-508.0201508983543,-319.1124741131136,-512.6480102539062,-326.25732421875
-515.1203875352163,-327.30493917048534,-509.31666615795393,-318.36155642628245,-513.9093627929688,-325.43878173828125
-516.436798464432,-326.5713213737478,-510.6106777983433,-317.61089941050415,-515.168212890625,-324.6202697753906
-517.7522600152413,-325.8381164953413,-511.90308792518647,-316.8612197260389,-516.4251098632812,-323.8013000488281
-519.1189712435419,-325.0744759434013,-513.2504876220224,-316.0797750626587,-517.7319946289062,-322.9486389160156
-520.4862201688122,-324.3122683194742,-514.5921591425451,-315.300500965344,-519.036376953125,-322.09552001953125
-521.8456993759177,-323.54856377852616,-515.9407428313273,-314.5148647603346,-520.3392333984375,-321.243896484375
-523.1994739834839,-322.77372540686963,-517.2830129044592,-313.73634223739737,-521.6403198242188,-320.3921203613281
-524.5451617471829,-321.9917922703586,-518.6231843918908,-312.95805874164256,-522.9385986328125,-319.5410461425781
-525.8895643778236,-321.21253567880717,-519.9662874728956,-312.1779073884865,-524.2360229492188,-318.6904296875
-527.2304132529817,-320.430288513933,-521.3059327928576,-311.3997532305608,-525.5314331054688,-317.840576171875
-528.5697152932246,-319.64792073962485,-522.6448677740317,-310.62252078636345,-526.8255615234375,-316.99102783203125
-529.9072201326615,-318.8659335998694,-523.9807034399291,-309.8456631272483,-528.1176147460938,-316.1421203613281
-531.2417538352472,-318.0842106288629,-525.3191139434743,-309.0665412559604,-529.4091186523438,-315.29388427734375
-532.5751426192261,-317.30452739878814,-526.6577096394175,-308.28639023760115,-530.7000122070312,-314.44683837890625
-533.9095273296535,-316.52516522537866,-527.9889874419536,-307.5062564210354,-531.989501953125,-313.600341796875
-535.239760662755,-315.7450616258016,-529.3222168156454,-306.72742467910706,-533.2776489257812,-312.7550354003906
-536.5715418563506,-314.9683927056625,-530.6532830716346,-305.94870888130254,-534.5650024414062,-311.91033935546875
-537.8978941394832,-314.18909126133383,-531.9819719309609,-305.17000829399706,-535.8502197265625,-311.06732177734375
-539.2225636868952,-313.4093429583945,-533.3075855910737,-304.38887812016054,-537.1345825195312,-310.2251281738281
-540.5445022703072,-312.63065556905,-534.6307124190927,-303.60624317338295,-538.4172973632812,-309.3845520019531
-541.865717940862,-311.8514747104097,-535.9552938717578,-302.8247076806804,-539.7003784179688,-308.54443359375
-543.186338378576,-311.0717951558994,-537.2718600238686,-302.05017644942495,-540.9796142578125,-307.7057800292969
-544.5020795209866,-310.29343504991544,-538.5951731405679,-301.2719232654412,-542.2592163085938,-306.8679504394531
-545.8192111783036,-309.5144720351454,-539.9135356573245,-300.50605539253144,-543.53564453125,-306.0311584472656
-547.129997479079,-308.73704639367094,-541.2420908156859,-299.74226076214217,-544.8118896484375,-305.19573974609375
-548.4477125257112,-307.9627121785682,-542.565182008887,-298.99392218321134,-546.0851440429688,-304.3606262207031
-549.757974658057,-307.18722330647233,-543.8954675529689,-298.24603686023227,-547.3576049804688,-303.52630615234375
-551.0684975515271,-306.41155021380746,-545.220737418061,-297.50002527232135,-548.6281127929688,-302.6925964355469
-552.3746323324489,-305.6386943512633,-546.5450879819384,-296.7492057938834,-549.89697265625,-301.8605041503906
-553.681037417292,-304.8654558748029,-547.864408840453,-296.0009643192488,-551.163818359375,-301.02923583984375
-554.9846149935834,-304.0962752805665,-549.1831575690754,-295.24795402812504,-552.4295654296875,-300.1993408203125
-556.2871662511105,-303.32707363999214,-550.487905635255,-294.48080904852526,-553.6935424804688,-299.3707275390625
-557.5897146974268,-302.5650032054322,-551.7918938340412,-293.71197017434224,-554.9562377929688,-298.5437927246094
-558.8898298675355,-301.79889967025304,-553.0907138593252,-292.94082923743724,-556.218017578125,-297.7177429199219
-560.1893519236195,-301.03470492742434,-554.3878137736605,-292.17280012915194,-557.4779052734375,-296.8929443359375
-561.4852536822252,-300.27260851089704,-555.6884669113441,-291.4086285025447,-558.7366943359375,-296.0697326660156
-562.7825875895204,-299.5097621982362,-556.9850792561439,-290.6477674913349,-559.9940185546875,-295.2471923828125
-564.1272911869941,-298.7203833865897,-558.3332355036167,-289.8578866809358,-561.2988891601562,-294.39410400390625
-565.4701826258464,-297.93253896130994,-559.6831775721847,-289.06816887338135,-562.6039428710938,-293.5421142578125
-566.8118838539023,-297.1463346347548,-561.025569039721,-288.28026410419716,-563.9053344726562,-292.6927795410156
-568.1512412526741,-296.36747276925666,-562.3736157931045,-287.4919716582176,-565.2073974609375,-291.8451843261719
-569.4866921733341,-295.5848202081167,-563.7184842818777,-286.7064879461496,-566.508056640625,-291.0001525878906
-570.8213078150544,-294.80308767284373,-565.0608163466222,-285.9220258940012,-567.8078002929688,-290.1571044921875
-572.1542496141943,-294.0228488555144,-566.4008521370588,-285.13924565167076,-569.1060791015625,-289.3162841796875
-573.4836678091979,-293.24350446209127,-567.7411594088909,-284.3565428028161,-570.404052734375,-288.4775695800781
-574.8151451601519,-292.4652124078275,-569.0764153243596,-283.5756842832813,-571.7005615234375,-287.6405944824219
-576.1414475113135,-291.6892715401874,-570.4136265820415,-282.7937064046559,-572.9970092773438,-286.8058166503906
-577.4679402768443,-290.91227448798253,-571.7477381816398,-282.015952557529,-574.2921142578125,-285.97308349609375
-578.7962641170786,-290.1418190610856,-573.0801722022242,-281.23547715395495,-575.5872802734375,-285.141845703125
-580.1209733389162,-289.367671278016,-574.4105223131,-280.45947698074036,-576.880615234375,-284.3127746582031
-581.4434601926179,-288.59515513703917,-575.7398707599652,-279.68446714164696,-578.1729125976562,-283.485595703125
-582.7641989800616,-287.82307271427874,-577.0669990195504,-278.91090080652253,-579.4638671875,-282.66033935546875
-584.0827108186426,-287.0530718639234,-578.3956678285944,-278.13787187152144,-580.755126953125,-281.8366394042969
-585.4022892813867,-286.2824058385197,-579.719606343236,-277.36769829810197,-582.04443359375,-281.0147705078125
-586.7183849117823,-285.51539668824415,-581.0446137526295,-276.5968162415853,-583.33349609375,-280.1947021484375
-588.037690827119,-284.75171866186093,-582.364626878584,-275.8242143599087,-584.6217041015625,-279.3760986328125
-589.3533495921374,-283.9838389371388,-583.6846433672569,-275.05512922948583,-585.9090576171875,-278.55877685546875
-590.6683837601843,-283.21658982083557,-585.0051657699263,-274.2858050977829,-587.1968994140625,-277.74212646484375
-591.9833307673857,-282.4496389183968,-586.32202634244,-273.51796622910246,-588.4828491210938,-276.9270324707031
-593.2968383384348,-281.6831337740143,-587.6378234800504,-272.7494322574538,-589.768310546875,-276.1127624511719
-594.6125794357309,-280.9152132082761,-588.9511373082096,-271.98288541313747,-591.052734375,-275.2986755371094
-595.9251405495912,-280.14816283331885,-590.2644774802864,-271.2152806216181,-592.3365478515625,-274.4851379394531
-597.2380160292751,-279.37893999802674,-591.5756186039201,-270.44913740917826,-593.619140625,-273.6718444824219
-598.5475728402098,-278.613019521188,-592.8857712283749,-269.67866000331605,-594.9013671875,-272.8592834472656
-599.8617140293615,-277.84550490232044,-594.1942204749884,-268.91372234543235,-596.18212890625,-272.0466003417969
-601.1654672371549,-277.0776889349097,-595.505800741963,-268.14701867830166,-597.4627685546875,-271.2350158691406
-602.4703678327719,-276.3081534764768,-596.8152348633135,-267.38159493502104,-598.7427368164062,-270.42413330078125
-603.7688804014088,-275.540890530433,-598.1262537791479,-266.6134514040777,-600.0232543945312,-269.6147766113281
-605.0691628357558,-274.7712989320528,-599.4351111507351,-265.84908564267573,-601.3027954101562,-268.8067932128906
-606.366115260051,-274.0018504047656,-600.7438639156388,-265.08237404725014,-602.5828857421875,-267.9999084472656
-607.6651960348956,-273.23116066074266,-602.0487045309028,-264.3192635315953,-603.8607788085938,-267.1945495605469
-608.9631744067119,-272.46575905099235,-603.3538447095762,-263.5507188286715,-605.1400756835938,-266.3896179199219
-610.2619417974635,-271.69230841380283,-604.656499967589,-262.7895603763912,-606.4169921875,-265.58563232421875
-611.5549409183132,-270.9213486643669,-605.9624140422438,-262.0264059937998,-607.6950073242188,-264.7821044921875
-612.852183562454,-270.148299476835,-607.2635363726079,-261.2655266576955,-608.970947265625,-263.9793395996094
-614.1436913906308,-269.37833300230494,-608.5659525668754,-260.5028627753288,-610.246826171875,-263.1775207519531
-615.4355153672482,-268.6084453631589,-609.8678885400249,-259.741821973156,-611.5223388671875,-262.3765869140625
-616.7267608630649,-267.83935889895565,-611.1689799908554,-258.98142698428865,-612.7973022460938,-261.5766296386719
-618.0179237349834,-267.07210958113524,-612.4682685036918,-258.22090027883087,-614.0714111328125,-260.77777099609375
-619.3099436196842,-266.3123846545329,-613.7662305994141,-257.4560142039442,-615.3460693359375,-259.9798889160156
-620.5960619515728,-265.55025040114464,-615.065194403122,-256.69670313838884,-616.6193237304688,-259.1844787597656
-621.8840721116094,-264.78875901408145,-616.3637774815627,-255.93762864970014,-617.8932495117188,-258.38995361328125
-623.2234006856501,-263.99838333953915,-617.708491526264,-255.15057481158357,-619.21435546875,-257.5664978027344
-624.5571771828339,-263.21382265419686,-619.0552247438874,-254.3634422170773,-620.5357666015625,-256.7450256347656
-625.888927138905,-262.429653822642,-620.3989608144275,-253.57735173880405,-621.8557739257812,-255.9263916015625
-627.2206414376716,-261.64950944670915,-621.7425473499163,-252.79274372739158,-623.17578125,-255.1099395751953
-628.5480111443311,-260.8727311702261,-623.0852391968183,-252.00743503779375,-624.4957885742188,-254.2965545654297
-629.8817929476548,-260.10023428827793,-624.4222942947432,-251.21808903662617,-625.8157958984375,-253.48519897460938
-631.207288609161,-259.32612288272776,-625.7622234538618,-250.43583445043916,-627.135009765625,-252.67721557617188
-632.5288474276757,-258.55494503224014,-627.1024422169826,-249.6538213270061,-628.4550170898438,-251.87249755859375
-633.8475862460863,-257.78648997259836,-628.4409458502071,-248.87200414225293,-629.775146484375,-251.07183837890625
-635.1667886346764,-257.0179127381976,-629.7764082203175,-248.09160460315377,-631.0948486328125,-250.27490234375
-636.4866035151838,-256.2490811899898,-631.1113668001548,-247.312104833746,-632.4155883789062,-249.48052978515625
-637.8122149327303,-255.4787291929543,-632.4402188339208,-246.53471903884892,-633.7339477539062,-248.68869018554688
-639.1345990506717,-254.70895900108798,-633.7691022146528,-245.75914115602592,-635.0517578125,-247.89865112304688
-640.4638323249031,-253.94340591588715,-635.0957294210959,-244.98432175163958,-636.3690185546875,-247.109375
-641.7913157683158,-253.1713200398485,-636.4160352925555,-244.20368054843632,-637.6849365234375,-246.3206024169922
-643.1189832895217,-252.399066326612,-637.7378074872927,-243.43071774200516,-638.998779296875,-245.5322723388672
-644.4451265924035,-251.62843276921112,-639.0599389163107,-242.65732305580886,-640.3123779296875,-244.74374389648438
-645.7728097249951,-250.8557210711156,-640.3790654361718,-241.88654093166625,-641.6232299804688,-243.9554443359375
-647.0995879825314,-250.08552664965825,-641.6983449096931,-241.11668363499663,-642.9329223632812,-243.16671752929688
-648.4267224428263,-249.31453971860626,-643.0153462515292,-240.34815090151042,-644.240234375,-242.3777313232422
-649.7542050899068,-248.5438509011742,-644.332010051816,-239.57927795504233,-645.5466918945312,-241.5875244140625
-651.0830684534501,-247.78096295544196,-645.6461871994591,-238.81112742218596,-646.8501586914062,-240.79745483398438
-652.4102312371467,-247.01155634794748,-646.9546649197463,-238.03623928501753,-648.1520385742188,-240.00611877441406
-653.732543958244,-246.2454551411174,-648.2672042504386,-237.27077872693448,-649.451171875,-239.21498107910156
-655.047482457983,-245.4828653186158,-649.5804945281259,-236.50455822213658,-650.74951171875,-238.42440795898438
-656.3630675280292,-244.72021922368359,-650.8916579563439,-235.7402707745579,-652.0458374023438,-237.6345672607422
-657.6743875032984,-243.96012592648722,-652.2015666635157,-234.97764187137912,-653.3399658203125,-236.84608459472656
-658.9838339605323,-243.20031923747297,-653.5072398802082,-234.21479764325696,-654.6312866210938,-236.0590362548828
-660.2873346653698,-242.44524472597274,-654.8042749708094,-233.4582280130928,-655.9136962890625,-235.27662658691406
-661.6295363890557,-241.67430668335098,-656.1363700527831,-232.6675346153543,-657.23583984375,-234.4702606201172
-662.960536875232,-240.90122096733577,-657.463051094606,-231.8914293224449,-658.5480346679688,-233.6696014404297
-664.2794912471637,-240.13378701682322,-658.7853435705161,-231.11958573845982,-659.8543090820312,-232.87342834472656
-665.6047533964179,-239.3620150769619,-660.113733075915,-230.34362836642163,-661.1672973632812,-232.07398986816406
-666.9353021974755,-238.5870107069955,-661.4462137508712,-229.56508818346623,-662.4849243164062,-231.27232360839844
-668.2534543453851,-237.81874750784937,-662.7676850317247,-228.79362939320248,-663.7915649414062,-230.4781036376953
-669.5572111397918,-237.0553527720022,-664.0788841276895,-228.02882594668554,-665.087890625,-229.69134521484375
-670.8476705177574,-236.30221527039268,-665.3796465649343,-227.27006408420107,-666.3740844726562,-228.91268920898438
-672.1746356110824,-235.5260287279867,-666.7130828518622,-226.49212315245495,-667.6940307617188,-228.1147003173828
-673.4895165001235,-234.7639893684057,-668.0298866131504,-225.70921983191556,-669.0040283203125,-227.3248291015625
-674.7937903316932,-233.9995358020917,-669.337988014851,-224.94505785665203,-670.301025390625,-226.54331970214844
-676.0796826288805,-233.24537116659258,-670.6376234605053,-224.18618507931882,-671.5888671875,-225.76968383789062
-677.4075719784734,-232.46672295088052,-671.9656343583857,-223.4100676415376,-672.9074096679688,-224.97740173339844
-678.7216629604302,-231.6956975289925,-673.2820541050996,-222.64180933157124,-674.2137451171875,-224.1925506591797
-680.0211937263721,-230.93263110525174,-674.5878326461823,-221.88122451129738,-675.5086669921875,-223.4152374267578
-681.3523972531218,-230.15147856932523,-675.9224141194004,-221.10265336746778,-676.8331909179688,-222.62042236328125
-682.6676526116464,-229.37825263410505,-677.2369223250853,-220.31769528826007,-678.1456298828125,-221.83377075195312
-683.9746422267779,-228.60992960110005,-678.5453502964676,-219.55536578550252,-679.4445190429688,-221.054931640625
-685.2680523774885,-227.85800954315079,-679.8426602009158,-218.7996534659011,-680.731689453125,-220.28399658203125
-686.5901774785237,-227.07972491391504,-681.1652939265281,-218.02784472553387,-682.0455322265625,-219.49659729003906
-687.8929854996989,-226.3117351122048,-682.4781327974538,-217.26309737152081,-683.3482055664062,-218.71705627441406
-689.2298446850424,-225.52402496501787,-683.8129391046995,-216.48364875998618,-684.6748657226562,-217.92213439941406
-690.5462674167674,-224.74879262444838,-685.1359869575919,-215.71073807503305,-685.9888916015625,-217.1355438232422
-691.8490742977796,-223.9785979843738,-686.4452133956346,-214.94729052026813,-687.2890625,-216.3575897216797
-693.1723582122552,-223.19866128793058,-687.7702410152741,-214.15274224900034,-688.6143188476562,-215.566162109375
-694.469439534533,-222.43016201074212,-689.0930544136894,-213.3812402010785,-689.9276123046875,-214.78587341308594
-695.7581321373169,-221.67759095830283,-690.4006489759898,-212.61817964017675,-691.2278442382812,-214.01695251464844
-697.0639140031561,-220.9055769735054,-691.7297168390968,-211.8393008365735,-692.5524291992188,-213.2376251220703
-698.3598504648389,-220.13848107490773,-693.0449447775773,-211.07030157897015,-693.864501953125,-212.46861267089844
-699.6443995541088,-219.37876601479473,-694.3421541918641,-210.31079599140165,-695.1607055664062,-211.710693359375
-700.9522461307021,-218.6046804044482,-695.662849791667,-209.54055848204422,-696.47998046875,-210.94082641601562
-702.2415382681817,-217.84448460878377,-696.9674696061819,-208.7772862511259,-697.7845458984375,-210.1820068359375
-703.5637362484129,-217.06422686485084,-698.2891154345225,-208.00506901161936,-699.1079711914062,-209.4114532470703
-704.8561740416977,-216.30244029666426,-699.589308907195,-207.2254619898076,-700.4169921875,-208.6519012451172
-706.1809319322327,-215.53525974770008,-700.9153813570329,-206.45086459920856,-701.7449951171875,-207.8821563720703
-707.4908663311494,-214.7668768510846,-702.2234071272997,-205.68735435585967,-703.0556030273438,-207.12181091308594
-708.8116461488285,-213.99314321876133,-703.5502887565607,-204.9118276532251,-704.3845825195312,-206.3518524169922
-710.1356117521668,-213.21802922195855,-704.856890219402,-204.14966213298092,-705.69482421875,-205.5891571044922
-711.4694748850376,-212.44005448614664,-706.1779618892775,-203.37683001573066,-707.0184326171875,-204.81637573242188
-712.7899001426996,-211.66932648836453,-707.4842770552264,-202.61455989558695,-708.3256225585938,-204.05043029785156
-714.129764801123,-210.89238907109603,-708.7960339062893,-201.8281986379145,-709.6463623046875,-203.27325439453125
-715.4515071138543,-210.13475485128598,-710.1060297768943,-201.064360384008,-710.9537353515625,-202.50277709960938
-716.7620749154397,-209.3738194664783,-711.4022232871222,-200.30787398904255,-712.2476196289062,-201.73782348632812
-718.0865954921226,-208.60618269082843,-712.7178320230125,-199.53974388892047,-713.5594482421875,-200.9610137939453
-719.3974766750629,-207.8458311830841,-714.0222699932306,-198.77844292938238,-714.8593139648438,-200.19044494628906
-720.7299769594614,-207.0731677114307,-715.3458647071694,-198.00609479518326,-716.177978515625,-199.40740966796875
-722.0444751075736,-206.3116427943518,-716.6581035488233,-197.24043911954428,-717.4842529296875,-198.6317596435547
-723.3493100582734,-205.55430389654757,-717.9497698589822,-196.46717356234146,-718.7788696289062,-197.8625030517578
-724.6680937158135,-204.78954245390602,-719.269547615753,-195.69534238471599,-720.0929565429688,-197.08242797851562
-725.9862902081167,-204.03240837581038,-720.5754675962095,-194.93135053404924,-721.3943481445312,-196.3087158203125
-727.2701073447984,-203.2839287169835,-721.8738193522624,-194.1721496301773,-722.6860961914062,-195.543701171875
-728.5809345397342,-202.51861690995625,-723.1878087410878,-193.40437240485738,-723.9953002929688,-194.76901245117188
-729.8633064550168,-201.76833836046828,-724.4920555952492,-192.64221953327188,-725.2939453125,-194.0046844482422
-731.1789112885963,-200.99445937475264,-725.81082025615,-191.8720362099303,-726.6100463867188,-193.230224609375
-732.4736491061547,-200.23144876140543,-727.1072986994566,-191.0902988937891,-727.9141235351562,-192.46466064453125
-733.7649047094939,-199.46696120700904,-728.4344142840376,-190.31643199048565,-729.2369384765625,-191.69407653808594
-735.0354217865072,-198.7140337481352,-729.7513883539825,-189.54695900009904,-730.5520629882812,-190.93601989746094
-736.3171615753024,-197.95147516109847,-731.0581256006666,-188.78335274107815,-731.8619384765625,-190.1846466064453
-737.5858745573236,-197.19877099725068,-732.3710157040317,-188.01586721484432,-733.1781616210938,-189.4371795654297
-738.8657753314966,-196.42417221940198,-733.6861815424303,-187.24677464865002,-734.5010375976562,-188.69056701660156
-740.1473267138074,-195.63796037263444,-735.0047231342164,-186.47413686939035,-735.8300170898438,-187.94476318359375
-741.4266660943435,-194.8514775936991,-736.3306672486525,-185.69855008660224,-737.1668701171875,-187.20045471191406
-742.6618453726549,-194.10517335274844,-737.6363254073093,-184.9340725587138,-738.4830322265625,-186.47923278808594
-743.9100714209835,-193.36742824193496,-738.9404996897354,-184.15394616046407,-739.8089599609375,-185.76405334472656
-745.1475975836082,-192.64452649214914,-740.26145174017,-183.38242628151457,-741.1458129882812,-185.05880737304688
-746.4077285128462,-191.9507020664752,-741.5881287011244,-182.6078426302658,-742.4937744140625,-184.3634490966797
-747.6752477236378,-191.25068362859804,-742.9211780941931,-181.82901467315494,-743.853759765625,-183.67721557617188
-748.9472697436485,-190.57375891531152,-744.2650240856462,-181.04596669675252,-745.2265625,-183.00257873535156
-750.2087278780642,-189.92774238548304,-745.5864541108712,-180.27396328781668,-746.5821533203125,-182.353515625
-751.4637749472199,-189.28132993376465,-746.9180908583966,-179.49227037024474,-747.9514770507812,-181.7176513671875
-752.7129388157924,-188.60504326118806,-748.2627852368379,-178.71353328772864,-749.3344116210938,-181.09547424316406
-753.9650645746558,-187.9125550910782,-749.6251639395321,-177.94774436171744,-750.7311401367188,-180.48716735839844
-755.2189233087892,-187.21187837431836,-751.0049967879005,-177.19055103462833,-752.1417846679688,-179.8939971923828
-756.4477605986149,-186.52777163344618,-752.3712767167472,-176.45488797179027,-753.534912109375,-179.3302001953125
-757.6836717919862,-185.84235525612235,-753.7505794381776,-175.7238859537749,-754.9400634765625,-178.7840118408203
-758.9305319227401,-185.1508070800778,-755.1418667707111,-174.99959830362337,-756.35693359375,-178.2552032470703
-760.1913611384296,-184.46604990455447,-756.5472667659533,-174.28302999889397,-757.7857666015625,-177.74388122558594
-761.4715839189486,-183.7996469290929,-757.9663607866466,-173.5683018648439,-759.2276611328125,-177.24989318847656
-762.7674865085761,-183.12582769962768,-759.3939506024711,-172.8528333493214,-760.68115234375,-176.7725830078125
-764.0418360101751,-182.47210458649343,-760.8053235119519,-172.15563853528795,-762.1128540039062,-176.32342529296875
-765.3306124750011,-181.8247505126049,-762.2289801558702,-171.45900253928306,-763.5553588867188,-175.8917999267578
-766.6327998310556,-181.1813230729259,-763.6653041571309,-170.76171729093323,-765.0084838867188,-175.4779510498047
-767.9458170278482,-180.54489187702612,-765.1164661851922,-170.05920680209834,-766.4720458984375,-175.08303833007812
-769.2892449898845,-179.93863799254422,-766.5732915618416,-169.35572075850993,-767.946044921875,-174.7047576904297
-770.6438351707069,-179.33161609712778,-768.04705960648,-168.65922623492196,-769.43017578125,-174.34364318847656
-772.0192203326824,-178.7376207614941,-769.5358767432572,-167.97990545103892,-770.9252319335938,-173.99851989746094
-773.3682452350521,-178.1738627252305,-771.017135978513,-167.31877483385654,-772.3949584960938,-173.68019104003906
-774.740035713273,-177.62913413472407,-772.5095057361273,-166.66913171422215,-773.8750610351562,-173.37896728515625
-776.1082727046952,-177.0818027436721,-774.0436643480413,-166.02904333722478,-775.3646240234375,-173.10072326660156
-777.495460330209,-176.5715285899302,-775.599668763675,-165.399473171141,-776.8633422851562,-172.84640502929688
-778.8983333844301,-176.0569544890191,-777.1730279616319,-164.77881409497562,-778.3718872070312,-172.61563110351562
-780.3083944893368,-175.57813978182702,-778.7982854248617,-164.19224957950595,-779.8887939453125,-172.41444396972656
-781.7560673912989,-175.22382438397767,-780.4332100083386,-163.64951657491386,-781.4150390625,-172.24000549316406
-783.1700322411946,-174.88945169748104,-782.0847709854881,-163.15595380603193,-782.9121704101562,-172.10153198242188
-784.606712180092,-174.5975417737886,-783.7447325007068,-162.7482344933547,-784.4171752929688,-171.99205017089844
-786.0556944840788,-174.3593628576767,-785.4316583793357,-162.42358728395877,-785.9277954101562,-171.91307067871094
-787.5219561848169,-174.3005734760421,-787.1337974512923,-162.17576857257117,-787.4439697265625,-171.86453247070312
-788.9917267578971,-174.24000548568122,-788.8556692401992,-162.02081465299432,-788.965087890625,-171.84759521484375
-790.4718226620695,-174.24183672074548,-790.5624068214574,-161.94700630469194,-790.4893798828125,-171.85882568359375
-791.9504490499846,-174.30038245575673,-792.2924263003557,-162.06883328784252,-792.0175170898438,-171.90155029296875
-793.4279332755024,-174.52757434030042,-794.0021528578461,-162.3291171729852,-793.5481567382812,-171.97360229492188
-794.9112720933375,-174.74018871208364,-795.6857862358742,-162.67293675718417,-795.08251953125,-172.07208251953125
-796.3562139272886,-175.00604880398993,-797.3086310113719,-163.15605133200177,-796.5823364257812,-172.192626953125
-797.7904914868193,-175.39957952153824,-798.9152818961879,-163.72999747320222,-798.0856323242188,-172.3375244140625
-799.2217259868851,-175.79493224982477,-800.5110358579782,-164.34414383463533,-799.5919189453125,-172.5071258544922
-800.6494010173783,-176.24482199115428,-802.0848114163304,-164.9921871070473,-801.1016235351562,-172.69970703125
-802.0679426166822,-176.7741559312014,-803.6372213871027,-165.68528694058762,-802.6142578125,-172.9137725830078
-803.4829318436485,-177.37012722887633,-805.1670202455332,-166.39190761583032,-804.130859375,-173.14642333984375
-804.8661603893026,-177.93922860932727,-806.6481544807999,-167.0902690297879,-805.6134033203125,-173.3899383544922
-806.2505770145478,-178.5216437489174,-808.1168380154367,-167.80832654558316,-807.0994262695312,-173.6488037109375
-807.6327855317855,-179.16506774768285,-809.576294157619,-168.52730479259725,-808.5908203125,-173.92127990722656
-809.0227647873146,-179.80401287938528,-811.028567120721,-169.23586968311702,-810.08544921875,-174.2049560546875
-810.4146652767561,-180.45615763820436,-812.4827557808992,-169.93295259429274,-811.5852661132812,-174.4997100830078
-811.8208872743181,-181.132906823285,-813.9262767439926,-170.62663188897852,-813.0897216796875,-174.8011932373047
-813.199930504543,-181.83085964630268,-815.3375819573225,-171.25311190614556,-814.5604858398438,-175.09841918945312
-814.5980690363181,-182.5194338149635,-816.7484216829979,-171.87848630077983,-816.0374145507812,-175.39688110351562
-816.0137922727926,-183.1939758187683,-818.1646723784394,-172.4798415488595,-817.5193481445312,-175.6943817138672
-817.4414810057915,-183.84948328323557,-819.5916942170958,-173.063037330189,-819.0079956054688,-175.9911346435547
-818.9188981535297,-184.49403880059674,-821.0161659878752,-173.613753673758,-820.5023803710938,-176.27919006347656
-820.4089382597612,-185.0905768322249,-822.4620692190351,-174.10270618252744,-822.0029907226562,-176.55958557128906
-821.9325064398862,-185.63630941560905,-823.9133660488083,-174.58589228475017,-823.5111083984375,-176.82992553710938
-823.4917664321443,-186.14775402143619,-825.3738896192256,-175.0369068634179,-825.0266723632812,-177.08665466308594
-825.0423980467441,-186.6239792394809,-826.8051040626634,-175.43975465663416,-826.5087280273438,-177.3202362060547
-826.5950593739379,-187.0569077465209,-828.2530770880683,-175.8108216432837,-827.9981689453125,-177.53982543945312
-828.1830337976506,-187.452947701219,-829.7081360789424,-176.14636983800855,-829.4929809570312,-177.741455078125
-829.7460620882829,-187.83520665628592,-831.1855249208155,-176.4383703942769,-830.9969482421875,-177.93141174316406
-831.3602475486056,-188.25093366665686,-832.6754872277362,-176.6168442962203,-832.507568359375,-178.10218811035156
-832.9338332705308,-188.67228747888194,-834.1769415374466,-176.80293211880814,-834.0242309570312,-178.2610321044922
-834.5367569389077,-189.0652009346567,-835.6863169727503,-176.95024283187473,-835.5482177734375,-178.4056396484375
-836.142268958683,-189.4252539951242,-837.2064680876709,-177.06285466780508,-837.0795288085938,-178.53746032714844
-837.7336463848303,-189.73715631078892,-838.6932656785265,-177.1188441830116,-838.5767211914062,-178.6513214111328
-839.333163158305,-190.024270094233,-840.1941068003908,-177.0781120734458,-840.0828247070312,-178.75148010253906
-840.9456135967357,-190.26686019119597,-841.6993608943293,-177.04397141389666,-841.5971069335938,-178.83779907226562
-842.5754733185852,-190.41173911283957,-843.2113132615435,-176.99161793198945,-843.1204223632812,-178.90997314453125
-844.2401767808401,-190.46988794535378,-844.7253383332989,-176.92529991019452,-844.6522827148438,-178.96484375
-845.9201295921446,-190.4540395208452,-846.2446765817483,-176.83843710697536,-846.193115234375,-179.00157165527344
-847.5830139128077,-190.35760197603648,-847.7236073351684,-176.7442992642449,-847.7001342773438,-179.0171356201172
-849.2196284545057,-190.2229402975102,-849.2136028671435,-176.63031076988628,-849.2146606445312,-179.01646423339844
-850.8816839048643,-190.04089195567246,-850.7051162688699,-176.52859323545988,-850.7373657226562,-178.99656677246094
-852.521111851547,-189.81869424215688,-852.2078137072876,-176.41744631723824,-852.2672729492188,-178.96080017089844
-854.1863439554501,-189.56127722297737,-853.7105129636458,-176.2870288733823,-853.8043823242188,-178.90570068359375
-855.7740312835965,-189.28086145083535,-855.1861956989097,-176.149198723075,-855.3065795898438,-178.8384552001953
-857.3972437965509,-188.95961129855647,-856.6568123310814,-175.99812497885617,-856.8141479492188,-178.75233459472656
-858.9918964917837,-188.62458327942545,-858.1405705510294,-175.8101728024071,-858.329345703125,-178.65167236328125
-860.604890688162,-188.23457250601288,-859.6196353152252,-175.55087194868193,-859.851318359375,-178.533447265625
-862.2253469445129,-187.85038246056604,-861.1016796716137,-175.29229407240575,-861.3794555664062,-178.39671325683594
-863.8513248564341,-187.28512024777515,-862.5784428903286,-174.998797801542,-862.9140014648438,-178.23773193359375
-865.4436142820957,-186.64440896398716,-864.0012639861656,-174.67011553803243,-864.4093017578125,-178.0576171875
-867.0369470304146,-185.97332545421855,-865.4129328748538,-174.28346975065176,-865.9083251953125,-177.849365234375
-868.6275609516102,-185.28714490830689,-866.8046575921707,-173.80541068892038,-867.4088745117188,-177.6111297607422
-870.2060880702649,-184.5514878731139,-868.1845693259204,-173.32433300148193,-868.9078369140625,-177.3412322998047
-871.7674373055146,-183.7809903937333,-869.5404926372348,-172.8141159194416,-870.3983154296875,-177.03857421875
-873.3020573747194,-183.0184193647538,-870.8797760226552,-172.2714285818206,-871.8790283203125,-176.704833984375
-874.8232916503074,-182.25220032972814,-872.1861759274669,-171.69187832369025,-873.3464965820312,-176.33837890625
-876.321424020329,-181.49000442100936,-873.4705383774259,-171.0755490794156,-874.8021240234375,-175.93991088867188
-877.7996483541881,-180.75438104963226,-874.7449113497609,-170.46545160433556,-876.2432250976562,-175.51205444335938
-879.3099134837308,-180.01057918699212,-876.0397118513681,-169.82389106343345,-877.7141723632812,-175.0398406982422
-880.799691014201,-179.26388659448696,-877.3210604148409,-169.16726251039452,-879.17138671875,-174.53778076171875
-882.2751896343837,-178.50000629740498,-878.590070715421,-168.5217083384692,-880.614990234375,-174.004638671875
-883.7214937886496,-177.72101910884257,-879.8742304748065,-167.89501101535183,-882.046875,-173.44400024414062
-885.1469485297442,-176.9344027164202,-881.1652782349265,-167.27990585056673,-883.466064453125,-172.85870361328125
-886.5491780771636,-176.14740227776517,-882.4738402570262,-166.6565520724882,-884.8768920898438,-172.25289916992188
-887.9344408481112,-175.36346772411554,-883.7849763136755,-165.99729499254306,-886.2808227539062,-171.63092041015625
-889.3030064981244,-174.5772261465125,-885.1171759544725,-165.33396175909178,-887.6815185546875,-170.99661254882812
-890.6681771141817,-173.78219466770506,-886.4441316909308,-164.66637845321446,-889.07763671875,-170.3496856689453
-892.0229870308,-172.9752422713529,-887.7796321254597,-163.99687990177398,-890.4708862304688,-169.6912078857422
-893.3691004340844,-172.15780728183424,-889.122212685565,-163.33006461879282,-891.8607788085938,-169.02255249023438
-894.7130643924844,-171.34335768199867,-890.4738234132334,-162.6614074261585,-893.2489013671875,-168.34475708007812
-896.0141857171997,-170.54952929608288,-891.7907721102462,-162.01148866498178,-894.5943603515625,-167.67921447753906
-897.3176671425218,-169.75441271185375,-893.104086894628,-161.3564317384563,-895.9381713867188,-167.00497436523438
-898.6219053734436,-168.95763227343463,-894.4186394704323,-160.70845301718737,-897.2788696289062,-166.32183837890625
-899.9276384623594,-168.15850160305536,-895.7311099350517,-160.06176572108484,-898.6163940429688,-165.62860107421875
-901.2348369818222,-167.3598087254475,-897.0436268466194,-159.41615775407374,-899.9501342773438,-164.92489624023438
-902.5444625492146,-166.55994117438453,-898.3628177799503,-158.77551550021047,-901.2818603515625,-164.2095184326172
-903.8579990317361,-165.76378856761275,-899.687835167563,-158.13992726802286,-902.6103515625,-163.48284912109375
-905.1683272031042,-164.96149643611187,-901.0138683015318,-157.489575485868,-903.936279296875,-162.74562072753906
-906.4798967447205,-164.15938312469984,-902.3194051872172,-156.79312208355498,-905.2593383789062,-161.99835205078125
-907.7894744148873,-163.3573848473682,-903.6344224532786,-156.0925273969702,-906.5801391601562,-161.24293518066406
-909.0992222382364,-162.5552780252219,-904.9485821325319,-155.37047823594872,-907.9004516601562,-160.48019409179688
-910.4085878370907,-161.75398532681032,-906.2637125624849,-154.62825172137303,-909.2208862304688,-159.71212768554688
-911.7191588832715,-160.95074413916691,-907.574473464243,-153.86674595894647,-910.5421752929688,-158.93907165527344
-913.0342200272939,-160.14575232433646,-908.8763764061034,-153.0936899032502,-911.8634643554688,-158.16004943847656
-914.3561674114907,-159.34468125659907,-910.168857894895,-152.30659852569264,-913.1839599609375,-157.37442016601562
-915.6800140190195,-158.53369885163647,-911.4319127347464,-151.4743612690443,-914.5042724609375,-156.57989501953125
-917.0049049649485,-157.7222965295868,-912.7010736900702,-150.63976256384737,-915.8235473632812,-155.77821350097656
-918.2944843666203,-156.93199854266953,-913.9235490552618,-149.81643561821818,-917.1029663085938,-154.99229431152344
-919.5853174073541,-156.14146474339677,-915.1531388164533,-148.98704247152997,-918.3823852539062,-154.19969177246094
-920.8762096702998,-155.34869928646927,-916.4002734901331,-148.1572785143425,-919.6644287109375,-153.40174865722656
-922.1703740566638,-154.5556873728618,-917.6521668950951,-147.3216738749207,-920.9486694335938,-152.59963989257812
-923.4673323509859,-153.76015487118244,-918.910919645038,-146.48369531843724,-922.2359008789062,-151.79359436035156
-924.7663894470778,-152.9624679526625,-920.1746036165041,-145.63757318361013,-923.5264892578125,-150.98455810546875
-926.0741009742724,-152.1690569656997,-921.4439713288704,-144.79410638567205,-924.8204345703125,-150.1721954345703
-927.3827776291218,-151.367034427753,-922.7171630799302,-143.9486689116498,-926.1180419921875,-149.35609436035156
-928.6943749837122,-150.56280935773717,-923.997822842593,-143.09900393183705,-927.419677734375,-148.53704833984375
-930.0081905310923,-149.75660619240455,-925.2884267937311,-142.24386740849997,-928.726318359375,-147.71617126464844
-931.2854622834095,-148.97429601268985,-926.5452617365642,-141.4129971014778,-929.9972534179688,-146.91941833496094
-932.5660770656709,-148.1898189286411,-927.80604737063,-140.5786520040661,-931.272705078125,-146.1217498779297
-933.8514253400477,-147.40269922788295,-929.0741275074467,-139.73932061778643,-932.5546875,-145.32257080078125
-935.1411215930805,-146.61278944301807,-930.343285838535,-138.90008980578332,-933.8408203125,-144.5225067138672
-936.4399959772012,-145.82392773424317,-931.6096878363518,-138.054370248671,-935.1318969726562,-143.7198486328125
-937.7417346387219,-145.02633555641236,-932.877718946337,-137.21341308954243,-936.4265747070312,-142.91383361816406
-939.0463243619142,-144.2271775230932,-934.1535260718836,-136.3671582428545,-937.7254638671875,-142.10528564453125
-940.3536638420816,-143.42559917370735,-935.4379517986789,-135.51544093760998,-939.029541015625,-141.2948760986328
-941.6644553596998,-142.62247188078123,-936.729167953641,-134.65763059248047,-940.3390502929688,-140.48345947265625
-942.9797585852237,-141.81617855027278,-938.0235982069123,-133.79586306059326,-941.654052734375,-139.6708526611328
-944.2566458732388,-141.03327222058596,-939.2792228132397,-132.9573541140903,-942.931640625,-138.88343811035156
-945.5390401830532,-140.24683112882633,-940.5350520319507,-132.1160879852036,-944.2141723632812,-138.0941162109375
-946.8308058221312,-139.46170422863145,-941.7900262480651,-131.2814321491506,-945.4998779296875,-137.30184936523438
-948.1238794967841,-138.66955093306933,-943.0528400100712,-130.44422470012807,-946.7902221679688,-136.50633239746094
-949.4217287159427,-137.87409517610809,-944.3186105951279,-129.60765207713237,-948.084228515625,-135.70750427246094
-950.7208736688477,-137.0779824155909,-945.5960428529656,-128.76570320836103,-949.3824462890625,-134.9071044921875
-952.0265150088924,-136.27772067290732,-946.8703854566645,-127.92813501842244,-950.683837890625,-134.10345458984375
-953.3333832916701,-135.4774158034294,-948.155587370059,-127.08524370269699,-951.9888916015625,-133.2982635498047
-954.6462175969456,-134.67424602345002,-949.4397652077555,-126.24545390049452,-953.297119140625,-132.49017333984375
-955.9604253915298,-133.8690484066111,-950.7296372883096,-125.40692003676655,-954.607421875,-131.6802215576172
-957.2795424980771,-133.0664318758033,-952.0164292783256,-124.56694522365204,-955.91845703125,-130.86839294433594
-958.5950078083043,-132.2600434712925,-953.3037592342051,-123.73154317715148,-957.2276611328125,-130.05613708496094
-959.9044525931823,-131.45754110230368,-954.5936168067758,-122.8948668118764,-958.5330810546875,-129.24647521972656
-961.2075888176419,-130.65870819863036,-955.872924405461,-122.06439771597157,-959.8309326171875,-128.4408721923828
-962.5008853938273,-129.86593025674765,-957.1425678738341,-121.23972025441255,-961.1187744140625,-127.64090728759766
-963.7849821690519,-129.07921324809647,-958.4009009948281,-120.42299255535647,-962.3961791992188,-126.84637451171875
-965.1007320049584,-128.27189446724947,-959.6879263665749,-119.58263305706042,-963.7048950195312,-126.03113555908203
-966.4053271223257,-127.47269895481556,-960.9669504171054,-118.74486939758128,-965.0030517578125,-125.22224426269531
-967.7018614384087,-126.67880989464668,-962.2282547801927,-117.91837927585148,-966.28955078125,-124.41842651367188
-968.9876556461437,-125.89671235605353,-963.491559596664,-117.09631210308123,-967.56640625,-123.6209945678711
-970.3042854408856,-125.09005724286268,-964.7773236457883,-116.26292420125267,-968.8724365234375,-122.8032455444336
-971.6071672371738,-124.29146101645632,-966.0650861603042,-115.43005391329274,-970.169189453125,-121.99223327636719
-972.9025286283816,-123.49594525621615,-967.3266446452128,-114.61321937587778,-971.4528198242188,-121.18647003173828
-974.1870095502524,-122.70812324061212,-968.5822978932438,-113.79867390859656,-972.7259521484375,-120.38557434082031
-975.5056507066432,-121.89890899139694,-969.8496306131318,-112.97634661059723,-974.0245361328125,-119.5624008178711
-976.8158471433056,-121.09508965041395,-971.1038650158963,-112.1608373481145,-975.3103637695312,-118.74032592773438
-978.1189121361293,-120.29814410379277,-972.3327104472447,-111.35621846591233,-976.5794677734375,-117.91910552978516
-979.4113647513582,-119.50377512699926,-973.5474073135068,-110.55219840856977,-977.8346557617188,-117.09686279296875
-980.7373200781046,-118.68974290107096,-974.7741758011697,-109.74435711325856,-979.109130859375,-116.24727630615234
-982.0552818321347,-117.88081342921828,-975.9879086218675,-108.94567698930378,-980.3663330078125,-115.3935775756836
-983.3685696091069,-117.07509937893595,-977.1785630994053,-108.16309014868378,-981.6036987304688,-114.53414154052734
-984.711492248581,-116.25023709264732,-978.3890652271451,-107.36796435789908,-982.8556518554688,-113.64299774169922
-986.0490458834995,-115.42845752277248,-979.5832015458633,-106.58279774146958,-984.0863647460938,-112.74339294433594
-987.3829733508582,-114.60741140680419,-980.7527908987774,-105.81405653363615,-985.2920532226562,-111.83430480957031
-988.751143437887,-113.76685811239659,-981.9435963401434,-105.03090821126371,-986.5072631835938,-110.88734436035156
-990.1175785227955,-112.92323558583615,-983.1062671094293,-104.2568610567402,-987.69384765625,-109.9273681640625
-991.4784160655145,-112.08760132583632,-984.2714538319335,-103.48544758697717,-988.8541259765625,-108.95527648925781
-992.8327838683554,-111.25743982038603,-985.4319655129963,-102.71354958723022,-989.9879150390625,-107.97317504882812
-994.2040273932406,-110.39276649570355,-986.6216834429935,-101.91718373869365,-991.12744140625,-106.95374298095703
-995.5597114913847,-109.51495391458451,-987.8041893259768,-101.11777646511128,-992.2427978515625,-105.92361450195312
-996.9036918813255,-108.62969379161186,-988.9879067841742,-100.31634397544633,-993.3359375,-104.88275146484375
-998.2092221173251,-107.70164421770009,-990.1583020429298,-99.50425886783322,-994.4072875976562,-103.8305435180664
-999.5326155571518,-106.73252060213939,-991.3588427150191,-98.66526837042558,-995.4854736328125,-102.73812103271484
-1000.8225556593037,-105.7336512891634,-992.547419637431,-97.80900050125405,-996.542236328125,-101.6346206665039
-1002.0806551886003,-104.70894765578288,-993.7257214747472,-96.9374593534234,-997.5781860351562,-100.5208969116211
-1003.3138673767736,-103.66078549801057,-994.8957088248321,-96.05857085145401,-998.5928344726562,-99.39734649658203
-1004.5288343459695,-102.59324189506778,-996.0416963374449,-95.15939248032083,-999.5858154296875,-98.263671875
-1005.7538239008071,-101.464559322654,-997.1566900467883,-94.19347043457549,-1000.5797119140625,-97.08851623535156
-1006.9569859370368,-100.30947514606427,-998.2667947806153,-93.22691632035912,-1001.5476684570312,-95.90084838867188
-1008.1433215420851,-99.12919072238013,-999.3504756735551,-92.24364923422466,-1002.4877319335938,-94.70038604736328
-1009.3072124476464,-97.92067456123141,-1000.3965299590008,-91.23473532727235,-1003.398193359375,-93.48696899414062
-1010.4377103805763,-96.67759478401646,-1001.4027015774284,-90.20032168598522,-1004.277099609375,-92.26100158691406
-1011.5254698879785,-95.42051090679674,-1002.3338971273629,-89.10473440981478,-1005.1270751953125,-91.02400207519531
-1012.609664813535,-94.09638432640276,-1003.2771319735574,-87.98271621435418,-1005.9656372070312,-89.74393463134766
-1013.6454095788771,-92.73014703376629,-1004.1667121513415,-86.83056557112909,-1006.7703247070312,-88.45106506347656
-1014.6200168058989,-91.30890255627813,-1005.0073912311899,-85.65991942947188,-1007.5369873046875,-87.14646911621094
-1015.539369684366,-89.86547468444813,-1005.7870860374998,-84.4538577269091,-1008.2673950195312,-85.8302001953125
-1016.4436010184528,-88.35457490010837,-1006.4924047727036,-83.1773734001448,-1008.9754638671875,-84.46920776367188
-1017.3046162802921,-86.82447297707193,-1007.186078490277,-81.90118400939471,-1009.6432495117188,-83.09674835205078
-1018.1326321356361,-85.27074548612724,-1007.830829809416,-80.61179374347148,-1010.2684936523438,-81.71421813964844
-1018.9203896918532,-83.70102127733644,-1008.4191663001617,-79.3028055194909,-1010.8517456054688,-80.32164001464844
-1019.6666714539247,-82.11772783315394,-1008.9553720901214,-77.97666725666936,-1011.3938598632812,-78.91940307617188
-1020.3901727148856,-80.47335919489073,-1009.4488166350903,-76.60550863416262,-1011.9049072265625,-77.4737548828125
-1021.0537467904951,-78.79846546834261,-1009.8433999913394,-75.21209604404999,-1012.369873046875,-76.02035522460938
-1021.6715929730998,-77.10464525517884,-1010.23190688866,-73.8250612558495,-1012.7890625,-74.55815887451172
-1022.2310915168529,-75.37808246424366,-1010.5865860509737,-72.43144831297887,-1013.1622924804688,-73.0832290649414
-1022.7241647334469,-73.62275883848051,-1010.9048759657476,-71.02884125761368,-1013.4887084960938,-71.59590148925781
-1023.1493562055861,-71.83853673500325,-1011.176831750387,-69.6165559500092,-1013.766845703125,-70.09723663330078
-1023.5242397370971,-70.04349344433201,-1011.4091319183681,-68.19072921445654,-1013.9978637695312,-68.58662414550781
-1023.8163469454437,-68.23352936844034,-1011.5555953792747,-66.74832492675654,-1014.1820068359375,-67.06647491455078
-1024.0351210197252,-66.4104076121593,-1011.6931525258755,-65.30081243990698,-1014.3195190429688,-65.53693389892578
-1024.2136069807675,-64.60641943559271,-1011.7814194190812,-63.88159153362954,-1014.4071044921875,-64.03467559814453
-1024.3593655105622,-62.803202407458095,-1011.8290600120071,-62.44988671786665,-1014.44970703125,-62.523780822753906
-1024.4535146945266,-60.97782280287447,-1011.8424367919956,-61.012805515845265,-1014.4454956054688,-61.005584716796875
-1024.4977042344176,-59.130300020673765,-1011.8293656279619,-59.57002716206578,-1014.392578125,-59.481056213378906
-1024.4905543949665,-57.268160423737896,-1011.7227722007892,-58.1236599170743,-1014.2901000976562,-57.951637268066406
-1024.4180364106255,-55.424600610832215,-1011.6106549659888,-56.71147889099237,-1014.1399536132812,-56.45733642578125
-1024.2766322670614,-53.577390942658006,-1011.4656076497904,-55.295939034393264,-1013.9396362304688,-54.96405792236328
-1024.0626836613194,-51.73209090947526,-1011.2811931292727,-53.8768667000237,-1013.6893920898438,-53.47276306152344
-1023.7718082285081,-49.88500704675654,-1011.0630772485367,-52.45645743353951,-1013.3885498046875,-51.98592758178711
-1023.3994861921863,-48.05244588338674,-1010.7936905627315,-51.03636436824287,-1013.0380249023438,-50.50510787963867
-1022.9577095600667,-46.243148530635196,-1010.4378854332842,-49.62508527523212,-1012.6396484375,-49.030330657958984
-1022.45943343999,-44.41883453893654,-1010.0739050544485,-48.2138603040077,-1012.1907348632812,-47.56524658203125
-1021.899297835711,-42.68328794985776,-1009.6762561891616,-46.83492583053634,-1011.708251953125,-46.144744873046875
-1021.2940970481469,-40.96459232397588,-1009.2308870054114,-45.461177382244145,-1011.1823120117188,-44.73377990722656
-1020.6342538436011,-39.24476624421975,-1008.7440097429673,-44.09506879375217,-1010.611083984375,-43.33344650268555
-1019.938048721299,-37.5360237705711,-1008.1611721688641,-42.75879899406218,-1009.9954833984375,-41.9453239440918
-1019.1975058928633,-35.839505066727185,-1007.558796573005,-41.42285136353871,-1009.3358764648438,-40.57034683227539
-1018.3856028302566,-34.16253981335363,-1006.9085999756378,-40.102237423364265,-1008.6320190429688,-39.2103157043457
-1017.4908548841208,-32.51432199901974,-1006.2049469896394,-38.80073108618875,-1007.8831787109375,-37.86593246459961
-1016.5459595407657,-30.915171165438966,-1005.4815276613705,-37.550209232424,-1007.1087036132812,-36.57443618774414
-1015.5537106263696,-29.35148687873076,-1004.7078732888666,-36.31845030010447,-1006.291015625,-35.30149841308594
-1014.5267626294246,-27.818898634548514,-1003.882588356274,-35.108393004048956,-1005.4320678710938,-34.04725646972656
-1013.4581620983696,-26.311114977932775,-1002.9757647512647,-33.94652340055759,-1004.5326538085938,-32.81248092651367
-1012.3489706591785,-24.82097938104568,-1002.0544385076719,-32.78969155070606,-1003.5930786132812,-31.59867286682129
-1011.2249033980875,-23.38075128411865,-1001.117336373942,-31.69138793801126,-1002.6399536132812,-30.439462661743164
-1010.0723161307516,-21.97471040004362,-1000.1418456045418,-30.614910471514584,-1001.6505126953125,-29.302265167236328
-1008.8894421253501,-20.608156753950738,-999.1257907304775,-29.564278567946243,-1000.6273803710938,-28.18688201904297
-1007.673672506954,-19.27840045879881,-998.079089789601,-28.533373397693612,-999.572265625,-27.093050003051758
-1006.4275137843972,-17.963728612685777,-996.9717170556735,-27.558657469444498,-998.4857788085938,-26.02231788635254
-1005.1242955954357,-16.717416853032184,-995.8527327045905,-26.5862542771915,-997.3685913085938,-24.97274398803711
-1003.778400046333,-15.511297555564465,-994.7014737426407,-25.645287561010136,-996.2229614257812,-23.946613311767578
-1002.436686662547,-14.370422388735594,-993.5491838403665,-24.760103122393843,-995.080810546875,-22.9695987701416
-1001.0520907700953,-13.27058373427717,-992.3671930365018,-23.906509435796032,-993.9117431640625,-22.014982223510742
-999.6359281395534,-12.209430552890936,-991.1236166881018,-23.1277276196958,-992.7172241210938,-21.083690643310547
-998.1775349486788,-11.197279363505642,-989.8635740842582,-22.368792347942478,-991.4962158203125,-20.175003051757812
-996.6804640435257,-10.226202095235484,-988.5708702900907,-21.659388366969445,-990.25048828125,-19.291404724121094
-995.1488630915169,-9.304506944991763,-987.2454390361578,-20.996476989418987,-988.97900390625,-18.43191909790039
-993.5927055161375,-8.422324824665552,-985.8963492717002,-20.372582036090115,-987.6835327148438,-17.597593307495117
-992.021413768992,-7.638095531639323,-984.5727690339858,-19.794515648040388,-986.4005737304688,-16.811481475830078
-990.413521825424,-6.933921979650044,-983.2120264087135,-19.279940857837623,-985.0958251953125,-16.0504150390625
-988.7564572071941,-6.315725186521316,-981.8486824273481,-18.78720828646115,-983.77099609375,-15.316611289978027
-987.0790301602393,-5.774818028339784,-980.4633081882802,-18.333271461393743,-982.42578125,-14.607959747314453
-985.3862197663761,-5.287509465362836,-979.0633377178048,-17.919330180247492,-981.0624389648438,-13.925536155700684
-983.6846257835018,-4.856590350898589,-977.6510339986148,-17.53298861024805,-979.6810302734375,-13.268026351928711
-981.9808369284867,-4.4791106606693845,-976.1907940681168,-17.252344949682193,-978.283935546875,-12.634730339050293
-980.2822878870769,-4.139762135760051,-974.7270266994506,-16.977985670345003,-976.8709716796875,-12.023323059082031
-978.5788591997956,-3.830465370484763,-973.2464861499539,-16.769536431229,-975.4447021484375,-11.435537338256836
-976.9157403878337,-3.56372120695805,-971.7810667659844,-16.664008583355226,-974.0453491210938,-10.887059211730957
-975.2528545827461,-3.3286915327493887,-970.3223769186986,-16.570610264553586,-972.6342163085938,-10.361639976501465
-973.5876183304239,-3.1235898676084517,-968.8681127650102,-16.500192453713986,-971.2110595703125,-9.859524726867676
-971.919635362103,-2.9479212928042147,-967.4224244214507,-16.44349080079543,-969.7758178710938,-9.381250381469727
-970.2646464222048,-2.796811460252103,-965.9649294784664,-16.41169603226074,-968.3294677734375,-8.924478530883789
-968.6091635984983,-2.666796713206619,-964.5146141623148,-16.400653027026983,-966.8729858398438,-8.490249633789062
-966.9560738033792,-2.5690827208601297,-963.0649440235892,-16.393508334220655,-965.4057006835938,-8.077256202697754
-965.3066210133898,-2.4795992463902037,-961.6212883192534,-16.397738351206932,-963.9280395507812,-7.6859917640686035
-963.6619356711063,-2.4028938430404567,-960.1759971257292,-16.41310994587602,-962.4395751953125,-7.315640926361084
-962.0175710992753,-2.3362292913041696,-958.7458052618822,-16.432697586312326,-960.9425048828125,-6.968173503875732
-960.3778096367257,-2.2824910306093775,-957.3142797379593,-16.443423223212278,-959.4346923828125,-6.6419782638549805
-958.7914434044717,-2.2383764196147578,-955.9251985052614,-16.4517283830476,-957.9632568359375,-6.345250606536865
-957.206400772542,-2.2010114743586495,-954.5386390753109,-16.45974095453529,-956.4828491210938,-6.068271160125732
-955.6242431856175,-2.171838130573511,-953.1525373229454,-16.466604152111273,-954.9949951171875,-5.811006546020508
-954.0405937126525,-2.1476123053125646,-951.7766009883279,-16.473854760089495,-953.4990234375,-5.574596405029297
-952.4636185816802,-2.126413059185017,-950.3819321035261,-16.476406552800107,-951.9950561523438,-5.3564229011535645
-950.8877289756067,-2.1086295071028043,-948.9755990512691,-16.47910272210784,-950.4823608398438,-5.155144214630127
-949.3135173622577,-2.0945315870772196,-947.5537549650932,-16.47931501693005,-948.9618530273438,-4.969132900238037
-947.7392166149739,-2.0820827003426876,-946.1148565546608,-16.47797676544039,-947.4329223632812,-4.796616077423096
-946.1665201517492,-2.0707004591888833,-944.6438520036932,-16.47637319356676,-945.8955688476562,-4.634119033813477
-944.6332996960242,-2.0603015084447858,-943.2323997856622,-16.48471127214697,-944.3974609375,-4.488622665405273
-943.0969021990838,-2.0509906225898655,-941.8084489867265,-16.507081360060557,-942.8916015625,-4.35440731048584
-941.5564472097373,-2.041842375776842,-940.3769649905107,-16.54264251773865,-941.3783569335938,-4.231321334838867
-940.0120588307361,-2.0325091560590804,-938.9370101392072,-16.577728835250852,-939.8578491210938,-4.118939399719238
-938.4647896031303,-2.0239899435432793,-937.4871591368618,-16.61051934317369,-938.3312377929688,-4.0166215896606445
-936.9122555846066,-2.0162927908033694,-936.0324536372439,-16.64314426228107,-936.7974853515625,-3.9243667125701904
-935.3608377720549,-2.0099861650156194,-934.545753915862,-16.669998817537962,-935.2591552734375,-3.838836908340454
-933.8061954955846,-2.0042382228367313,-933.0556962392977,-16.683366207989465,-933.7164306640625,-3.7599620819091797
-932.248327716461,-1.999932073942359,-931.5682399271583,-16.679203450612476,-932.1701049804688,-3.688321113586426
-930.6905090219864,-1.9943031286483373,-930.0872458442149,-16.66692010687558,-930.6234741210938,-3.6247315406799316
-929.1756035179558,-1.9925956212560947,-928.6528222488765,-16.655302307046377,-929.1193237304688,-3.5711028575897217
-927.6575289114263,-1.9908340440065309,-927.2235038257489,-16.64952212442799,-927.612060546875,-3.526474714279175
-926.1351453449677,-1.9879880014818914,-925.8153115909524,-16.646059385969032,-926.102294921875,-3.493532180786133
-924.6091011232545,-1.989262447513337,-924.3663448087011,-16.641222288674314,-924.5845947265625,-3.468386650085449
-923.0823735190646,-1.9884892677186876,-922.9404253695993,-16.63801552981483,-923.0681762695312,-3.453693151473999
-921.5487944195573,-1.9889513102116292,-921.5007551870317,-16.634701844116,-921.5440063476562,-3.4486937522888184
-920.0140480718189,-1.9905308174882885,-920.035975533372,-16.631540536660836,-920.0162353515625,-3.450981855392456
-918.4741137992559,-1.9913431518899065,-918.579881006983,-16.628246845144936,-918.4847412109375,-3.4620485305786133
-916.9287940522453,-1.9959258169581193,-917.0976428707023,-16.623473717045254,-916.9459228515625,-3.479811429977417
-915.3819870138072,-1.9967008292780246,-915.6067808563272,-16.61911388533712,-915.4051513671875,-3.503498077392578
-913.8262814876398,-1.9982557334511384,-914.1116480929412,-16.61351814408974,-913.8562622070312,-3.533740520477295
-912.3192155895451,-1.9999508513660214,-912.6289598856176,-16.606574549549627,-912.3524169921875,-3.5656306743621826
-910.8077674907886,-1.9987497947920991,-911.1642874498034,-16.599960410290436,-910.846923828125,-3.6023905277252197
-909.2900807589383,-1.9966673567630193,-909.6772669818192,-16.592708759018713,-909.333740234375,-3.6425304412841797
-907.7699007039636,-1.9927269954942886,-908.1752098647785,-16.585205452902372,-907.81689453125,-3.6846611499786377
-906.2431263939503,-1.988446923840579,-906.6810088630588,-16.576912170610946,-906.29541015625,-3.7303295135498047
-904.7100635532773,-1.983420324979499,-905.1674836617715,-16.567741518774483,-904.766357421875,-3.7782864570617676
-903.1690381186138,-1.975604023857655,-903.664933530821,-16.55766061351219,-903.2321166992188,-3.8304617404937744
-901.6189005767644,-1.9686743178167676,-902.1631301454603,-16.547071471789003,-901.6905517578125,-3.888010263442993
-900.0622313728966,-1.9671142749092974,-900.6484110430018,-16.53542055120142,-900.1420288085938,-3.950317621231079
-898.5499968091985,-1.9733791629401969,-899.1809631540759,-16.524187749480134,-898.6385498046875,-4.015512943267822
-897.0333908841308,-1.9855153945460828,-897.6880301150654,-16.513691111539103,-897.1279296875,-4.083581447601318
-895.5125306783764,-2.005914504052931,-896.1691293054225,-16.50372293071264,-895.6097412109375,-4.152339458465576
-893.9837217080909,-2.037771338865463,-894.6487213977737,-16.493075409632475,-894.084228515625,-4.2225189208984375
-892.4487646742375,-2.0805850507026946,-893.1197328793686,-16.482628620330146,-892.5518798828125,-4.293908596038818
-890.9094549521607,-2.1291133242512568,-891.5641657555996,-16.472897612836586,-891.011474609375,-4.3642191886901855
-889.363408311927,-2.17657149264669,-890.0024098437195,-16.46256150111045,-889.46435546875,-4.433420658111572
-887.8658090655829,-2.2231637309587633,-888.4773302253705,-16.453508389829246,-887.9635620117188,-4.4979143142700195
-886.3609921915249,-2.2725068090920764,-886.9512691114408,-16.444281870252546,-886.456298828125,-4.560694217681885
-884.8507154565051,-2.3240961569969203,-885.4142287927957,-16.435527260272952,-884.9424438476562,-4.621147155761719
-883.3341430701702,-2.379464225294357,-883.8663947024082,-16.426697739872466,-883.4212646484375,-4.6787848472595215
-881.811203352413,-2.437664902287196,-882.320280056968,-16.41776159211458,-881.8948364257812,-4.734368801116943
-880.2830195481876,-2.5000636543910586,-880.7593160732891,-16.409183350077157,-880.361328125,-4.786881446838379
-878.7483494355556,-2.5620000337192246,-879.193270705045,-16.40070394242516,-878.8214721679688,-4.83638858795166
-877.2076938701402,-2.626781288608213,-877.6189113557758,-16.391506069335513,-877.2750854492188,-4.882586479187012
-875.661482748328,-2.6929556402920634,-876.0443736383672,-16.382776839532813,-875.7239379882812,-4.925970554351807
-874.1658901244291,-2.7554420767685506,-874.5173290854906,-16.37441134111496,-874.222900390625,-4.964704990386963
-872.665292146696,-2.818673784080409,-872.9862476775983,-16.36599050246293,-872.7169799804688,-5.000382423400879
-871.1612559816342,-2.8839395462088717,-871.444533121504,-16.35759267945569,-871.2064208984375,-5.032141208648682
-869.6522789208458,-2.9409990481648314,-869.9009866771612,-16.348933458136763,-869.6915893554688,-5.060240268707275
-868.1393209759873,-2.9824250771419596,-868.3508632806114,-16.340251490542613,-868.172607421875,-5.084295749664307
-866.6220528825912,-3.018331213789708,-866.7978326747111,-16.331063140716864,-866.6495971679688,-5.104405403137207
-865.1010500786073,-3.0432302540674834,-865.2377860431246,-16.32206323044965,-865.1224365234375,-5.120131015777588
-863.576284653606,-3.05214929574355,-863.6740493628893,-16.31312167247144,-863.5916137695312,-5.1314167976379395
-862.0472996187868,-3.0420016267922843,-862.1040859384194,-16.3039776480908,-862.0562744140625,-5.137990951538086
-860.514750463486,-3.0161503326182006,-860.5293787341433,-16.294736768915747,-860.51708984375,-5.139686584472656
-858.9787174335466,-2.986329659472592,-858.9483961642926,-16.285446276262185,-858.9738159179688,-5.136168003082275
-857.4386755406499,-2.95465866162085,-857.3633604507692,-16.276254815725153,-857.4263916015625,-5.127419471740723
-855.8945946692078,-2.917537538206674,-855.7758619351329,-16.266152765718097,-855.8750610351562,-5.113620758056641
-854.3451419955821,-2.880070417964183,-854.1934147600708,-16.256579104237595,-854.3200073242188,-5.095982074737549
-852.8480029841144,-2.8463300110314314,-852.6727973418865,-16.24741834252243,-852.81884765625,-5.076355934143066
-851.3468293296113,-2.8162493502413968,-851.1537978675132,-16.238250079306212,-851.3146362304688,-5.054722785949707
-849.8419935851258,-2.7874593805143553,-849.633875267573,-16.229219628566156,-849.8072509765625,-5.031383991241455
-848.3317072647955,-2.761745000343316,-848.1185722974444,-16.220007633588544,-848.296142578125,-5.007452964782715
-846.8165408129857,-2.7471947015842484,-846.6096529407761,-16.210553377142176,-846.7821655273438,-4.984188079833984
-845.2978090060598,-2.733021753085074,-845.0981474923336,-16.20155243251161,-845.2647705078125,-4.96169376373291
-843.77552869563,-2.7224357028914166,-843.5852601244006,-16.19238946198584,-843.7442016601562,-4.940215110778809
-842.2499510847101,-2.712917100541967,-842.0703190039948,-16.18318166595326,-842.2205200195312,-4.919896125793457
-840.7205910695882,-2.704279940861668,-840.5498396237705,-16.173570345220803,-840.6927490234375,-4.900528430938721
-839.1882021832016,-2.6973743767415304,-839.0311686331976,-16.16418483301613,-839.1627197265625,-4.882687091827393
-837.6515360577469,-2.690595687078648,-837.5099993902472,-16.154771828291054,-837.628662109375,-4.866560935974121
-836.1111305065269,-2.683003691951313,-835.9888916299262,-16.145516273824143,-836.0914306640625,-4.852602958679199
-834.5668137374453,-2.673793808538133,-834.4554066481783,-16.136464521344458,-834.5488891601562,-4.839838027954102
-833.018873238346,-2.6651406054713136,-832.9173733540201,-16.126286723705626,-833.0025634765625,-4.828178405761719
-831.467003154007,-2.655781933096584,-831.3806120588199,-16.116984380088056,-831.453125,-4.818234443664551
-829.9113974419885,-2.646682111992199,-829.8310977023134,-16.107542704600284,-829.8984985351562,-4.808960437774658
-828.3519040092242,-2.637451696035007,-828.2795143778112,-16.09811706059776,-828.3402709960938,-4.8005805015563965
-826.8485986276868,-2.6285482311369686,-826.7816309019462,-16.088941489275708,-826.8378295898438,-4.793105602264404
-825.3402822384174,-2.619620759570681,-825.2871493726825,-16.07981037651075,-825.3317260742188,-4.787160396575928
-823.8302496598694,-2.6117252278068745,-823.7750328767612,-16.070632337746247,-823.8213500976562,-4.780963897705078
-822.3165528961792,-2.6027953380229496,-822.2645947624364,-16.061508473598202,-822.3081665039062,-4.775122165679932
-820.8002521305194,-2.5935695638425047,-820.7400717871881,-16.051775179891735,-820.79052734375,-4.768335819244385
-819.2800436031631,-2.5846751302207642,-819.2112499400223,-16.042456568957203,-819.2689208984375,-4.760557651519775
-817.7573421128669,-2.575339339393704,-817.6749353204729,-16.0332581704804,-817.7440185546875,-4.751220226287842
-816.2289902278436,-2.566395111853465,-816.1380411685801,-16.023818794214066,-816.2142944335938,-4.74088191986084
-814.6954051347202,-2.5581782828075568,-814.611685852778,-16.014631293731256,-814.681884765625,-4.731348037719727
-813.1566941389382,-2.548836818206901,-813.0844401020693,-16.005305730144627,-813.14501953125,-4.723095893859863
-811.6155559908213,-2.539373593141167,-811.5486487522603,-15.995839395869803,-811.604736328125,-4.715437412261963
-810.0707424407361,-2.529859949904394,-810.006628810918,-15.985678925857986,-810.0603637695312,-4.708078861236572
-808.5248138335128,-2.5203190013777874,-808.4552808968376,-15.976035246227061,-808.5135498046875,-4.700085639953613
-806.9745976774616,-2.5106800391581716,-806.9038851487339,-15.966446165853693,-806.963134765625,-4.6919379234313965
-805.421773674026,-2.501199866319422,-805.3482610978891,-15.956566411999638,-805.4098510742188,-4.6834516525268555
-803.866171646259,-2.492741586139385,-803.7888809783598,-15.946635682172735,-803.8536376953125,-4.674511432647705
-802.3074952627534,-2.4830393569820375,-802.2299882455785,-15.936729787647991,-802.294921875,-4.665531635284424
-800.746160754579,-2.473392997916495,-800.6648660546691,-15.926602110311153,-800.7329711914062,-4.656093120574951
-799.2835918301247,-2.464182579581995,-799.2048562059545,-15.916703804058018,-799.2708129882812,-4.64753532409668
-797.8277645471898,-2.4550467626798325,-797.7506659061119,-15.907289931045725,-797.8152465820312,-4.639193058013916
-796.376138942917,-2.4458483201985524,-796.3003678062294,-15.897887789155583,-796.3638305664062,-4.631017684936523
-794.9240862581788,-2.4377686758727157,-794.8492356016783,-15.888551805881466,-794.9119262695312,-4.62293815612793
-793.4679421666693,-2.428627671906025,-793.3936815910325,-15.878993495858312,-793.4558715820312,-4.614899158477783
-792.0120854426553,-2.419493107738153,-791.9381485013926,-15.869628491404168,-792.0000610351562,-4.60689640045166
-790.5542734217138,-2.4103107067350598,-790.4803021027916,-15.859673413500015,-790.542236328125,-4.598878383636475
-789.093958673005,-2.401028266024654,-789.0195779717499,-15.850225395737127,-789.0818481445312,-4.59080171585083
-787.6317193642672,-2.3917270170556244,-787.5563762379477,-15.840788611058738,-787.6194458007812,-4.582609176635742
-786.164744884004,-2.3834324184037587,-786.0878729644277,-15.831285142310337,-786.1522216796875,-4.574222087860107
-784.6980017878444,-2.3740031235913137,-784.6189564501815,-15.821702101719724,-784.6851196289062,-4.565598487854004
-783.2292250143055,-2.364687764660101,-783.1473628901813,-15.812194649848873,-783.2158813476562,-4.556654453277588
-781.7565127158333,-2.3554870626054294,-781.6712465863096,-15.802666420921266,-781.7426147460938,-4.5473127365112305
-780.285350587283,-2.3463361901068227,-780.1961411056258,-15.79263330932085,-780.2708129882812,-4.537548065185547
-778.8128855857823,-2.337248023625509,-778.7194607234964,-15.783046819165202,-778.7976684570312,-4.527312278747559
-777.3365343306145,-2.328030051670326,-777.2387488012292,-15.77354034215101,-777.3206176757812,-4.516570091247559
-775.8576083346193,-2.3197652258285517,-775.755465714989,-15.763926298559527,-775.8410034179688,-4.50532865524292
-774.3765859967934,-2.310572524665597,-774.2702197091282,-15.754336767821915,-774.3593139648438,-4.493605613708496
-772.8876094691472,-2.3012844999955018,-772.7774861896285,-15.74485421713851,-772.8697509765625,-4.481403827667236
-771.3841890492603,-2.2919540880034237,-771.2708989155025,-15.73519945696017,-771.3658447265625,-4.4687299728393555
-769.8649840864819,-2.2825585865329057,-769.7491118955018,-15.72498130842632,-769.8462524414062,-4.455631256103516
-768.3300520912962,-2.2729388761538853,-768.2122097580216,-15.715039522174997,-768.31103515625,-4.442172527313232
-766.7776573370093,-2.263207687821317,-766.6586275507154,-15.704986484520044,-766.7584838867188,-4.42842435836792
-765.2097653761607,-2.2532215607571735,-765.0902698833985,-15.694796661222686,-765.1905517578125,-4.414485454559326
