pos_x,pos_y
-763.6190795898438,-4.400510311126709
-762.0515747070312,-4.386641502380371
-760.4974975585938,-4.3730149269104
-758.9630737304688,-4.359740734100342
-757.4517211914062,-4.346892833709717
-755.9616088867188,-4.334500312805176
-754.489013671875,-4.3225626945495605
-753.0281372070312,-4.311060905456543
-751.5732421875,-4.299969673156738
-750.1199951171875,-4.2892680168151855
-748.6649169921875,-4.278937339782715
-747.2069702148438,-4.268965244293213
-745.7452392578125,-4.25934362411499
-744.27978515625,-4.250064849853516
-742.8108520507812,-4.241119384765625
-741.3385620117188,-4.232501029968262
-739.8628540039062,-4.224206924438477
-738.3843994140625,-4.216240882873535
-736.9027709960938,-4.208616733551025
-735.4185791015625,-4.201351642608643
-733.9320678710938,-4.194470405578613
-732.4439086914062,-4.187999248504639
-730.9551391601562,-4.181956768035889
-729.4676513671875,-4.176347255706787
-727.984130859375,-4.171154022216797
-723.5171508789062,-4.1573028564453125
-722.0025024414062,-4.152893543243408
-720.48486328125,-4.1486406326293945
-718.9634399414062,-4.144392967224121
-717.438232421875,-4.140140533447266
-715.9092407226562,-4.1359453201293945
-714.3766479492188,-4.132063865661621
-712.8406372070312,-4.128127574920654
-711.3006591796875,-4.124101161956787
-709.7575073242188,-4.120266914367676
-708.21142578125,-4.1160101890563965
-706.6627807617188,-4.112244129180908
-705.1132202148438,-4.108789920806885
-703.5626220703125,-4.106436252593994
-702.01171875,-4.104378700256348
-700.4622802734375,-4.102634429931641
-698.9154052734375,-4.101454257965088
-697.3704223632812,-4.100297451019287
-695.8291625976562,-4.099804401397705
-694.2911987304688,-4.099982738494873
-692.757080078125,-4.1006646156311035
-691.2259521484375,-4.1017680168151855
-689.6984252929688,-4.103570461273193
-688.1757202148438,-4.105767250061035
-686.6555786132812,-4.108006954193115
-685.1397094726562,-4.111363887786865
-683.6256713867188,-4.11474084854126
-682.1143188476562,-4.118325233459473
-680.6047973632812,-4.1221113204956055
-679.0980224609375,-4.126055717468262
-677.5946044921875,-4.1304707527160645
-676.0941772460938,-4.135221481323242
-674.529541015625,-4.141165733337402
-672.9685668945312,-4.147034168243408
-671.4100952148438,-4.153381824493408
-669.8549194335938,-4.1605048179626465
-668.3021850585938,-4.168066024780273
-666.7512817382812,-4.175606727600098
-665.20263671875,-4.183150291442871
-663.6552734375,-4.190051078796387
-662.1096801757812,-4.19672966003418
-660.5656127929688,-4.203195095062256
-659.0228271484375,-4.209426403045654
-657.4817504882812,-4.2153639793396
-655.9431762695312,-4.221438407897949
-654.4068603515625,-4.227492809295654
-652.8724975585938,-4.233644485473633
-651.3397216796875,-4.239716053009033
-649.8091430664062,-4.246159553527832
-648.2789916992188,-4.252434253692627
-646.7500610351562,-4.258856773376465
-645.2216186523438,-4.265523910522461
-643.6946411132812,-4.272042274475098
-642.168701171875,-4.27829647064209
-640.6426391601562,-4.283890247344971
-639.1177978515625,-4.288147449493408
-637.5925903320312,-4.2910475730896
-636.0673217773438,-4.2923455238342285
-634.542236328125,-4.292210102081299
-633.017578125,-4.290574550628662
-631.4930419921875,-4.287944793701172
-629.968505859375,-4.283647537231445
-628.4451293945312,-4.278748512268066
-626.9218139648438,-4.273309707641602
-625.3981323242188,-4.26751708984375
-623.8757934570312,-4.261201858520508
-622.352783203125,-4.254831790924072
-620.830322265625,-4.247920036315918
-619.3084106445312,-4.240843296051025
-617.7850952148438,-4.23329496383667
-616.2619018554688,-4.225067138671875
-614.7373657226562,-4.216330528259277
-613.2128295898438,-4.2075724601745605
-611.6878662109375,-4.19864559173584
-610.161376953125,-4.1889543533325195
-608.6341552734375,-4.1791815757751465
-607.1055908203125,-4.168745994567871
-605.5750122070312,-4.158179759979248
-604.0443115234375,-4.147402763366699
-602.5113525390625,-4.136870861053467
-600.9776611328125,-4.126105785369873
-599.4415893554688,-4.115082263946533
-597.9044189453125,-4.104031085968018
-596.3658447265625,-4.0933027267456055
-594.8258666992188,-4.082216739654541
-593.2843627929688,-4.071504592895508
-591.7415771484375,-4.060507774353027
-590.1965942382812,-4.049163341522217
-588.6510009765625,-4.038146495819092
-587.1035766601562,-4.026752948760986
-585.5551147460938,-4.016042232513428
-584.0045776367188,-4.004788398742676
-582.453125,-3.9931323528289795
-580.89990234375,-3.980896472930908
-579.3447265625,-3.9678969383239746
-577.7887573242188,-3.9541540145874023
-576.2308349609375,-3.9394259452819824
-574.672119140625,-3.925055980682373
-573.110595703125,-3.9102065563201904
-571.547607421875,-3.8950395584106445
-569.9821166992188,-3.87935733795166
-568.4154052734375,-3.8640410900115967
-566.9146118164062,-3.849109411239624
-565.4116821289062,-3.833946943283081
-563.9072875976562,-3.818345785140991
-562.4007568359375,-3.8026628494262695
-560.8920288085938,-3.7866342067718506
-559.3816528320312,-3.770664691925049
-557.8692626953125,-3.755059242248535
-556.3557739257812,-3.7396256923675537
-554.8401489257812,-3.724285840988159
-553.32275390625,-3.709049701690674
-551.8029174804688,-3.6940178871154785
-550.2811889648438,-3.679133892059326
-548.7575073242188,-3.664384365081787
-547.2310791015625,-3.6492788791656494
-545.70263671875,-3.63421630859375
-544.171875,-3.618881940841675
-542.638916015625,-3.6031315326690674
-541.1038208007812,-3.5868003368377686
-539.5654907226562,-3.570136308670044
-538.0253295898438,-3.5529978275299072
-536.4830932617188,-3.5356128215789795
-534.9383544921875,-3.517972230911255
-533.3915405273438,-3.4999852180480957
-531.8418579101562,-3.4813404083251953
-530.29052734375,-3.462460994720459
-528.7366943359375,-3.443077564239502
-527.180419921875,-3.423150062561035
-525.6221313476562,-3.4031190872192383
-524.0610961914062,-3.3827219009399414
-522.4974975585938,-3.361954689025879
-520.9321899414062,-3.341644048690796
-519.3646240234375,-3.3207590579986572
-517.7947387695312,-3.2989654541015625
-516.29443359375,-3.2769439220428467
-514.7925415039062,-3.2534947395324707
-513.290283203125,-3.2295899391174316
-511.78643798828125,-3.2044012546539307
-510.28125,-3.1788926124572754
-508.7758483886719,-3.15307354927063
-507.2691650390625,-3.1273651123046875
-505.7625427246094,-3.1024208068847656
-504.25494384765625,-3.0776236057281494
-502.7457580566406,-3.0535290241241455
-501.2369384765625,-3.0303237438201904
-499.72601318359375,-3.007659435272217
-498.21478271484375,-2.985288143157959
-496.702392578125,-2.9636075496673584
-495.18963623046875,-2.9424610137939453
-493.6776123046875,-2.922610282897949
-492.165771484375,-2.9035916328430176
-490.65533447265625,-2.885209798812866
-489.1470031738281,-2.868338108062744
-487.6420593261719,-2.8527824878692627
-486.1397705078125,-2.8378403186798096
-484.5690612792969,-2.8233423233032227
-483.0014343261719,-2.8092644214630127
-481.4383239746094,-2.7960100173950195
-479.8777160644531,-2.7833118438720703
-478.321533203125,-2.771693229675293
-476.768310546875,-2.7604644298553467
-475.2186279296875,-2.7496273517608643
-473.67291259765625,-2.7392385005950928
-472.1309509277344,-2.7294278144836426
-470.59283447265625,-2.720613718032837
-469.05908203125,-2.712667465209961
-467.52947998046875,-2.705875873565674
-466.0046081542969,-2.700047492980957
-464.48406982421875,-2.695711851119995
-462.96881103515625,-2.6922061443328857
-461.4583740234375,-2.6901698112487793
-459.9527893066406,-2.689236640930176
-458.4520568847656,-2.689410924911499
-456.88916015625,-2.6909539699554443
-455.33172607421875,-2.692960023880005
-453.7803039550781,-2.6959006786346436
-452.2339782714844,-2.699230670928955
-450.69427490234375,-2.7031736373901367
-449.1595153808594,-2.7080602645874023
-447.6307678222656,-2.713794708251953
-446.1084899902344,-2.7208518981933594
-444.59149169921875,-2.7288851737976074
-443.0821533203125,-2.7380340099334717
-441.5791015625,-2.7472124099731445
-440.01934814453125,-2.7576327323913574
-438.46600341796875,-2.768026113510132
-436.9198913574219,-2.779197931289673
-435.37823486328125,-2.789987087249756
-433.84307861328125,-2.8013110160827637
-432.3131103515625,-2.8125691413879395
-430.78936767578125,-2.8241381645202637
-429.2705993652344,-2.836016893386841
-427.7574768066406,-2.848097324371338
-426.249755859375,-2.8608334064483643
-424.7471618652344,-2.8741674423217773
-423.1871643066406,-2.8890607357025146
-421.6318359375,-2.9047672748565674
-420.08184814453125,-2.9216809272766113
-418.53631591796875,-2.938793182373047
-416.9967956542969,-2.957167148590088
-415.4599304199219,-2.975076913833618
-413.92535400390625,-2.992980718612671
-412.39239501953125,-3.0111746788024902
-410.86151123046875,-3.028791904449463
-409.3311767578125,-3.0466806888580322
-407.80120849609375,-3.0640029907226562
-406.2710876464844,-3.08186411857605
-404.74102783203125,-3.099436044692993
-403.2104797363281,-3.1174092292785645
-401.6798095703125,-3.135956048965454
-400.1485290527344,-3.1553194522857666
-398.6165466308594,-3.175377368927002
-397.08441162109375,-3.1963350772857666
-395.55145263671875,-3.2176735401153564
-394.0184020996094,-3.2401037216186523
-392.4844055175781,-3.2634620666503906
-390.95062255859375,-3.288294553756714
-389.4151611328125,-3.313538074493408
-387.87994384765625,-3.339747667312622
-386.3431701660156,-3.3665218353271484
-384.8069763183594,-3.3946375846862793
-383.2696838378906,-3.422966718673706
-381.7308349609375,-3.449533462524414
-380.1913757324219,-3.475188970565796
-378.6506042480469,-3.50032377243042
-377.1090393066406,-3.5250802040100098
-375.5672912597656,-3.549553632736206
-374.02484130859375,-3.57399845123291
-372.4817810058594,-3.6000192165374756
-370.9380187988281,-3.6270081996917725
-369.3932800292969,-3.654456853866577
-367.8489074707031,-3.6831257343292236
-366.3037109375,-3.71237850189209
-364.7591552734375,-3.743119239807129
-363.21319580078125,-3.7744810581207275
-361.66717529296875,-3.8064370155334473
-360.1203308105469,-3.8390307426452637
-358.57342529296875,-3.8720297813415527
-357.0255432128906,-3.9047954082489014
-355.4775390625,-3.9377708435058594
-353.928955078125,-3.971350908279419
-352.3797302246094,-4.005184173583984
-350.83001708984375,-4.039748668670654
-349.2802734375,-4.074737071990967
-347.72882080078125,-4.110713005065918
-346.1775817871094,-4.147773742675781
-344.6262512207031,-4.186340808868408
-343.0741271972656,-4.225545406341553
-341.52142333984375,-4.266294479370117
-339.9676208496094,-4.307596206665039
-338.41448974609375,-4.350417137145996
-336.8598937988281,-4.393190860748291
-335.3045654296875,-4.435931205749512
-333.749267578125,-4.480078220367432
-332.19354248046875,-4.5254693031311035
-330.6371765136719,-4.5711140632629395
-329.0798034667969,-4.617300033569336
-327.52166748046875,-4.664181232452393
-325.96295166015625,-4.711543560028076
-324.4034729003906,-4.758924961090088
-322.84405517578125,-4.806471824645996
-321.2838134765625,-4.8551812171936035
-319.7232360839844,-4.904648780822754
-318.161865234375,-4.953498840332031
-316.6617736816406,-5.000639915466309
-315.1609802246094,-5.0480637550354
-313.6609802246094,-5.096639156341553
-312.159912109375,-5.145480632781982
-310.6583557128906,-5.1950507164001465
-309.15802001953125,-5.24595308303833
-307.6571044921875,-5.297557830810547
-306.1553039550781,-5.350451946258545
-304.65411376953125,-5.404049396514893
-303.1531982421875,-5.45851993560791
-301.59356689453125,-5.516811847686768
-300.03973388671875,-5.576709270477295
-298.49273681640625,-5.63720703125
-296.95465087890625,-5.698818683624268
-295.42266845703125,-5.760798931121826
-293.89935302734375,-5.823354244232178
-292.3829040527344,-5.886511325836182
-290.87554931640625,-5.950213432312012
-289.3731994628906,-6.014062404632568
-287.820556640625,-6.08106803894043
-286.2754211425781,-6.1483306884765625
-284.73779296875,-6.2159929275512695
-283.20672607421875,-6.283403396606445
-281.6854248046875,-6.351263046264648
-280.1709289550781,-6.41993522644043
-278.66485595703125,-6.489419937133789
-277.1656494140625,-6.559617519378662
-275.6158752441406,-6.631799697875977
-274.0752868652344,-6.7043938636779785
-272.5417785644531,-6.77752161026001
-271.0169677734375,-6.850654602050781
-269.4989929199219,-6.924910545349121
-267.9896240234375,-6.999411582946777
-266.4860534667969,-7.074183464050293
-264.9374694824219,-7.151766777038574
-263.3955078125,-7.2298383712768555
-261.861572265625,-7.307760715484619
-260.3360595703125,-7.386734962463379
-258.8169250488281,-7.465389728546143
-257.3079833984375,-7.5440993309021
-255.80470275878906,-7.623640060424805
-254.25709533691406,-7.707630634307861
-252.71722412109375,-7.794689655303955
-251.1848602294922,-7.883831977844238
-249.66140747070312,-7.973241329193115
-248.14407348632812,-8.066560745239258
-246.63619995117188,-8.160568237304688
-245.1348114013672,-8.256524085998535
-243.58909606933594,-8.357029914855957
-242.0528106689453,-8.4593505859375
-240.52279663085938,-8.562335968017578
-239.00233459472656,-8.667174339294434
-237.4877471923828,-8.77382755279541
-235.98233032226562,-8.882455825805664
-234.4828338623047,-8.99219799041748
-232.94293212890625,-9.109261512756348
-231.40966796875,-9.227690696716309
-229.88449096679688,-9.349541664123535
-228.36138916015625,-9.473999977111816
-226.8360595703125,-9.602212905883789
-225.33441162109375,-9.731099128723145
-223.79452514648438,-9.86611557006836
-222.2628631591797,-10.002429962158203
-220.74644470214844,-10.139139175415039
-219.23890686035156,-10.27911376953125
-217.7420196533203,-10.420038223266602
-216.20883178710938,-10.56821346282959
-214.68666076660156,-10.718131065368652
-213.17530822753906,-10.87008285522461
-211.67677307128906,-11.024218559265137
-210.14071655273438,-11.18478012084961
-208.61737060546875,-11.34819221496582
-207.1046600341797,-11.514299392700195
-205.60406494140625,-11.68359088897705
-204.11329650878906,-11.856233596801758
-202.5911407470703,-12.038131713867188
-201.07806396484375,-12.222746849060059
-199.57810974121094,-12.410588264465332
-198.08712768554688,-12.600433349609375
-196.5666961669922,-12.79975414276123
-195.05429077148438,-12.999954223632812
-193.55609130859375,-13.200383186340332
-192.06573486328125,-13.401345252990723
-190.54495239257812,-13.607524871826172
-189.0364532470703,-13.815929412841797
-187.5374755859375,-14.023792266845703
-186.05010986328125,-14.232742309570312
-184.53060913085938,-14.447321891784668
-183.023193359375,-14.6624174118042
-181.52694702148438,-14.877471923828125
-180.04039001464844,-15.092597961425781
-178.52471923828125,-15.312457084655762
-177.01943969726562,-15.531789779663086
-175.5242462158203,-15.749303817749023
-174.00189208984375,-15.973450660705566
-172.4891815185547,-16.19908905029297
-170.98789978027344,-16.42656707763672
-169.49725341796875,-16.655330657958984
-167.97900390625,-16.890607833862305
-166.4720001220703,-17.12750816345215
-164.97605895996094,-17.36629867553711
-163.49069213867188,-17.607229232788086
-161.979248046875,-17.85707664489746
-160.47860717773438,-18.109573364257812
-158.989013671875,-18.365236282348633
-157.50979614257812,-18.624235153198242
-156.0059356689453,-18.896209716796875
-154.5143585205078,-19.177034378051758
-153.03562927246094,-19.472362518310547
-151.53826904296875,-19.80274772644043
-150.06002807617188,-20.167930603027344
-148.60252380371094,-20.572589874267578
-147.1685791015625,-21.020296096801758
-145.7264404296875,-21.522876739501953
-144.31143188476562,-22.06959342956543
-142.9247283935547,-22.659332275390625
-141.5357208251953,-23.304162979125977
-140.18072509765625,-23.99453353881836
-138.8600311279297,-24.729625701904297
-137.58241271972656,-25.516860961914062
-136.32269287109375,-26.37393569946289
-135.1151580810547,-27.286224365234375
-133.9642333984375,-28.253114700317383
-132.8495635986328,-29.293912887573242
-131.80108642578125,-30.386686325073242
-130.82290649414062,-31.5291748046875
-129.8951416015625,-32.73947525024414
-129.030029296875,-33.98362350463867
-128.2292938232422,-35.25808334350586
-127.47967529296875,-36.58787536621094
-126.79646301269531,-37.942325592041016
-126.18354034423828,-39.319847106933594
-125.63672637939453,-40.716880798339844
-125.1538314819336,-42.162044525146484
-124.7451171875,-43.623863220214844
-124.4183578491211,-45.100589752197266
-124.16710662841797,-46.5886344909668
-123.9966812133789,-48.0811767578125
-123.90509796142578,-49.60355758666992
-123.89315795898438,-51.119937896728516
-123.96148681640625,-52.6229362487793
-124.10733032226562,-54.13740539550781
-124.33074188232422,-55.62814712524414
-124.63668060302734,-57.117652893066406
-125.01782989501953,-58.57318878173828
-125.4793472290039,-60.017730712890625
-126.01309967041016,-61.41973876953125
-126.62693786621094,-62.80150604248047
-127.31584167480469,-64.15994262695312
-128.06295776367188,-65.46949005126953
-128.86463928222656,-66.7412109375
-129.72328186035156,-67.98571014404297
-130.6287841796875,-69.18798065185547
-131.5789337158203,-70.36164093017578
-132.58067321777344,-71.50965118408203
-133.6118927001953,-72.60726165771484
-134.68727111816406,-73.67631530761719
-135.80426025390625,-74.71451568603516
-136.9580535888672,-75.7187271118164
-138.12159729003906,-76.66783905029297
-139.31207275390625,-77.58113861083984
-140.55223083496094,-78.47856903076172
-141.81324768066406,-79.33894348144531
-143.09097290039062,-80.15766143798828
-144.3828582763672,-80.9361801147461
-145.71624755859375,-81.69564056396484
-147.0560760498047,-82.41575622558594
-148.40086364746094,-83.10008239746094
-149.78073120117188,-83.7602767944336
-151.15902709960938,-84.38309478759766
-152.57086181640625,-84.98614501953125
-153.97796630859375,-85.5510482788086
-155.41668701171875,-86.09440612792969
-156.84512329101562,-86.5988998413086
-158.30413818359375,-87.08120727539062
-159.74920654296875,-87.52632904052734
-161.2197723388672,-87.94754791259766
-162.67095947265625,-88.3341293334961
-164.14353942871094,-88.70039367675781
-165.6345977783203,-89.04280853271484
-167.14453125,-89.36172485351562
-168.62655639648438,-89.64665222167969
-170.12249755859375,-89.9081802368164
-171.6248779296875,-90.14317321777344
-173.12939453125,-90.35317993164062
-174.6342315673828,-90.53813934326172
-176.13580322265625,-90.70060729980469
-177.63327026367188,-90.84490203857422
-179.1669464111328,-90.9750747680664
-180.69126892089844,-91.09060668945312
-182.20545959472656,-91.19099426269531
-183.7054901123047,-91.2812728881836
-185.23294067382812,-91.36809539794922
-186.7402801513672,-91.44849395751953
-188.26898193359375,-91.52946472167969
-189.77772521972656,-91.609619140625
-191.30712890625,-91.69324493408203
-192.81439208984375,-91.78083801269531
-194.33920288085938,-91.8778305053711
-195.84329223632812,-91.98728942871094
-197.3610382080078,-92.11060333251953
-198.86183166503906,-92.25177764892578
-200.38357543945312,-92.41497039794922
-201.88970947265625,-92.60086059570312
-203.37872314453125,-92.81204223632812
-204.88966369628906,-93.05235290527344
-206.39358520507812,-93.31723022460938
-207.89027404785156,-93.60258483886719
-209.38160705566406,-93.91043853759766
-210.86895751953125,-94.23983764648438
-212.35072326660156,-94.59087371826172
-213.82733154296875,-94.96583557128906
-215.2998046875,-95.36554718017578
-216.76461791992188,-95.7903823852539
-218.22518920898438,-96.2417984008789
-219.67984008789062,-96.71965789794922
-221.1292724609375,-97.22330474853516
-222.53868103027344,-97.7411117553711
-223.94076538085938,-98.28701782226562
-225.33494567871094,-98.86233520507812
-226.7211151123047,-99.46803283691406
-228.10060119628906,-100.10401916503906
-229.47454833984375,-100.76948547363281
-230.843994140625,-101.46260833740234
-232.17529296875,-102.16546630859375
-233.50111389160156,-102.89517211914062
-234.82090759277344,-103.65382385253906
-236.13339233398438,-104.44293975830078
-237.40382385253906,-105.24271392822266
-238.6649932861328,-106.0728759765625
-239.91612243652344,-106.93472290039062
-241.1554718017578,-107.82799530029297
-242.38400268554688,-108.75369262695312
-243.5686798095703,-109.68680572509766
-244.73995971679688,-110.6512222290039
-245.89552307128906,-111.64722442626953
-247.03305053710938,-112.67446899414062
-248.1513671875,-113.7317886352539
-249.218994140625,-114.79095458984375
-250.26080322265625,-115.87760925292969
-251.2712860107422,-116.98820495605469
-252.2769012451172,-118.15071868896484
-253.25355529785156,-119.33638763427734
-254.20013427734375,-120.54533386230469
-255.11427307128906,-121.77620697021484
-255.99644470214844,-123.0269546508789
-256.8475646972656,-124.29459381103516
-257.6662902832031,-125.57775115966797
-258.4542541503906,-126.87664031982422
-259.20989990234375,-128.1906280517578
-259.9317626953125,-129.51901245117188
-260.6195983886719,-130.8592071533203
-261.2774353027344,-132.21189880371094
-261.90625,-133.57559204101562
-262.5216064453125,-134.9861602783203
-263.1048889160156,-136.4075164794922
-263.6539306640625,-137.8405303955078
-264.16754150390625,-139.2841796875
-264.6441345214844,-140.73907470703125
-265.0823974609375,-142.20570373535156
-265.48211669921875,-143.68348693847656
-265.8423767089844,-145.1721649169922
-266.1583557128906,-146.6702423095703
-266.4325866699219,-148.17738342285156
-266.6638488769531,-149.69203186035156
-266.8541259765625,-151.21421813964844
-267.0038757324219,-152.7412872314453
-267.1159362792969,-154.27462768554688
-267.1898193359375,-155.8106689453125
-267.227783203125,-157.31060791015625
-267.2333984375,-158.81289672851562
-267.2103576660156,-160.31634521484375
-267.1599426269531,-161.8212432861328
-267.0831604003906,-163.32786560058594
-266.98046875,-164.8357696533203
-266.8507080078125,-166.34449768066406
-266.6914978027344,-167.8535614013672
-266.5035400390625,-169.3618927001953
-266.28680419921875,-170.8692626953125
-266.0414123535156,-172.37445068359375
-265.76654052734375,-173.87759399414062
-265.46380615234375,-175.37965393066406
-265.13262939453125,-176.87673950195312
-264.7752990722656,-178.37132263183594
-264.390380859375,-179.86093139648438
-263.9901123046875,-181.30718994140625
-263.5624694824219,-182.74752807617188
-263.10772705078125,-184.1817169189453
-262.6257629394531,-185.60903930664062
-262.1169128417969,-187.02798461914062
-261.5806579589844,-188.43856811523438
-261.016357421875,-189.83956909179688
-260.4250793457031,-191.23231506347656
-259.8075866699219,-192.61741638183594
-259.16485595703125,-193.99508666992188
-258.4967041015625,-195.36521911621094
-257.8019714355469,-196.72433471679688
-257.0802307128906,-198.07244873046875
-256.33087158203125,-199.4060821533203
-255.5545196533203,-200.72706604003906
-254.7513427734375,-202.03436279296875
-253.9234619140625,-203.32705688476562
-253.071044921875,-204.60662841796875
-252.195556640625,-205.87429809570312
-251.32073974609375,-207.09678649902344
-250.4244384765625,-208.3076629638672
-249.50735473632812,-209.5081329345703
-248.5708770751953,-210.6986541748047
-247.61448669433594,-211.87850952148438
-246.63734436035156,-213.04649353027344
-245.639404296875,-214.2022705078125
-244.62069702148438,-215.34445190429688
-243.58180236816406,-216.47369384765625
-242.5247802734375,-217.58937072753906
-241.45162963867188,-218.6944122314453
-240.39361572265625,-219.7581787109375
-239.3215789794922,-220.81410217285156
-238.23709106445312,-221.86090087890625
-237.13973999023438,-222.90017700195312
-236.0316162109375,-223.93125915527344
-234.91180419921875,-224.95590209960938
-233.7801055908203,-225.9728546142578
-232.63722229003906,-226.9822540283203
-231.48318481445312,-227.9833221435547
-230.3176727294922,-228.97698974609375
-229.14035034179688,-229.96197509765625
-227.9512481689453,-230.93743896484375
-226.74917602539062,-231.90414428710938
-225.53775024414062,-232.85963439941406
-224.348876953125,-233.7798309326172
-223.15052795410156,-234.6904296875
-221.9418487548828,-235.5941925048828
-220.72434997558594,-236.48995971679688
-219.4996337890625,-237.3772735595703
-218.26658630371094,-238.25491333007812
-217.0288848876953,-239.12486267089844
-215.78759765625,-239.9853057861328
-214.5443115234375,-240.8363037109375
-213.2667694091797,-241.70318603515625
-211.9944305419922,-242.5590057373047
-210.72628784179688,-243.40431213378906
-209.4624481201172,-244.23890686035156
-208.2020263671875,-245.06370544433594
-206.91104125976562,-245.90017700195312
-205.62350463867188,-246.727783203125
-204.34072875976562,-247.54327392578125
-203.06214904785156,-248.34922790527344
-201.78726196289062,-249.14439392089844
-200.48147583007812,-249.95143127441406
-199.1797637939453,-250.7473907470703
-197.88153076171875,-251.53073120117188
-196.5866241455078,-252.30276489257812
-195.26104736328125,-253.08450317382812
-193.94036865234375,-253.85592651367188
-192.6248016357422,-254.61798095703125
-191.31430053710938,-255.37026977539062
-190.0091552734375,-256.11322021484375
-188.6752471923828,-256.8663330078125
-187.3472442626953,-257.61016845703125
-186.0247344970703,-258.34466552734375
-184.70852661132812,-259.0707702636719
-183.3653106689453,-259.8074951171875
-182.02894592285156,-260.53656005859375
-180.69976806640625,-261.2574462890625
-179.37728881835938,-261.970947265625
-178.02914428710938,-262.6941833496094
-176.6880645751953,-263.4089660644531
-175.35400390625,-264.115234375
-173.99513244628906,-264.8302001953125
-172.64390563964844,-265.5369873046875
-171.3007354736328,-266.2356262207031
-169.9650421142578,-266.9256591796875
-168.6050262451172,-267.6224060058594
-167.25196838378906,-268.30816650390625
-165.90553283691406,-268.982666015625
-164.53346252441406,-269.6583557128906
-163.16612243652344,-270.3172607421875
-161.80271911621094,-270.9575500488281
-160.41221618652344,-271.59259033203125
-159.0248565673828,-272.204833984375
-157.6395263671875,-272.7919921875
-156.22328186035156,-273.3626403808594
-154.79342651367188,-273.9088439941406
-153.3745574951172,-274.4231262207031
-151.93214416503906,-274.9202880859375
-150.49655151367188,-275.389892578125
-149.0354461669922,-275.8408508300781
-147.5846405029297,-276.2608947753906
-146.11802673339844,-276.6546630859375
-144.6487274169922,-277.0179138183594
-143.1847381591797,-277.3476867675781
-141.69265747070312,-277.6477355957031
-140.20693969726562,-277.9085998535156
-138.69520568847656,-278.1341552734375
-137.1915740966797,-278.3166198730469
-135.69744873046875,-278.45330810546875
-134.18118286132812,-278.54412841796875
-132.6766357421875,-278.58551025390625
-131.15391540527344,-278.5782775878906
-129.64724731445312,-278.5245056152344
-128.12600708007812,-278.42193603515625
-126.62366485595703,-278.2707214355469
-125.11205291748047,-278.0658264160156
-123.62255859375,-277.8139953613281
-122.12666320800781,-277.5146789550781
-120.65545654296875,-277.1737060546875
-119.18069458007812,-276.7850341796875
-117.73430633544922,-276.3535461425781
-116.2885513305664,-275.8719177246094
-114.8734130859375,-275.3494567871094
-113.46308135986328,-274.77783203125
-112.08586883544922,-274.1672058105469
-110.7191162109375,-273.50335693359375
-109.39151763916016,-272.7969055175781
-108.07937622070312,-272.03717041015625
-106.80709838867188,-271.2411804199219
-105.55668640136719,-270.3902282714844
-104.33065795898438,-269.48577880859375
-103.15452575683594,-268.5432434082031
-102.00701904296875,-267.5473327636719
-100.90708923339844,-266.5092468261719
-99.85406494140625,-265.4331359863281
-98.83060455322266,-264.3027038574219
-97.85456085205078,-263.1397399902344
-96.92874908447266,-261.9434814453125
-96.05625915527344,-260.71588134765625
-95.22747039794922,-259.43585205078125
-94.45870971679688,-258.126953125
-93.75372314453125,-256.7904357910156
-93.11373138427734,-255.43109130859375
-92.53060913085938,-254.02769470214844
-92.01663970947266,-252.60585021972656
-91.57429504394531,-251.16915893554688
-91.19756317138672,-249.69598388671875
-90.89156341552734,-248.20257568359375
-90.65369415283203,-246.7000732421875
-90.48120880126953,-245.20855712890625
-90.36907958984375,-243.70086669921875
-90.32191467285156,-242.17962646484375
-90.34225463867188,-240.6773223876953
-90.42731475830078,-239.17266845703125
-90.57727813720703,-237.669921875
-90.79307556152344,-236.1771240234375
-91.07766723632812,-234.67596435546875
-91.4239273071289,-233.19998168945312
-91.82614135742188,-231.7522735595703
-92.29156494140625,-230.3072967529297
-92.80615997314453,-228.8978729248047
-93.37413024902344,-227.49525451660156
-93.99205017089844,-226.09796142578125
-94.6440200805664,-224.7347412109375
-95.34160614013672,-223.37832641601562
-96.06841278076172,-222.05758666992188
-96.83541107177734,-220.74729919433594
-97.63853454589844,-219.4488983154297
-98.4735336303711,-218.1642303466797
-99.31800079345703,-216.92037963867188
-100.186279296875,-215.68942260742188
-101.0732192993164,-214.47006225585938
-101.97469329833984,-213.25979614257812
-102.88558959960938,-212.05532836914062
-103.80003356933594,-210.85281372070312
-104.71458435058594,-209.65017700195312
-105.62715148925781,-208.4461669921875
-106.53559875488281,-207.23873901367188
-107.4378890991211,-206.025634765625
-108.32999420166016,-204.8032684326172
-109.20738220214844,-203.5698699951172
-110.06871032714844,-202.3262481689453
-110.90961456298828,-201.0697784423828
-111.7254409790039,-199.79827880859375
-112.51469421386719,-198.50942993164062
-113.27543640136719,-197.20156860351562
-114.00636291503906,-195.8743438720703
-114.70629119873047,-194.5286407470703
-115.37532806396484,-193.16619873046875
-116.01338958740234,-191.7871551513672
-116.61871337890625,-190.391357421875
-117.18846130371094,-188.9788818359375
-117.72135162353516,-187.55007934570312
-118.21788024902344,-186.10580444335938
-118.67616271972656,-184.6465301513672
-119.09623718261719,-183.1729278564453
-119.4668960571289,-181.7174072265625
-119.79548645019531,-180.24879455566406
-120.07657623291016,-178.7684326171875
-120.30691528320312,-177.27835083007812
-120.48433685302734,-175.77976989746094
-120.60797119140625,-174.2755584716797
-120.67222595214844,-172.76844787597656
-120.67320251464844,-171.26028442382812
-120.61186981201172,-169.75379943847656
-120.48916625976562,-168.25204467773438
-120.30772399902344,-166.75759887695312
-120.07176208496094,-165.2702178955078
-119.78108978271484,-163.7942657470703
-119.43573760986328,-162.33172607421875
-119.0386734008789,-160.88430786132812
-118.59237670898438,-159.4515380859375
-118.09920501708984,-158.0325469970703
-117.56205749511719,-156.6278076171875
-116.99069213867188,-155.23574829101562
-116.3880615234375,-153.8548583984375
-115.76211547851562,-152.48416137695312
-115.1023941040039,-151.1293182373047
-114.41236114501953,-149.78854370117188
-113.6895751953125,-148.46282958984375
-112.93866729736328,-147.155517578125
-112.16004943847656,-145.861572265625
-111.35604858398438,-144.58230590820312
-110.52952575683594,-143.31747436523438
-109.6821060180664,-142.06527709960938
-108.81322479248047,-140.82571411132812
-107.92462921142578,-139.59605407714844
-107.01724243164062,-138.3765106201172
-106.09278106689453,-137.16616821289062
-105.15345764160156,-135.96315002441406
-104.19866180419922,-134.7655792236328
-103.25044250488281,-133.6004180908203
-102.2886962890625,-132.44078063964844
-101.31163024902344,-131.28732299804688
-100.32108306884766,-130.1400146484375
-99.31634521484375,-128.9984130859375
-98.29481506347656,-127.86368560791016
-97.25579833984375,-126.73572540283203
-96.22274780273438,-125.63902282714844
-95.17423248291016,-124.54802703857422
-94.10913848876953,-123.4642105102539
-93.02901458740234,-122.38775634765625
-91.93257904052734,-121.31907653808594
-90.8451156616211,-120.28345489501953
-89.74129486083984,-119.25479125976562
-88.62234497070312,-118.23278045654297
-87.485595703125,-117.21623992919922
-86.33281707763672,-116.20557403564453
-85.19291687011719,-115.22080993652344
-84.03724670410156,-114.23988342285156
-82.86642456054688,-113.26264953613281
-81.6814193725586,-112.28819274902344
-80.51068115234375,-111.34015655517578
-79.3272476196289,-110.39433288574219
-78.12976837158203,-109.45088195800781
-76.91881561279297,-108.50984191894531
-75.7249526977539,-107.59465026855469
-74.51847839355469,-106.6788330078125
-73.29975891113281,-105.76306915283203
-72.06884765625,-104.84651184082031
-70.85787963867188,-103.95372772216797
-69.63500213623047,-103.06050109863281
-68.40045166015625,-102.1664810180664
-67.1539077758789,-101.27323150634766
-65.92938232421875,-100.40394592285156
-64.69305419921875,-99.5344009399414
-63.44534683227539,-98.6657943725586
-62.18762969970703,-97.79708862304688
-60.91727066040039,-96.92887878417969
-59.67097091674805,-96.08534240722656
-58.41415023803711,-95.24214172363281
-57.145992279052734,-94.40029907226562
-55.86761474609375,-93.5602798461914
-54.57780838012695,-92.72053527832031
-53.314292907714844,-91.9051513671875
-52.041507720947266,-91.08808898925781
-50.760616302490234,-90.27139282226562
-49.47206115722656,-89.45108032226562
-48.17573928833008,-88.62886810302734
-46.87254333496094,-87.8035888671875
-45.59950256347656,-86.99979400634766
-44.31936264038086,-86.19322967529297
-43.032623291015625,-85.3846664428711
-41.73900604248047,-84.5739517211914
-40.437957763671875,-83.76131439208984
-39.13017654418945,-82.94781494140625
-37.85382080078125,-82.1570053100586
-36.57009506225586,-81.36500549316406
-35.28044128417969,-80.57210540771484
-33.983612060546875,-79.77796173095703
-32.68213653564453,-78.98301696777344
-31.375099182128906,-78.18806457519531
-30.062244415283203,-77.39045715332031
-28.74516487121582,-76.5928955078125
-27.423433303833008,-75.79254150390625
-26.137718200683594,-75.01551055908203
-24.846721649169922,-74.2358627319336
-23.551502227783203,-73.45425415039062
-22.25208854675293,-72.66983032226562
-20.94963264465332,-71.88304901123047
-19.642486572265625,-71.09333801269531
-18.331729888916016,-70.30131530761719
-17.020084381103516,-69.50794219970703
-15.706099510192871,-68.71440124511719
-14.381041526794434,-67.91326141357422
-13.093242645263672,-67.13516998291016
-11.800630569458008,-66.35414123535156
-10.502985000610352,-65.56999969482422
-9.198737144470215,-64.78282928466797
-7.8890180587768555,-63.99094772338867
-6.572528839111328,-63.194847106933594
-5.250288486480713,-62.39484786987305
-3.9641644954681396,-61.61640930175781
-2.6721737384796143,-60.83408737182617
-1.3740752935409546,-60.04729080200195
-0.07080109417438507,-59.25666427612305
1.2384798526763916,-58.462039947509766
2.5509960651397705,-57.665042877197266
3.8687150478363037,-56.862945556640625
5.189287185668945,-56.05710220336914
6.4696125984191895,-55.27370834350586
7.75302791595459,-54.48550796508789
9.038439750671387,-53.6939811706543
10.326986312866211,-52.897666931152344
11.616982460021973,-52.09904479980469
12.910502433776855,-51.29558181762695
14.205310821533203,-50.48971939086914
15.501770973205566,-49.67994689941406
16.79945945739746,-48.86724090576172
18.097522735595703,-48.05222702026367
19.395994186401367,-47.234046936035156
20.694656372070312,-46.41408920288086
21.992368698120117,-45.59130096435547
23.288679122924805,-44.76784896850586
24.5831241607666,-43.94293212890625
25.876447677612305,-43.116355895996094
27.167648315429688,-42.28900146484375
28.457487106323242,-41.461463928222656
29.744762420654297,-40.633731842041016
31.03107452392578,-39.805419921875
32.316078186035156,-38.97716522216797
33.60113525390625,-38.149452209472656
34.885841369628906,-37.32218551635742
36.17063522338867,-36.49675750732422
37.456199645996094,-35.67237854003906
38.74252700805664,-34.84812927246094
40.02899169921875,-34.0261116027832
41.31685256958008,-33.204185485839844
42.604469299316406,-32.38294219970703
43.893089294433594,-31.562223434448242
45.18164825439453,-30.741750717163086
46.47089385986328,-29.92287254333496
47.76173782348633,-29.10567855834961
49.05398178100586,-28.290754318237305
50.347599029541016,-27.478620529174805
51.64350128173828,-26.669586181640625
52.940879821777344,-25.864574432373047
54.239925384521484,-25.06306266784668
55.54005813598633,-24.265554428100586
56.84162902832031,-23.47241973876953
58.14586639404297,-22.683143615722656
59.45271682739258,-21.899097442626953
60.76304244995117,-21.118732452392578
62.075843811035156,-20.342872619628906
63.389915466308594,-19.571733474731445
64.70581817626953,-18.803869247436523
66.02307891845703,-18.03933334350586
67.34111022949219,-17.278606414794922
68.65991973876953,-16.52096176147461
69.97942352294922,-15.766213417053223
71.29940795898438,-15.014241218566895
72.62067413330078,-14.264735221862793
73.94163513183594,-13.518506050109863
75.2635498046875,-12.775531768798828
76.58615112304688,-12.034846305847168
77.909912109375,-11.29720687866211
79.23478698730469,-10.562241554260254
80.5611572265625,-9.829862594604492
81.88848876953125,-9.099831581115723
83.21631622314453,-8.372849464416504
84.54534912109375,-7.648556232452393
85.87522888183594,-6.927491188049316
87.20641326904297,-6.208382606506348
88.53694152832031,-5.492923259735107
89.86848449707031,-4.780491828918457
91.19965362548828,-4.071542739868164
92.53304290771484,-3.3641395568847656
93.8671875,-2.6599972248077393
95.20281219482422,-1.958601951599121
96.54002380371094,-1.2589199542999268
97.87936401367188,-0.5616123676300049
99.21996307373047,0.13315415382385254
100.56378936767578,0.8267825245857239
101.90922546386719,1.5168440341949463
103.25726318359375,2.2058000564575195
104.60694122314453,2.8915390968322754
105.95933532714844,3.5763251781463623
107.3129653930664,4.258606910705566
108.66962432861328,4.9392266273498535
110.02769470214844,5.617491245269775
111.38738250732422,6.29451847076416
112.74797821044922,6.9705281257629395
114.108642578125,7.646857261657715
115.46932220458984,8.323260307312012
116.83078002929688,9.000518798828125
118.19126892089844,9.678297996520996
119.5525131225586,10.356833457946777
120.91365051269531,11.035300254821777
122.275634765625,11.71485710144043
123.63750457763672,12.394230842590332
125.00038146972656,13.075776100158691
126.36270904541016,13.757027626037598
127.7272720336914,14.440635681152344
129.09161376953125,15.123323440551758
130.45787048339844,15.806466102600098
131.8256072998047,16.489290237426758
133.19570922851562,17.172374725341797
134.56898498535156,17.855438232421875
135.9438934326172,18.536771774291992
137.3219451904297,19.217647552490234
138.70262145996094,19.897428512573242
140.08566284179688,20.576454162597656
141.47181701660156,21.254941940307617
142.8603515625,21.932920455932617
144.25201416015625,22.6106014251709
145.64431762695312,23.288301467895508
147.03721618652344,23.96717643737793
148.43113708496094,24.646759033203125
149.8256378173828,25.328310012817383
151.22067260742188,26.011465072631836
152.6153564453125,26.695358276367188
153.96253967285156,27.357723236083984
155.30831909179688,28.021263122558594
156.65426635742188,28.686796188354492
157.99990844726562,29.353410720825195
159.3439483642578,30.021398544311523
160.6890106201172,30.6905460357666
162.03370666503906,31.358156204223633
163.3793182373047,32.025943756103516
164.72483825683594,32.69229507446289
166.0716094970703,33.35824966430664
167.41810607910156,34.024410247802734
168.76499938964844,34.69139862060547
170.1099090576172,35.35689926147461
171.45599365234375,36.02439498901367
172.80140686035156,36.69118881225586
174.1466522216797,37.36064147949219
175.4918975830078,38.03099060058594
176.8358154296875,38.70287322998047
178.1802520751953,39.37522506713867
179.5251007080078,40.04775619506836
180.8697052001953,40.719573974609375
182.21327209472656,41.39120101928711
183.60223388671875,42.084346771240234
184.98524475097656,42.774532318115234
186.36109924316406,43.4599609375
187.7299346923828,44.1413688659668
189.09007263183594,44.81910705566406
190.4431610107422,45.49394607543945
191.7874755859375,46.164974212646484
193.17132568359375,46.857521057128906
194.54527282714844,47.54629135131836
195.91152954101562,48.23360824584961
197.26759338378906,48.920433044433594
198.61483764648438,49.605812072753906
199.95367431640625,50.289005279541016
201.3292694091797,50.99314498901367
202.69606018066406,51.69279098510742
204.054931640625,52.39019012451172
205.40505981445312,53.08574676513672
206.7466583251953,53.779476165771484
208.07911682128906,54.47157669067383
209.44650268554688,55.18450164794922
210.80245971679688,55.89656448364258
212.15115356445312,56.60898971557617
213.48794555664062,57.32095718383789
214.8146209716797,58.03611373901367
216.17127990722656,58.776100158691406
217.5146484375,59.52239990234375
218.8442840576172,60.275177001953125
220.1597900390625,61.03594207763672
221.46031188964844,61.80612564086914
222.74598693847656,62.584754943847656
224.05630493164062,63.395416259765625
225.35133361816406,64.2139892578125
226.63232421875,65.03977966308594
227.8997344970703,65.87248229980469
229.15184020996094,66.71407318115234
230.38876342773438,67.56417846679688
231.6455535888672,68.44878387451172
232.8865509033203,69.34349822998047
234.10983276367188,70.24807739257812
235.31515502929688,71.1644058227539
236.5006866455078,72.0932846069336
237.69979858398438,73.06131744384766
238.8775634765625,74.04407501220703
240.0325927734375,75.04117584228516
241.16372680664062,76.05333709716797
242.27149963378906,77.0797119140625
243.35546875,78.12205505371094
244.4427490234375,79.20721435546875
245.5050048828125,80.3066177368164
246.54246520996094,81.42084503173828
247.55465698242188,82.54663848876953
248.54141235351562,83.6844482421875
249.5294189453125,84.86550903320312
250.49365234375,86.05662536621094
251.43304443359375,87.2567138671875
252.35047912597656,88.46590423583984
253.24215698242188,89.68350219726562
254.10940551757812,90.90985107421875
254.9733123779297,92.17831420898438
255.80914306640625,93.45591735839844
256.6175537109375,94.74137115478516
257.3980407714844,96.0362319946289
258.1494140625,97.33930206298828
258.888671875,98.68407440185547
259.5943908691406,100.03851318359375
260.2656555175781,101.40156555175781
260.9019775390625,102.77236938476562
261.50555419921875,104.15020751953125
262.0914611816406,105.56822967529297
262.6483154296875,106.990478515625
263.1797790527344,108.42115020751953
263.68377685546875,109.86205291748047
264.16070556640625,111.31219482421875
264.60968017578125,112.77269744873047
265.0306396484375,114.2424087524414
265.42535400390625,115.7238540649414
265.782958984375,117.1813735961914
266.115478515625,118.65263366699219
266.4205627441406,120.13632202148438
266.6970520019531,121.6328353881836
266.944580078125,123.14297485351562
267.16119384765625,124.66558837890625
267.3404235839844,126.16150665283203
267.4835205078125,127.66769409179688
267.5879821777344,129.18310546875
267.6564636230469,130.70606994628906
267.689208984375,132.2362823486328
267.6907958984375,133.772216796875
267.66729736328125,135.27362060546875
267.6198425292969,136.78067016601562
267.5507507324219,138.2908477783203
267.4592590332031,139.8062286376953
267.3472595214844,141.3253936767578
267.2163391113281,142.84716796875
267.0654296875,144.37289428710938
266.8959655761719,145.9011688232422
266.713623046875,147.39170837402344
266.5139465332031,148.8848419189453
266.2975769042969,150.38023376464844
266.0657653808594,151.87876892089844
265.8182373046875,153.379638671875
265.5574645996094,154.88343811035156
265.28271484375,156.38986206054688
264.9969787597656,157.8994140625
264.6991271972656,159.41163635253906
264.3983459472656,160.88565063476562
264.08660888671875,162.362060546875
263.7659912109375,163.84059143066406
263.43359375,165.3216552734375
263.0919494628906,166.80389404296875
262.73992919921875,168.286865234375
262.37823486328125,169.7677001953125
262.00836181640625,171.24337768554688
261.63018798828125,172.7103729248047
261.2453308105469,174.168212890625
260.8529052734375,175.61647033691406
260.4418640136719,177.09654235839844
260.023681640625,178.56666564941406
259.5975646972656,180.02786254882812
259.16363525390625,181.48036193847656
258.72314453125,182.92291259765625
258.2733154296875,184.35707092285156
257.8042297363281,185.82040405273438
257.3257141113281,187.27401733398438
256.8383483886719,188.7183837890625
256.3420104980469,190.15245056152344
255.8367156982422,191.57797241210938
255.3224639892578,192.99301147460938
254.79965209960938,194.39923095703125
254.2545928955078,195.83241271972656
253.70135498046875,197.25625610351562
253.14207458496094,198.67138671875
252.5772247314453,200.07781982421875
252.0062713623047,201.4752197265625
251.43124389648438,202.86474609375
250.8369598388672,204.28182983398438
250.239990234375,205.68917846679688
249.64060974121094,207.0871124267578
249.0404510498047,208.4749755859375
248.44137573242188,209.85267639160156
247.82846069335938,211.25425720214844
247.2212677001953,212.64382934570312
246.62086486816406,214.0224609375
246.01596069335938,215.42665100097656
245.42425537109375,216.824951171875
244.8476104736328,218.21994018554688
244.29037475585938,219.6136932373047
243.73947143554688,221.04051208496094
243.2147216796875,222.4711151123047
242.7233123779297,223.90667724609375
242.26947021484375,225.34800720214844
241.85829162597656,226.79710388183594
241.48825073242188,228.28646850585938
241.1685028076172,229.78211975097656
240.90609741210938,231.28326416015625
240.70382690429688,232.78807067871094
240.56158447265625,234.295166015625
240.4805908203125,235.8015899658203
240.45645141601562,237.3061065673828
240.48834228515625,238.80606079101562
240.57546997070312,240.3339385986328
240.71585083007812,241.8539581298828
240.91033935546875,243.3642578125
241.1602325439453,244.86167907714844
241.4656219482422,246.34536743164062
241.8284454345703,247.81094360351562
242.25035095214844,249.25694274902344
242.73101806640625,250.67933654785156
243.28482055664062,252.10601806640625
243.90383911132812,253.50088500976562
244.58534240722656,254.8620147705078
245.32015991210938,256.1910400390625
246.10789489746094,257.4847717285156
246.94984436035156,258.7406005859375
247.84469604492188,259.954833984375
248.78639221191406,261.12872314453125
249.76559448242188,262.2678527832031
250.7812042236328,263.371826171875
251.85365295410156,264.461669921875
252.96173095703125,265.5098876953125
254.10362243652344,266.51849365234375
255.28128051757812,267.4779052734375
256.4913635253906,268.39154052734375
257.73016357421875,269.2608642578125
258.9955139160156,270.0865173339844
260.28656005859375,270.8652648925781
261.60589599609375,271.59930419921875
262.954833984375,272.2884216308594
264.3351745605469,272.9366149902344
265.7183837890625,273.5367126464844
267.1307678222656,274.10748291015625
268.5398864746094,274.6381530761719
269.9753723144531,275.1403503417969
271.40460205078125,275.6027526855469
272.85858154296875,276.0323791503906
274.3368835449219,276.4276428222656
275.80377197265625,276.780029296875
277.29217529296875,277.0984802246094
278.8000793457031,277.3817138671875
280.28900146484375,277.6239013671875
281.7927551269531,277.8326110839844
283.3100280761719,278.0108947753906
284.8035583496094,278.15826416015625
286.3079833984375,278.2796630859375
287.8230285644531,278.3768005371094
289.3472595214844,278.4505615234375
290.8783264160156,278.5005798339844
292.3796691894531,278.5257568359375
293.88623046875,278.52496337890625
295.3982849121094,278.49627685546875
296.9154357910156,278.439697265625
298.4358825683594,278.3531799316406
299.9599609375,278.2347717285156
301.4879150390625,278.08319091796875
302.9797668457031,277.9037780761719
304.4754638671875,277.69384765625
305.97393798828125,277.4598388671875
307.47662353515625,277.20562744140625
308.9837646484375,276.9343566894531
310.4949951171875,276.645751953125
311.9715270996094,276.3499450683594
313.4535217285156,276.0408020019531
314.9403991699219,275.7206726074219
316.4339599609375,275.3892517089844
317.9322814941406,275.0408630371094
319.39532470703125,274.6858215332031
320.8621520996094,274.3144836425781
322.3340759277344,273.9306640625
323.81103515625,273.5381774902344
325.2927551269531,273.13397216796875
326.73828125,272.7290344238281
328.1871032714844,272.3121643066406
329.6395263671875,271.8835754394531
331.0950622558594,271.4417724609375
332.55517578125,270.9888000488281
334.01983642578125,270.5264587402344
335.4483642578125,270.0686340332031
336.881591796875,269.60296630859375
338.3194274902344,269.1280212402344
339.7613830566406,268.64434814453125
341.2077941894531,268.152099609375
342.65875244140625,267.65155029296875
344.1143798828125,267.1442565917969
345.533203125,266.6449279785156
346.95733642578125,266.1410827636719
348.3855895996094,265.6324462890625
349.82049560546875,265.12042236328125
351.2618713378906,264.6102600097656
352.7115173339844,264.1018981933594
354.1664733886719,263.5907287597656
355.58477783203125,263.0911865234375
357.0081787109375,262.58892822265625
358.4378967285156,262.0841369628906
359.8724670410156,261.5762939453125
361.3112487792969,261.0617370605469
362.751953125,260.5371398925781
364.1971435546875,260.0064697265625
365.64739990234375,259.476318359375
367.0597839355469,258.9610595703125
368.4773254394531,258.44854736328125
369.90069580078125,257.9362487792969
371.3306579589844,257.4288330078125
372.7672119140625,256.9250793457031
374.2093811035156,256.4253845214844
375.6591796875,255.9302215576172
377.1145324707031,255.43951416015625
378.5768127441406,254.9535369873047
380.0448913574219,254.4722137451172
381.4735107421875,254.0092010498047
382.9075012207031,253.55029296875
384.34649658203125,253.0946807861328
385.7912292480469,252.6402130126953
387.24017333984375,252.18873596191406
388.6947937011719,251.73817443847656
390.1540222167969,251.29046630859375
391.6176452636719,250.8445281982422
393.0867614746094,250.4000701904297
394.55987548828125,249.95928955078125
396.0384216308594,249.5200958251953
397.5216064453125,249.0835723876953
399.009033203125,248.64932250976562
400.4523620605469,248.231201171875
401.90069580078125,247.81497192382812
403.35284423828125,247.4013214111328
404.8094787597656,246.98985290527344
406.2706298828125,246.58102416992188
407.73577880859375,246.1750030517578
409.20599365234375,245.77113342285156
410.6800842285156,245.36968994140625
412.1578674316406,244.97021484375
413.6397399902344,244.5728302001953
415.1244201660156,244.17727661132812
416.6129150390625,243.78431701660156
418.104736328125,243.39395141601562
419.600341796875,243.00833129882812
421.0997009277344,242.6276397705078
422.60333251953125,242.2519989013672
424.06024169921875,241.89366149902344
425.5207824707031,241.53961181640625
426.9849548339844,241.1905975341797
428.4519348144531,240.8450164794922
429.9222106933594,240.50286865234375
431.3954772949219,240.1637725830078
432.87176513671875,239.8277587890625
434.35064697265625,239.49517822265625
435.8330078125,239.16531372070312
437.32757568359375,238.83688354492188
438.82476806640625,238.51150512695312
440.3255615234375,238.18936157226562
441.8301696777344,237.87051391601562
443.337646484375,237.55540466308594
444.84930419921875,237.24362182617188
446.36383056640625,236.93588256835938
447.88189697265625,236.63131713867188
449.40313720703125,236.33062744140625
450.87567138671875,236.043701171875
452.35113525390625,235.7606201171875
453.8307189941406,235.48110961914062
455.3135070800781,235.2059326171875
456.8002624511719,234.93560791015625
458.29052734375,234.6698760986328
459.7848205566406,234.40863037109375
461.282470703125,234.1519317626953
462.7833251953125,233.89976501464844
464.2877502441406,233.65237426757812
465.7957763671875,233.40908813476562
467.3067932128906,233.1707000732422
468.821533203125,232.9358367919922
470.3392028808594,232.70468139648438
471.85955810546875,232.47711181640625
473.3831787109375,232.2528839111328
474.90960693359375,232.03213500976562
476.439453125,231.8155059814453
477.9725646972656,231.6024932861328
479.5086975097656,231.39283752441406
481.0482482910156,231.18661499023438
482.5903625488281,230.9835205078125
484.08056640625,230.79067993164062
485.57379150390625,230.60055541992188
487.0696105957031,230.41342163085938
488.5682373046875,230.22909545898438
490.07000732421875,230.04762268066406
491.57415771484375,229.86929321289062
493.08154296875,229.69403076171875
494.5916442871094,229.52212524414062
496.1042175292969,229.3536834716797
497.6202697753906,229.1883087158203
499.1380615234375,229.0266876220703
500.6593017578125,228.86875915527344
502.18316650390625,228.71522521972656
503.7098388671875,228.56565856933594
505.23907470703125,228.42041015625
506.7708435058594,228.2789764404297
508.3047790527344,228.1413116455078
509.8407287597656,228.00637817382812
511.3786315917969,227.87457275390625
512.919189453125,227.74539184570312
514.4618530273438,227.6193084716797
516.0068359375,227.49632263183594
517.5529174804688,227.37725830078125
519.10205078125,227.26138305664062
520.6522216796875,227.1494140625
522.2044677734375,227.04110717773438
523.7015991210938,226.9404296875
525.2010498046875,226.84303283691406
526.7019653320312,226.74940490722656
528.2058715820312,226.65887451171875
529.71044921875,226.5724334716797
531.2186279296875,226.48939514160156
532.7282104492188,226.4102020263672
534.2399291992188,226.3352508544922
535.7543334960938,226.26429748535156
537.2703857421875,226.19802856445312
538.7890625,226.13600158691406
540.3095092773438,226.07855224609375
541.8320922851562,226.0258026123047
543.3571166992188,225.9774932861328
544.8837280273438,225.9333038330078
546.4129638671875,225.89279174804688
547.9436645507812,225.85572814941406
549.4766235351562,225.8223114013672
551.0112915039062,225.79269409179688
552.5484619140625,225.766357421875
554.0867919921875,225.74363708496094
555.6278686523438,225.7246551513672
557.1703491210938,225.70921325683594
558.71484375,225.69764709472656
560.261474609375,225.68936157226562
561.8095092773438,225.6845703125
563.3599243164062,225.68316650390625
564.9116821289062,225.68466186523438
566.465576171875,225.69029235839844
568.020751953125,225.6986846923828
569.5780029296875,225.71092224121094
571.1373901367188,225.72625732421875
572.6376342773438,225.74501037597656
574.1405029296875,225.76658630371094
575.6435546875,225.79217529296875
577.1495971679688,225.8203582763672
578.6558227539062,225.8520050048828
580.1636352539062,225.88662719726562
581.6718139648438,225.92465209960938
583.1807250976562,225.96592712402344
584.68994140625,226.01104736328125
586.19970703125,226.05963134765625
587.7102661132812,226.11203002929688
589.2205810546875,226.16720581054688
590.7308959960938,226.22633361816406
592.24072265625,226.2888946533203
593.7509155273438,226.35507202148438
595.2606201171875,226.4248504638672
596.7698364257812,226.498291015625
598.2789306640625,226.575439453125
599.7865600585938,226.65621948242188
601.293212890625,226.74017333984375
602.799072265625,226.82748413085938
604.3031005859375,226.91787719726562
605.8057250976562,227.0117645263672
607.3079223632812,227.1096649169922
608.80615234375,227.2119903564453
610.3033447265625,227.31776428222656
611.8541870117188,227.43092346191406
613.4014282226562,227.54867553710938
614.9442749023438,227.6695098876953
616.4820556640625,227.79489135742188
618.0153198242188,227.92462158203125
619.5447387695312,228.05813598632812
621.0693359375,228.19570922851562
622.5897827148438,228.33631896972656
624.1057739257812,228.48052978515625
625.6170654296875,228.62828063964844
627.1243896484375,228.77972412109375
628.6267700195312,228.93467712402344
630.1246948242188,229.09275817871094
631.6185302734375,229.25425720214844
633.1651000976562,229.4257354736328
634.7060546875,229.60081481933594
636.2435913085938,229.779541015625
637.7745361328125,229.96218872070312
639.3016967773438,230.14927673339844
640.82373046875,230.33946228027344
642.34033203125,230.5338897705078
643.8533935546875,230.7315673828125
645.35986328125,230.93295288085938
646.8621215820312,231.13815307617188
648.3599243164062,231.3470916748047
649.8529663085938,231.55886840820312
651.3402099609375,231.7742156982422
652.8244018554688,231.99240112304688
654.3567504882812,232.2223358154297
655.8857421875,232.45567321777344
657.4078979492188,232.69235229492188
658.9254150390625,232.93197631835938
660.4390258789062,233.1754608154297
661.9454956054688,233.4220428466797
663.44873046875,233.67303466796875
664.9449462890625,233.92626953125
666.43701171875,234.1832275390625
667.9235229492188,234.44273376464844
669.4057006835938,234.70486450195312
670.93408203125,234.97927856445312
672.4588012695312,235.25546264648438
673.9771728515625,235.5337371826172
675.4913940429688,235.81396484375
676.9989013671875,236.09616088867188
678.5029907226562,236.3809356689453
680.0001220703125,236.66818237304688
681.4922485351562,236.9584197998047
682.97900390625,237.25177001953125
684.459228515625,237.54861450195312
685.9346313476562,237.84963989257812
687.4046630859375,238.1538543701172
688.9215087890625,238.47129821777344
690.4376831054688,238.79246520996094
691.9283447265625,239.1119842529297
693.4135131835938,239.4338836669922
694.8914794921875,239.757080078125
696.3607788085938,240.0823211669922
697.8731689453125,240.4196014404297
699.3767700195312,240.75868225097656
700.8724365234375,241.0972900390625
702.3600463867188,241.43663024902344
703.83984375,241.77670288085938
705.31103515625,242.11827087402344
706.7747802734375,242.46127319335938
708.27734375,242.81686401367188
709.772705078125,243.17446899414062
711.2579956054688,243.53390502929688
712.7352905273438,243.89566040039062
714.2034301757812,244.2601776123047
715.662109375,244.62689208984375
717.1597290039062,245.00772094726562
718.6470947265625,245.39065551757812
720.1260375976562,245.7759246826172
721.595703125,246.16165161132812
723.0567626953125,246.54733276367188
724.5086669921875,246.9345703125
725.9977416992188,247.33358764648438
727.4766235351562,247.73300170898438
728.9473266601562,248.132568359375
730.408203125,248.5330047607422
731.8597412109375,248.9333953857422
733.3463745117188,249.34608459472656
734.8234252929688,249.75668334960938
736.29248046875,250.16342163085938
737.7528076171875,250.56646728515625
739.2051391601562,250.9632568359375
740.6923217773438,251.36399841308594
742.1718139648438,251.7573699951172
743.64404296875,252.1415557861328
745.109375,252.51409912109375
746.5678100585938,252.8734893798828
748.061767578125,253.230224609375
749.5485229492188,253.57247924804688
751.0291748046875,253.90269470214844
752.5015869140625,254.21966552734375
754.008544921875,254.53240966796875
755.5079956054688,254.83131408691406
757.0001831054688,255.11671447753906
758.4856567382812,255.38758850097656
759.9638061523438,255.64340209960938
761.4755249023438,255.88970947265625
762.9802856445312,256.1166687011719
764.478515625,256.325439453125
765.9702758789062,256.5139465332031
767.49365234375,256.6873779296875
769.0108642578125,256.83935546875
770.5206298828125,256.96875
772.0234375,257.0744934082031
773.5574951171875,257.157958984375
775.0843505859375,257.2141418457031
776.6032104492188,257.2437744140625
778.1141357421875,257.2457580566406
779.6175537109375,257.2223205566406
781.1486206054688,257.1697692871094
782.6707763671875,257.0902404785156
784.1832885742188,256.9830322265625
785.6836547851562,256.84375
787.20849609375,256.66668701171875
788.7191772460938,256.4522399902344
790.214111328125,256.19940185546875
791.6930541992188,255.90704345703125
793.1871948242188,255.5640411376953
794.6610107421875,255.17823791503906
796.11083984375,254.7451171875
797.5359497070312,254.26719665527344
798.9674682617188,253.73233032226562
800.3687133789062,253.15264892578125
801.7415771484375,252.53257751464844
803.1138916015625,251.85723876953125
804.4534912109375,251.1435546875
805.7605590820312,250.39418029785156
807.061279296875,249.59169006347656
808.3242797851562,248.75335693359375
809.5482788085938,247.8795623779297
810.7561645507812,246.95054626464844
811.9207153320312,245.98770141601562
813.0628051757812,244.9698486328125
814.1563720703125,243.9193878173828
815.2001953125,242.83682250976562
816.2095336914062,241.699462890625
817.1618041992188,240.5321807861328
818.0703125,239.3095703125
818.9161987304688,238.06016540527344
819.7109985351562,236.75924682617188
820.4391479492188,235.4310760498047
821.1049194335938,234.0629119873047
821.6995849609375,232.6790313720703
822.2357177734375,231.2471160888672
822.7017211914062,229.79730224609375
823.096435546875,228.3343048095703
823.4208374023438,226.86366271972656
823.68408203125,225.35894775390625
823.8855590820312,223.85629272460938
824.0258178710938,222.36102294921875
824.1053466796875,220.84649658203125
824.1201171875,219.32830810546875
824.0687255859375,217.82241821289062
823.9503173828125,216.2999725341797
823.7673950195312,214.7989501953125
823.52001953125,213.28726196289062
823.2158203125,211.8011016845703
822.8609619140625,210.3361358642578
822.4559326171875,208.8909912109375
821.9917602539062,207.43658447265625
821.4800415039062,206.00411987304688
820.9221801757812,204.5933380126953
820.320068359375,203.20692443847656
819.673828125,201.84580993652344
818.9822387695312,200.5138702392578
818.2340698242188,199.1831512451172
817.4417114257812,197.88522338867188
816.6087646484375,196.61981201171875
815.7367553710938,195.3859100341797
814.8247680664062,194.17958068847656
813.869873046875,193.00546264648438
812.87548828125,191.8603973388672
811.8388061523438,190.74771118164062
810.76123046875,189.66905212402344
809.6445922851562,188.6249237060547
808.5127563476562,187.63865661621094
807.3456420898438,186.689453125
806.1447143554688,185.77662658691406
804.9124755859375,184.90255737304688
803.6513061523438,184.0634765625
802.3632202148438,183.26063537597656
801.0479125976562,182.48985290527344
799.7312622070312,181.76634216308594
798.3870849609375,181.07598876953125
797.0184326171875,180.42140197753906
795.626708984375,179.80401611328125
794.2140502929688,179.22438049316406
792.7818603515625,178.6829376220703
791.3624267578125,178.18841552734375
789.9260864257812,177.7242431640625
788.4743041992188,177.29112243652344
787.0075073242188,176.89161682128906
785.5264282226562,176.5257110595703
784.0330810546875,176.1924591064453
782.5590209960938,175.894775390625
781.0742797851562,175.62753295898438
779.5775756835938,175.38775634765625
778.0696411132812,175.177001953125
776.5506591796875,174.99856567382812
775.0551147460938,174.855224609375
773.5530395507812,174.7274169921875
772.0443725585938,174.6110076904297
770.52978515625,174.50758361816406
769.0082397460938,174.41851806640625
767.4801025390625,174.34396362304688
765.98046875,174.28622436523438
764.4756469726562,174.24266052246094
762.9669799804688,174.21710205078125
761.4537353515625,174.20535278320312
759.9375610351562,174.2069091796875
758.41943359375,174.21994018554688
756.8969116210938,174.24427795410156
755.3680419921875,174.27915954589844
753.8675537109375,174.32318115234375
752.3594360351562,174.37608337402344
750.8451538085938,174.43748474121094
749.3253784179688,174.50656127929688
747.7998046875,174.5818634033203
746.2691040039062,174.66445922851562
744.7689819335938,174.7511749267578
743.2633056640625,174.84317016601562
741.7525024414062,174.93934631347656
740.2362670898438,175.0387420654297
738.7125854492188,175.1325225830078
737.1812744140625,175.21986389160156
735.678955078125,175.3095703125
734.1685791015625,175.40325927734375
732.650390625,175.4999542236328
731.1243286132812,175.6083984375
729.592529296875,175.72811889648438
728.0914916992188,175.85116577148438
726.583740234375,175.97723388671875
725.0693359375,176.1060333251953
723.5481567382812,176.23800659179688
722.0197143554688,176.37054443359375
720.524169921875,176.50152587890625
719.0219116210938,176.63258361816406
717.5142822265625,176.76263427734375
716.0001220703125,176.8944091796875
714.4779663085938,177.0250701904297
712.9480590820312,177.156494140625
711.4500122070312,177.28453063964844
709.9423828125,177.4131622314453
708.4238891601562,177.54205322265625
706.8961791992188,177.6705780029297
705.4012451171875,177.79652404785156
703.9010009765625,177.9227294921875
702.391845703125,178.04898071289062
700.8772583007812,178.17591857910156
699.3546142578125,178.30160522460938
697.82666015625,178.42710876464844
696.29150390625,178.54946899414062
694.793212890625,178.66580200195312
693.2903442382812,178.78121948242188
691.7818603515625,178.8957061767578
690.2687377929688,179.00991821289062
688.7515258789062,179.12518310546875
687.2293701171875,179.2407989501953
685.704833984375,179.3564453125
684.1753540039062,179.47206115722656
682.6427001953125,179.587646484375
681.1062622070312,179.70382690429688
679.5665893554688,179.8209991455078
678.0667114257812,179.93508911132812
676.564697265625,180.04820251464844
675.0589599609375,180.16033935546875
673.55078125,180.2701416015625
672.0398559570312,180.3779754638672
670.5267944335938,180.4850616455078
669.0106201171875,180.58905029296875
667.49365234375,180.69200134277344
665.974609375,180.7919464111328
664.4529418945312,180.88906860351562
662.9288330078125,180.98187255859375
661.4011840820312,181.07052612304688
659.8699340820312,181.15504455566406
658.3370361328125,181.2368927001953
656.7996826171875,181.31504821777344
655.2601928710938,181.3900909423828
653.7174072265625,181.4619140625
652.2171020507812,181.5286407470703
650.7142333984375,181.59259033203125
649.2091064453125,181.6533203125
647.7017211914062,181.71104431152344
646.193115234375,181.76519775390625
644.6837768554688,181.81600952148438
643.1731567382812,181.8627471923828
641.6607666015625,181.90615844726562
640.1466674804688,181.94552612304688
638.6320190429688,181.9816436767578
637.1157836914062,182.01504516601562
635.5997924804688,182.04896545410156
634.082275390625,182.0828857421875
632.5648193359375,182.11647033691406
631.0472412109375,182.14828491210938
629.5291137695312,182.1787109375
628.0118408203125,182.2075653076172
626.4940185546875,182.2343292236328
624.9777221679688,182.25936889648438
623.4612426757812,182.2826690673828
621.9447021484375,182.30287170410156
620.42822265625,182.3206024169922
618.9129028320312,182.3359832763672
617.3964233398438,182.348388671875
615.88134765625,182.36019897460938
614.3648071289062,182.36981201171875
612.8496704101562,182.38026428222656
611.333740234375,182.38858032226562
609.819091796875,182.39654541015625
608.304443359375,182.40330505371094
606.7893676757812,182.40940856933594
605.2745361328125,182.41531372070312
603.7600708007812,182.4217987060547
602.2453002929688,182.4296112060547
600.7314453125,182.44009399414062
599.2180786132812,182.45220947265625
597.7047119140625,182.4652862548828
596.1939086914062,182.4803466796875
594.6838989257812,182.49510192871094
593.1785278320312,182.5111846923828
591.6767578125,182.52745056152344
590.1370239257812,182.5449676513672
588.6068725585938,182.56268310546875
587.0855102539062,182.58082580566406
585.5765380859375,182.60079956054688
584.037353515625,182.6221466064453
582.515380859375,182.64419555664062
581.0103149414062,182.66555786132812
579.47998046875,182.68670654296875
577.96728515625,182.70947265625
576.4309692382812,182.73147583007812
574.9116821289062,182.75433349609375
573.4114990234375,182.77664184570312
571.8890380859375,182.7957763671875
570.3828125,182.8127899169922
568.8510131835938,182.82797241210938
567.3310546875,182.84080505371094
565.8209228515625,182.85267639160156
564.3165893554688,182.86431884765625
562.7785034179688,182.87583923339844
561.2420043945312,182.88790893554688
559.7047729492188,182.89984130859375
558.166748046875,182.9110870361328
556.6646118164062,182.9220428466797
555.1585083007812,182.92994689941406
553.6485595703125,182.93692016601562
552.1334228515625,182.94168090820312
550.613525390625,182.9418182373047
549.0892333984375,182.93968200683594
547.5599975585938,182.9315643310547
546.0259399414062,182.9182891845703
544.4874877929688,182.8977813720703
542.983642578125,182.86795043945312
541.4747924804688,182.8264617919922
539.9617309570312,182.7731475830078
538.4442138671875,182.7053680419922
536.9229736328125,182.62530517578125
535.39794921875,182.52969360351562
533.8695068359375,182.41796875
532.33642578125,182.28985595703125
530.8411254882812,182.15013122558594
529.3416748046875,181.99911499023438
527.8394165039062,181.83485412597656
526.332275390625,181.65896606445312
524.8221435546875,181.4699249267578
523.3070678710938,181.26744079589844
521.7890014648438,181.05038452148438
520.2660522460938,180.8187713623047
518.7825317382812,180.580322265625
517.2937622070312,180.3273162841797
515.80419921875,180.05987548828125
514.3112182617188,179.77703857421875
512.8157958984375,179.47706604003906
511.3202819824219,179.16046142578125
509.8224182128906,178.82485961914062
508.3249206542969,178.47103881835938
506.8687438964844,178.11087036132812
505.41168212890625,177.73435974121094
503.9551086425781,177.3421630859375
502.4982604980469,176.93357849121094
501.0428771972656,176.50753784179688
499.58935546875,176.0626983642578
498.1368713378906,175.60067749023438
496.6858215332031,175.1209259033203
495.2369689941406,174.62461853027344
493.7904968261719,174.1109161376953
492.345947265625,173.57818603515625
490.90631103515625,173.02853393554688
489.5103759765625,172.47454833984375
488.1187744140625,171.90122985839844
486.7332458496094,171.3082733154297
485.3511962890625,170.69471740722656
483.9769592285156,170.0604248046875
482.6062927246094,169.4080810546875
481.240478515625,168.7368621826172
479.8778381347656,168.0492706298828
478.5210266113281,167.34657287597656
477.167236328125,166.62530517578125
475.8212585449219,165.88748168945312
474.47991943359375,165.13125610351562
473.1429748535156,164.3584747314453
471.8520202636719,163.5938262939453
470.5643310546875,162.81483459472656
469.28411865234375,162.01954650878906
468.0105895996094,161.20944213867188
466.7398681640625,160.38621520996094
465.4753112792969,159.54933166503906
464.21441650390625,158.6985321044922
462.9605407714844,157.83197021484375
461.7130432128906,156.94834899902344
460.4758605957031,156.047607421875
459.245361328125,155.1293487548828
458.0263366699219,154.19419860839844
456.81475830078125,153.24082946777344
455.6112365722656,152.27366638183594
454.44830322265625,151.32215881347656
453.2900390625,150.35931396484375
452.1390686035156,149.3780975341797
450.9991149902344,148.38131713867188
449.866943359375,147.36663818359375
448.74676513671875,146.33480834960938
447.63525390625,145.28717041015625
446.5349426269531,144.2227783203125
445.4437561035156,143.1419677734375
444.3640441894531,142.04595947265625
443.2950744628906,140.93357849121094
442.2376708984375,139.80447387695312
441.2253723144531,138.69688415527344
440.2221374511719,137.57240295410156
439.2302551269531,136.43588256835938
438.2481689453125,135.28392028808594
437.2765197753906,134.11756896972656
436.31512451171875,132.93768310546875
435.3627014160156,131.74339294433594
434.4197998046875,130.5359344482422
433.4870300292969,129.3169403076172
432.56243896484375,128.0850830078125
431.646728515625,126.84390258789062
430.7366638183594,125.59334564208984
429.83209228515625,124.33563232421875
428.96044921875,123.1115493774414
428.0935363769531,121.88142395019531
427.2290954589844,120.64437103271484
426.3680419921875,119.40149688720703
425.5081787109375,118.15174102783203
424.64990234375,116.89714050292969
423.7921447753906,115.63622283935547
422.9352111816406,114.370361328125
422.0777893066406,113.09902954101562
421.21875,111.82356262207031
420.358154296875,110.54415130615234
419.4953918457031,109.26038360595703
418.63116455078125,107.97411346435547
417.7928161621094,106.72737121582031
416.95355224609375,105.48002624511719
416.1109619140625,104.23159790039062
415.26568603515625,102.98394775390625
414.4159851074219,101.73712921142578
413.561767578125,100.49359893798828
412.7027282714844,99.251708984375
411.83782958984375,98.01412200927734
410.96759033203125,96.78106689453125
410.0899963378906,95.55200958251953
409.2102355957031,94.32611846923828
408.3271484375,93.09989929199219
407.4432067871094,91.8759765625
406.55731201171875,90.65206909179688
405.6690979003906,89.43125915527344
404.7751770019531,88.21578979492188
403.87255859375,87.00594329833984
402.9607849121094,85.80430603027344
402.0387268066406,84.6105728149414
401.1064453125,83.42617797851562
400.1640930175781,82.25060272216797
399.2110290527344,81.08479309082031
398.24664306640625,79.92798614501953
397.2712097167969,78.78102111816406
396.2837219238281,77.64466094970703
395.282958984375,76.52205657958984
394.2698974609375,75.40861511230469
393.24810791015625,74.30298614501953
392.2149658203125,73.20389556884766
391.17315673828125,72.10884857177734
390.1222229003906,71.01470184326172
389.0660705566406,69.91828918457031
387.99957275390625,68.82076263427734
386.9208679199219,67.7270736694336
385.8292541503906,66.63468933105469
384.7247619628906,65.54452514648438
383.64569091796875,64.49466705322266
382.5542297363281,63.4470100402832
381.4497985839844,62.40187072753906
380.3323059082031,61.36025619506836
379.2004089355469,60.32283020019531
378.0546875,59.291805267333984
376.8948059082031,58.267574310302734
375.7216491699219,57.251502990722656
374.5360107421875,56.244815826416016
373.3818664550781,55.284671783447266
372.2193603515625,54.335941314697266
371.04736328125,53.398624420166016
369.8240966796875,52.44091796875
368.5912780761719,51.49631118774414
367.35174560546875,50.56575393676758
366.1044006347656,49.64722442626953
364.8525695800781,48.73994064331055
363.59576416015625,47.84207534790039
362.3359375,46.952720642089844
361.07177734375,46.06929016113281
359.8055114746094,45.19236755371094
358.5386047363281,44.32004928588867
357.2707214355469,43.451873779296875
356.0033874511719,42.5866584777832
354.7349853515625,41.72346878051758
353.46661376953125,40.86339569091797
352.1969299316406,40.007118225097656
350.92724609375,39.15458679199219
349.65545654296875,38.30604934692383
348.38385009765625,37.46015548706055
347.1108703613281,36.619300842285156
345.8360900878906,35.78213882446289
344.5613708496094,34.94907760620117
343.28466796875,34.120582580566406
342.0062561035156,33.29536819458008
340.72601318359375,32.47515869140625
339.4422302246094,31.65996551513672
338.1570739746094,30.8522891998291
336.86810302734375,30.050291061401367
335.5766906738281,29.254005432128906
334.28167724609375,28.465452194213867
332.9831848144531,27.6841983795166
331.68096923828125,26.91216468811035
330.37408447265625,26.147396087646484
329.06451416015625,25.390167236328125
327.7505187988281,24.640567779541016
326.43341064453125,23.89934730529785
325.1112365722656,23.164390563964844
323.7854309082031,22.437028884887695
322.4554748535156,21.71473503112793
321.1226501464844,20.99758529663086
319.78765869140625,20.281394958496094
318.4509582519531,19.56710433959961
317.1137390136719,18.851852416992188
315.7736511230469,18.13831329345703
314.4298400878906,17.42893409729004
313.0808410644531,16.726957321166992
311.7280578613281,16.03129005432129
310.3695983886719,15.34129810333252
309.0063781738281,14.659003257751465
307.6371154785156,13.979975700378418
306.263427734375,13.30893611907959
304.8825378417969,12.643630027770996
303.493408203125,11.992613792419434
302.0956115722656,11.353137969970703
300.692138671875,10.718765258789062
299.2844543457031,10.088349342346191
297.8724365234375,9.460503578186035
296.45660400390625,8.83407974243164
295.03680419921875,8.20908260345459
293.6146545410156,7.585395812988281
292.2397766113281,6.983274936676025
290.8629150390625,6.3812360763549805
289.4834289550781,5.778459072113037
288.101806640625,5.175288677215576
286.7183837890625,4.570834159851074
285.33319091796875,3.965607166290283
283.94586181640625,3.358696222305298
282.5574645996094,2.7515015602111816
281.166259765625,2.1429245471954346
279.77313232421875,1.5333484411239624
278.3775939941406,0.9222044944763184
276.9803771972656,0.30980974435806274
275.5809326171875,-0.30381613969802856
274.179443359375,-0.9185245037078857
272.77581787109375,-1.5344793796539307
271.3703308105469,-2.1518709659576416
269.9623718261719,-2.7704226970672607
268.55242919921875,-3.3904507160186768
267.1407775878906,-4.010969161987305
265.72772216796875,-4.632724761962891
264.31378173828125,-5.2545599937438965
262.898193359375,-5.87779426574707
261.48248291015625,-6.501859664916992
260.0663757324219,-7.127808570861816
258.6501770019531,-7.756028652191162
257.2333984375,-8.385787963867188
255.81631469726562,-9.017621040344238
254.39813232421875,-9.651330947875977
252.98007202148438,-10.287083625793457
251.56097412109375,-10.924614906311035
250.14183044433594,-11.563390731811523
248.7741241455078,-12.180895805358887
247.40542602539062,-12.80064582824707
246.0364532470703,-13.421963691711426
244.6656951904297,-14.045924186706543
243.29473876953125,-14.671157836914062
241.9231414794922,-15.298563957214355
240.5506591796875,-15.927521705627441
239.1774444580078,-16.55863380432129
237.80274963378906,-17.19212532043457
236.4280242919922,-17.82741355895996
235.05201721191406,-18.465335845947266
233.67481994628906,-19.105371475219727
232.2974395751953,-19.747312545776367
230.91799926757812,-20.391849517822266
229.53843688964844,-21.03746223449707
228.15750122070312,-21.685653686523438
226.77577209472656,-22.33563995361328
225.39186096191406,-22.988330841064453
224.0076446533203,-23.641817092895508
222.62063598632812,-24.297584533691406
221.2322540283203,-24.953567504882812
219.8408660888672,-25.610809326171875
218.44749450683594,-26.26754379272461
217.05108642578125,-26.924427032470703
215.6533660888672,-27.580699920654297
214.25318908691406,-28.237228393554688
212.85206604003906,-28.89235496520996
211.44834899902344,-29.547985076904297
210.0433349609375,-30.20261573791504
208.6370391845703,-30.856718063354492
207.22962951660156,-31.510467529296875
205.82650756835938,-32.16114807128906
204.4313507080078,-32.80708312988281
203.04586791992188,-33.44713592529297
201.66949462890625,-34.0820426940918
200.30218505859375,-34.7123908996582
198.89297485351562,-35.3630256652832
197.49388122558594,-36.00917053222656
196.10511779785156,-36.652339935302734
194.7268524169922,-37.290592193603516
193.3583221435547,-37.9256477355957
191.94976806640625,-38.58013916015625
190.5518798828125,-39.23017120361328
189.16482543945312,-39.876338958740234
187.78781127929688,-40.51781463623047
186.42176818847656,-41.15601348876953
185.01809692382812,-41.81387710571289
183.62574768066406,-42.46951675415039
182.2454376220703,-43.12237548828125
180.8767547607422,-43.773006439208984
179.52029418945312,-44.421844482421875
178.12928771972656,-45.09153366088867
176.7506561279297,-45.75927734375
175.38397216796875,-46.42454147338867
174.02960205078125,-47.088623046875
172.64332580566406,-47.772125244140625
171.26832580566406,-48.454437255859375
169.90713500976562,-49.133323669433594
168.5576171875,-49.809017181396484
167.1748046875,-50.50191116333008
165.79940795898438,-51.1923713684082
164.42735290527344,-51.88228988647461
163.0572967529297,-52.5723762512207
161.69186401367188,-53.26523971557617
160.32867431640625,-53.96091079711914
158.9701385498047,-54.66001510620117
157.6152801513672,-55.361534118652344
156.2643280029297,-56.06510543823242
154.91586303710938,-56.77014923095703
153.56973266601562,-57.47447967529297
152.22488403320312,-58.177589416503906
150.8818359375,-58.87754440307617
149.53781127929688,-59.57604217529297
148.19351196289062,-60.272003173828125
146.8487091064453,-60.96608352661133
145.503662109375,-61.659183502197266
144.15850830078125,-62.35194778442383
142.81153869628906,-63.04533386230469
141.46377563476562,-63.73784255981445
140.11563110351562,-64.43016052246094
138.7664794921875,-65.1219482421875
137.41705322265625,-65.81409454345703
136.06443786621094,-66.50736999511719
134.70802307128906,-67.201171875
133.34730529785156,-67.89663696289062
131.98263549804688,-68.59247589111328
130.61326599121094,-69.2894058227539
129.24229431152344,-69.98632049560547
127.86654663085938,-70.68395233154297
126.4892578125,-71.38114929199219
125.10847473144531,-72.07859802246094
123.72830200195312,-72.77391815185547
122.3480453491211,-73.4677734375
120.9696044921875,-74.15723419189453
119.5948715209961,-74.84261322021484
118.2247085571289,-75.52265930175781
116.85889434814453,-76.19957733154297
115.49934387207031,-76.87268829345703
114.14496612548828,-77.54226684570312
112.79745483398438,-78.2094497680664
111.41512298583984,-78.8936767578125
110.04415130615234,-79.57200622558594
108.68275451660156,-80.24490356445312
107.33123779296875,-80.90933227539062
105.94891357421875,-81.58686828613281
104.57823944091797,-82.25914001464844
103.21819305419922,-82.92540740966797
101.86978912353516,-83.58760833740234
100.4928207397461,-84.26313781738281
99.12742614746094,-84.93299102783203
97.77249145507812,-85.59599304199219
96.389404296875,-86.26950073242188
95.01670837402344,-86.93394470214844
93.65457153320312,-87.59014129638672
92.2664566040039,-88.25823211669922
90.8908462524414,-88.92028045654297
89.52864837646484,-89.57862091064453
88.14288330078125,-90.24906158447266
86.77059936523438,-90.91674041748047
85.41149139404297,-91.5782241821289
84.02986145019531,-92.2523422241211
82.66252136230469,-92.92253875732422
81.3092269897461,-93.58944702148438
79.9362564086914,-94.27078247070312
78.57768249511719,-94.9482192993164
77.23340606689453,-95.62210845947266
75.86975860595703,-96.30795288085938
74.51726531982422,-96.99034881591797
73.17078399658203,-97.6727066040039
71.8255386352539,-98.3584976196289
70.47827911376953,-99.05081176757812
69.12767028808594,-99.74845886230469
67.77394104003906,-100.45458984375
66.41697692871094,-101.16554260253906
65.09097290039062,-101.8671646118164
63.762855529785156,-102.57484436035156
62.4332389831543,-103.28960418701172
61.10154342651367,-104.01260375976562
59.768001556396484,-104.74552917480469
58.43233108520508,-105.48877716064453
57.097225189208984,-106.24440002441406
55.79709243774414,-106.9949951171875
54.500221252441406,-107.7603530883789
53.208831787109375,-108.54158020019531
51.925048828125,-109.33973693847656
50.65126037597656,-110.15534973144531
49.39052200317383,-110.98821258544922
48.14433288574219,-111.83758544921875
46.913429260253906,-112.70359802246094
45.69801330566406,-113.58641815185547
44.46857833862305,-114.5101547241211
43.25649642944336,-115.45309448242188
42.06326675415039,-116.41630554199219
40.88886642456055,-117.4000244140625
39.73499298095703,-118.40467071533203
38.604026794433594,-119.43238067626953
37.49492263793945,-120.48301696777344
36.408504486083984,-121.55949401855469
35.34540557861328,-122.66033172607422
34.30821228027344,-123.7861099243164
33.29632568359375,-124.93568420410156
32.31196975708008,-126.1102066040039
31.35483169555664,-127.30870056152344
30.42943572998047,-128.5318603515625
29.532604217529297,-129.77867126464844
28.663333892822266,-131.04637145996094
27.81859588623047,-132.33175659179688
27.01695442199707,-133.6021728515625
26.243478775024414,-134.89117431640625
25.496681213378906,-136.19851684570312
24.77992057800293,-137.52423095703125
24.09177017211914,-138.86856079101562
23.437633514404297,-140.23118591308594
22.816905975341797,-141.6117401123047
22.233360290527344,-143.00985717773438
21.687236785888672,-144.4241943359375
21.183218002319336,-145.8554229736328
20.71990394592285,-147.30300903320312
20.296634674072266,-148.76312255859375
19.906400680541992,-150.2348175048828
19.547142028808594,-151.71580505371094
19.216339111328125,-153.2050323486328
18.919593811035156,-154.70143127441406
18.65859031677246,-156.20753479003906
18.434871673583984,-157.71905517578125
18.24247169494629,-159.23744201660156
18.084131240844727,-160.7595977783203
17.956037521362305,-162.28628540039062
17.86009979248047,-163.81564331054688
17.791967391967773,-165.3483428955078
17.75449562072754,-166.8826904296875
17.74735450744629,-168.41806030273438
17.770814895629883,-169.95448303222656
17.822052001953125,-171.49075317382812
17.902278900146484,-173.02725219726562
18.005870819091797,-174.5237579345703
18.133960723876953,-176.0192413330078
18.284318923950195,-177.51388549804688
18.458484649658203,-179.00738525390625
18.655412673950195,-180.49905395507812
18.875858306884766,-181.98928833007812
19.122161865234375,-183.47718811035156
19.393169403076172,-184.9628143310547
19.688379287719727,-186.44659423828125
20.005990982055664,-187.92835998535156
20.34749412536621,-189.40872192382812
20.710607528686523,-190.8867645263672
21.095809936523438,-192.36375427246094
21.501096725463867,-193.83802795410156
21.926589965820312,-195.3109588623047
22.370464324951172,-196.78201293945312
22.818626403808594,-198.2139892578125
23.282743453979492,-199.64529418945312
23.763151168823242,-201.0764923095703
24.262184143066406,-202.50669860839844
24.780467987060547,-203.9359588623047
25.31673812866211,-205.364013671875
25.87118148803711,-206.79129028320312
26.44450569152832,-208.21853637695312
27.01903533935547,-209.60595703125
27.611356735229492,-210.99427795410156
28.222755432128906,-212.38137817382812
28.85684585571289,-213.76609802246094
29.514881134033203,-215.14694213867188
30.19034767150879,-216.526611328125
30.86430549621582,-217.86679077148438
31.553306579589844,-219.2061004638672
32.25733184814453,-220.54507446289062
32.97561264038086,-221.88380432128906
33.708152770996094,-223.22250366210938
34.45394515991211,-224.559814453125
35.21261215209961,-225.89581298828125
35.98407745361328,-227.2296600341797
36.74603271484375,-228.52398681640625
37.5195426940918,-229.8158721923828
38.303829193115234,-231.10682678222656
39.096866607666016,-232.39663696289062
39.895938873291016,-233.68687438964844
40.6977653503418,-234.97813415527344
41.501190185546875,-236.2716522216797
42.306419372558594,-237.56678771972656
43.111976623535156,-238.8618621826172
43.917938232421875,-240.15536499023438
44.72095489501953,-241.4453582763672
45.517127990722656,-242.73011779785156
46.30265808105469,-244.01023864746094
47.09827423095703,-245.32290649414062
47.88072967529297,-246.632080078125
48.64787673950195,-247.9373016357422
49.40150451660156,-249.24000549316406
50.16134262084961,-250.57534790039062
50.905574798583984,-251.9074249267578
51.63401794433594,-253.23593139648438
52.34605026245117,-254.56167602539062
53.05904769897461,-255.92218017578125
53.75198745727539,-257.2805480957031
54.426143646240234,-258.63751220703125
55.082942962646484,-259.9970397949219
55.71868896484375,-261.36065673828125
56.333335876464844,-262.7298583984375
56.94260025024414,-264.1406555175781
57.529815673828125,-265.5570068359375
58.097450256347656,-266.9771728515625
58.64527893066406,-268.4020080566406
59.17574691772461,-269.8301696777344
59.68598556518555,-271.2617492675781
60.17685317993164,-272.697509765625
60.646976470947266,-274.1374206542969
61.09303283691406,-275.58245849609375
61.515377044677734,-277.0334777832031
61.91093444824219,-278.4898986816406
62.2823486328125,-279.9516906738281
62.62908172607422,-281.41888427734375
62.94904708862305,-282.890869140625
63.2440071105957,-284.3663024902344
63.5130615234375,-285.8464660644531
63.75670623779297,-287.3301696777344
63.975624084472656,-288.8180847167969
64.16842651367188,-290.309326171875
64.33663940429688,-291.8028259277344
64.48006439208984,-293.29986572265625
64.59769439697266,-294.7988586425781
64.68976593017578,-296.2999572753906
64.75333404541016,-297.80224609375
64.78883361816406,-299.3061828613281
64.79320526123047,-300.80987548828125
64.7679443359375,-302.3133239746094
64.71318054199219,-303.816650390625
64.62854766845703,-305.3182678222656
64.51776885986328,-306.8192138671875
64.3781967163086,-308.3172302246094
64.21068572998047,-309.81243896484375
64.01397705078125,-311.3051452636719
63.78615951538086,-312.79229736328125
63.53048324584961,-314.27642822265625
63.243751525878906,-315.7542724609375
62.92683029174805,-317.2260437011719
62.578304290771484,-318.6913757324219
62.199649810791016,-320.1484375
61.7900390625,-321.5960388183594
61.35152053833008,-323.03564453125
60.88310623168945,-324.4634704589844
60.38600540161133,-325.88189697265625
59.86077880859375,-327.2893981933594
59.30644226074219,-328.6847229003906
58.72705078125,-330.07025146484375
58.120914459228516,-331.444580078125
57.48728942871094,-332.8050231933594
56.82618713378906,-334.154052734375
56.1334342956543,-335.4858093261719
55.40963363647461,-336.8000793457031
54.654945373535156,-338.0985107421875
53.869415283203125,-339.37738037109375
53.055213928222656,-340.63812255859375
52.21064758300781,-341.8797607421875
51.33799362182617,-343.101318359375
50.43697738647461,-344.30255126953125
49.50794219970703,-345.4836730957031
48.552608489990234,-346.6446228027344
47.572452545166016,-347.7861022949219
46.56780242919922,-348.9094543457031
45.5378303527832,-350.013671875
44.483524322509766,-351.09991455078125
43.4039421081543,-352.16998291015625
42.299949645996094,-353.22454833984375
41.167545318603516,-354.26641845703125
40.03688049316406,-355.2682189941406
38.87799072265625,-356.25653076171875
37.69172286987305,-357.2314147949219
36.51005172729492,-358.1661071777344
35.3028678894043,-359.0829772949219
34.06892776489258,-359.9816589355469
32.80982971191406,-360.860595703125
31.562164306640625,-361.69598388671875
30.2916316986084,-362.5125732421875
29.000307083129883,-363.3098449707031
27.688182830810547,-364.09039306640625
26.356563568115234,-364.8532409667969
25.006147384643555,-365.5981750488281
23.674602508544922,-366.3028869628906
22.324338912963867,-366.9866638183594
20.954822540283203,-367.64788818359375
19.566862106323242,-368.28814697265625
18.162662506103516,-368.9061279296875
16.742399215698242,-369.5037536621094
15.350201606750488,-370.0659484863281
13.945252418518066,-370.6077575683594
12.527661323547363,-371.1316833496094
11.099201202392578,-371.6358642578125
9.659698486328125,-372.1225891113281
8.210307121276855,-372.5918884277344
6.751935005187988,-373.0450439453125
5.2859625816345215,-373.4820861816406
3.8111448287963867,-373.9030456542969
2.329622745513916,-374.3066101074219
0.8390890955924988,-374.69415283203125
-0.6598840355873108,-375.06634521484375
-2.121781349182129,-375.4120178222656
-3.591217041015625,-375.744873046875
-5.0682830810546875,-376.06280517578125
-6.553709506988525,-376.3677978515625
-8.04698371887207,-376.6592712402344
-9.548476219177246,-376.936279296875
-11.056244850158691,-377.2020263671875
-12.571562767028809,-377.4571838378906
-14.091719627380371,-377.7032165527344
-15.62012004852295,-377.9376220703125
-17.1063232421875,-378.1507568359375
-18.599632263183594,-378.3517761230469
-20.0987491607666,-378.5408630371094
-21.60455322265625,-378.7199401855469
-23.115602493286133,-378.8887023925781
-24.63336944580078,-379.0487060546875
-26.15502166748047,-379.199951171875
-27.683399200439453,-379.3456115722656
-29.216108322143555,-379.4856262207031
-30.75498390197754,-379.62249755859375
-32.29833221435547,-379.7555236816406
-33.79766845703125,-379.88031005859375
-35.30144500732422,-380.0020446777344
-36.81080627441406,-380.1199645996094
-38.32566452026367,-380.2353820800781
-39.84660339355469,-380.348388671875
-41.373600006103516,-380.459228515625
-42.906585693359375,-380.5681457519531
-44.445003509521484,-380.67584228515625
-45.989356994628906,-380.7823791503906
-47.487464904785156,-380.8850402832031
-48.989627838134766,-380.986328125
-50.49814224243164,-381.0881042480469
-52.01301193237305,-381.19024658203125
-53.53377151489258,-381.2915344238281
-55.06131362915039,-381.3904113769531
-56.59537124633789,-381.4823913574219
-58.13728332519531,-381.5729675292969
-59.68561935424805,-381.6654052734375
-61.18710708618164,-381.7550048828125
-62.69538879394531,-381.84600830078125
-64.20954132080078,-381.9381408691406
-65.72948455810547,-382.03082275390625
-67.25537109375,-382.12493896484375
-68.7867660522461,-382.2193298339844
-70.32345581054688,-382.3154602050781
-71.86566162109375,-382.4120788574219
-73.41219329833984,-382.5099182128906
-74.96280670166016,-382.6084899902344
-76.46063232421875,-382.7049560546875
-77.96217346191406,-382.8016357421875
-79.4678726196289,-382.8999328613281
-80.97661590576172,-382.99993896484375
-82.48992919921875,-383.1036071777344
-84.00608825683594,-383.21112060546875
-85.5245132446289,-383.3233337402344
-87.04672241210938,-383.44122314453125
-88.57109069824219,-383.5625305175781
-90.09898376464844,-383.68756103515625
-91.629150390625,-383.8169250488281
-93.16168212890625,-383.9503173828125
-94.6961898803711,-384.0877990722656
-96.23255920410156,-384.2296447753906
-97.7707290649414,-384.37469482421875
-99.3110580444336,-384.5240478515625
-100.85279083251953,-384.6762390136719
-102.39647674560547,-384.8313903808594
-103.94319152832031,-384.9883728027344
-105.49243927001953,-385.1467590332031
-106.98665618896484,-385.3001708984375
-108.4829330444336,-385.4541015625
-109.98095703125,-385.60723876953125
-111.4818344116211,-385.7596130371094
-112.98482513427734,-385.9106140136719
-114.48945617675781,-386.0596923828125
-115.9972152709961,-386.2082824707031
-117.50670623779297,-386.35589599609375
-119.01985931396484,-386.5028076171875
-120.53470611572266,-386.64910888671875
-122.05225372314453,-386.7944641113281
-123.57239532470703,-386.9383850097656
-125.09467315673828,-387.0810852050781
-126.6206283569336,-387.2234802246094
-128.14712524414062,-387.36468505859375
-129.67637634277344,-387.50665283203125
-131.20773315429688,-387.6494445800781
-132.7401123046875,-387.7922668457031
-134.27525329589844,-387.93572998046875
-135.81036376953125,-388.07965087890625
-137.34815979003906,-388.224365234375
-138.8865203857422,-388.3689270019531
-140.4257049560547,-388.513916015625
-141.96356201171875,-388.6583251953125
-143.5142059326172,-388.8047180175781
-145.06552124023438,-388.95050048828125
-146.559814453125,-389.09149169921875
-148.05560302734375,-389.2323913574219
-149.553466796875,-389.3741149902344
-151.05319213867188,-389.5164489746094
-152.55418395996094,-389.658935546875
-154.05801391601562,-389.8015441894531
-155.56378173828125,-389.9448547363281
-157.07308959960938,-390.08905029296875
-158.5842742919922,-390.2340087890625
-160.09776306152344,-390.379150390625
-161.61325073242188,-390.5248718261719
-163.13116455078125,-390.6705017089844
-164.65283203125,-390.8168029785156
-166.17596435546875,-390.9625244140625
-167.70213317871094,-391.10784912109375
-169.2313995361328,-391.25262451171875
-170.7637939453125,-391.3968505859375
-172.2987060546875,-391.5406494140625
-173.8362274169922,-391.6837463378906
-175.37646484375,-391.8258972167969
-176.91989135742188,-391.968017578125
-178.46575927734375,-392.1114807128906
-180.01390075683594,-392.2553405761719
-181.56443786621094,-392.4006652832031
-183.11781311035156,-392.5467834472656
-184.67245483398438,-392.69403076171875
-186.16746520996094,-392.8360900878906
-187.6632537841797,-392.97900390625
-189.16236877441406,-393.1223449707031
-190.6620635986328,-393.2661437988281
-192.1640625,-393.4107666015625
-193.66807556152344,-393.5570068359375
-195.17369079589844,-393.70379638671875
-196.68133544921875,-393.8516845703125
-198.1908721923828,-393.9996643066406
-199.7018280029297,-394.1483459472656
-201.21522521972656,-394.2972717285156
-202.72962951660156,-394.4461669921875
-204.2467041015625,-394.595703125
-205.7649688720703,-394.7451477050781
-207.2853240966797,-394.8953857421875
-208.80589294433594,-395.04522705078125
-210.32852172851562,-395.1954040527344
-211.85189819335938,-395.3463134765625
-213.37625122070312,-395.4970703125
-214.9034881591797,-395.64898681640625
-216.43026733398438,-395.8014221191406
-217.95944213867188,-395.9548034667969
-219.48922729492188,-396.1087341308594
-221.0199737548828,-396.2633056640625
-222.5524444580078,-396.4192199707031
-224.0853271484375,-396.5751037597656
-225.62051391601562,-396.7311096191406
-227.15504455566406,-396.88665771484375
-228.69122314453125,-397.04266357421875
-230.22811889648438,-397.1988830566406
-231.76622009277344,-397.3560791015625
-233.30511474609375,-397.513671875
-234.84451293945312,-397.67138671875
-236.38563537597656,-397.82879638671875
-237.92730712890625,-397.9856262207031
-239.4712677001953,-398.142578125
-241.01478576660156,-398.2987365722656
-242.55905151367188,-398.45428466796875
-244.1046905517578,-398.6094055175781
-245.6500244140625,-398.76300048828125
-247.1965789794922,-398.9150390625
-248.74362182617188,-399.0651550292969
-250.29075622558594,-399.212890625
-251.84034729003906,-399.359619140625
-253.3887939453125,-399.5040283203125
-254.9380645751953,-399.6469421386719
-256.486572265625,-399.78704833984375
-258.03704833984375,-399.9263000488281
-259.5881652832031,-400.06329345703125
-261.1402282714844,-400.19805908203125
-262.69091796875,-400.3284912109375
-264.2431640625,-400.456298828125
-265.795166015625,-400.58056640625
-267.34869384765625,-400.7024841308594
-268.9016418457031,-400.82110595703125
-270.45477294921875,-400.93701171875
-272.008544921875,-401.04974365234375
-273.5633239746094,-401.159912109375
-275.1195068359375,-401.26727294921875
-276.6756286621094,-401.37054443359375
-278.2315979003906,-401.4689636230469
-279.7892150878906,-401.5622253417969
-281.3467102050781,-401.64959716796875
-282.90533447265625,-401.730712890625
-284.4635925292969,-401.80511474609375
-286.0231628417969,-401.87261962890625
-287.5819396972656,-401.9325866699219
-289.1405334472656,-401.9847106933594
-290.6990661621094,-402.0290832519531
-292.2572326660156,-402.06610107421875
-293.8150939941406,-402.0960998535156
-295.3725891113281,-402.1191101074219
-296.9303894042969,-402.1356201171875
-298.4875183105469,-402.1459045410156
-300.0447692871094,-402.1501770019531
-301.6019592285156,-402.1488952636719
-303.15911865234375,-402.1419677734375
-304.7167663574219,-402.1295166015625
-306.2738952636719,-402.1113586425781
-307.8310241699219,-402.087158203125
-309.3874816894531,-402.05609130859375
-310.943603515625,-402.01751708984375
-312.4995422363281,-401.97113037109375
-314.0542907714844,-401.9167175292969
-315.60919189453125,-401.85443115234375
-317.1630554199219,-401.78375244140625
-318.7156677246094,-401.7050476074219
-320.2685852050781,-401.6182556152344
-321.82098388671875,-401.52301025390625
-323.372802734375,-401.42041015625
-324.9233703613281,-401.3097229003906
-326.47369384765625,-401.19195556640625
-328.0220642089844,-401.06671142578125
-329.5704040527344,-400.9344482421875
-331.1170959472656,-400.7954406738281
-332.6636657714844,-400.6497802734375
-334.2090759277344,-400.49688720703125
-335.75323486328125,-400.3367004394531
-337.2967529296875,-400.16937255859375
-338.83843994140625,-399.9942321777344
-340.3796081542969,-399.81182861328125
-341.9189453125,-399.6218566894531
-343.4573974609375,-399.4247131347656
-344.994384765625,-399.22027587890625
-346.5295715332031,-399.00714111328125
-348.06353759765625,-398.7857360839844
-349.59637451171875,-398.554931640625
-351.1272277832031,-398.3142395019531
-352.6568298339844,-398.0639953613281
-354.1847839355469,-397.8033447265625
-355.70977783203125,-397.5318908691406
-357.23345947265625,-397.2491149902344
-358.7543029785156,-396.9549865722656
-360.273681640625,-396.6497497558594
-361.790771484375,-396.33349609375
-363.3058776855469,-396.0064392089844
-364.8179626464844,-395.6686096191406
-366.3284912109375,-395.3207702636719
-367.83551025390625,-394.96282958984375
-369.3404541015625,-394.5947570800781
-370.84259033203125,-394.2167053222656
-372.34197998046875,-393.8286437988281
-373.8390808105469,-393.4306335449219
-375.33306884765625,-393.0229187011719
-376.824951171875,-392.6061096191406
-378.3143615722656,-392.18048095703125
-379.8023986816406,-391.74658203125
-381.2876281738281,-391.3041687011719
-382.7708740234375,-390.8536376953125
-384.2523193359375,-390.39520263671875
-385.7314453125,-389.9295349121094
-387.20904541015625,-389.4566955566406
-388.6842346191406,-388.9773864746094
-390.15826416015625,-388.4914855957031
-391.6298828125,-388.00006103515625
-393.1004943847656,-387.50262451171875
-394.5690002441406,-387.0002746582031
-396.0361022949219,-386.49267578125
-397.501708984375,-385.9803466796875
-398.96514892578125,-385.46392822265625
-400.42706298828125,-384.9434509277344
-401.88690185546875,-384.4189758300781
-403.34368896484375,-383.8907470703125
-404.7991638183594,-383.3587646484375
-406.2519836425781,-382.8232727050781
-407.7035827636719,-382.2837829589844
-409.1523132324219,-381.7405700683594
-410.598388671875,-381.1925354003906
-412.04180908203125,-380.6398010253906
-413.48236083984375,-380.0819396972656
-414.9210205078125,-379.5191955566406
-416.3568420410156,-378.9525451660156
-417.7903137207031,-378.3815002441406
-419.22119140625,-377.8062438964844
-420.6502990722656,-377.2271423339844
-422.0765075683594,-376.6443176269531
-423.5008850097656,-376.0572814941406
-424.9222106933594,-375.4659423828125
-426.3411865234375,-374.8700256347656
-427.7574462890625,-374.2681884765625
-429.1709899902344,-373.66119384765625
-430.5821838378906,-373.04815673828125
-431.9900207519531,-372.429443359375
-433.3950500488281,-371.80438232421875
-434.79730224609375,-371.17364501953125
-436.1961364746094,-370.5374450683594
-437.5928955078125,-369.8955078125
-438.98663330078125,-369.2487487792969
-440.3782653808594,-368.5967712402344
-441.7665710449219,-367.9400329589844
-443.15264892578125,-367.2773132324219
-444.53515625,-366.60955810546875
-445.9149169921875,-365.9359130859375
-447.2908935546875,-365.2561340332031
-448.66253662109375,-364.5703430175781
-450.0306091308594,-363.878173828125
-451.3959045410156,-363.1805419921875
-452.7562255859375,-362.47705078125
-454.1134033203125,-361.7677001953125
-455.4665222167969,-361.052734375
-456.8163146972656,-360.3319396972656
-458.1620788574219,-359.60577392578125
-459.5042419433594,-358.87408447265625
-460.84222412109375,-358.1369323730469
-462.1772766113281,-357.3948974609375
-463.5091552734375,-356.64776611328125
-464.83746337890625,-355.89593505859375
-466.1630554199219,-355.13916015625
-467.4855041503906,-354.3780517578125
-468.8056640625,-353.61279296875
-470.1230773925781,-352.8442687988281
-471.4377746582031,-352.0720520019531
-472.7503356933594,-351.2967529296875
-474.0606994628906,-350.51824951171875
-475.3691101074219,-349.7366638183594
-476.67535400390625,-348.95245361328125
-477.9792175292969,-348.16595458984375
-479.2815856933594,-347.37646484375
-480.5829162597656,-346.58416748046875
-481.882080078125,-345.7891845703125
-483.1799011230469,-344.9914855957031
-484.4754638671875,-344.1912841796875
-485.77093505859375,-343.3877868652344
-487.0637512207031,-342.5825500488281
-488.3561706542969,-341.77496337890625
-489.6464538574219,-340.96551513671875
-490.93658447265625,-340.1539306640625
-492.22509765625,-339.3407287597656
-493.5137634277344,-338.52642822265625
-494.80072021484375,-337.711181640625
-496.085693359375,-336.8955383300781
-497.36993408203125,-336.07904052734375
-498.6517639160156,-335.26214599609375
-499.9325866699219,-334.4449768066406
-501.21136474609375,-333.62713623046875
-502.4884338378906,-332.80865478515625
-503.7637939453125,-331.98931884765625
-505.0375061035156,-331.1701965332031
-506.3104553222656,-330.3504333496094
-507.58026123046875,-329.531494140625
-508.85040283203125,-328.7123107910156
-510.1182861328125,-327.8934631347656
-511.38470458984375,-327.0755920410156
-512.6480102539062,-326.25732421875
-513.9093627929688,-325.43878173828125
-515.168212890625,-324.6202697753906
-516.4251098632812,-323.8013000488281
-517.7319946289062,-322.9486389160156
-519.036376953125,-322.09552001953125
-520.3392333984375,-321.243896484375
-521.6403198242188,-320.3921203613281
-522.9385986328125,-319.5410461425781
-524.2360229492188,-318.6904296875
-525.5314331054688,-317.840576171875
-526.8255615234375,-316.99102783203125
-528.1176147460938,-316.1421203613281
-529.4091186523438,-315.29388427734375
-530.7000122070312,-314.44683837890625
-531.989501953125,-313.600341796875
-533.2776489257812,-312.7550354003906
-534.5650024414062,-311.91033935546875
-535.8502197265625,-311.06732177734375
-537.1345825195312,-310.2251281738281
-538.4172973632812,-309.3845520019531
-539.7003784179688,-308.54443359375
-540.9796142578125,-307.7057800292969
-542.2592163085938,-306.8679504394531
-543.53564453125,-306.0311584472656
-544.8118896484375,-305.19573974609375
-546.0851440429688,-304.3606262207031
-547.3576049804688,-303.52630615234375
-548.6281127929688,-302.6925964355469
-549.89697265625,-301.8605041503906
-551.163818359375,-301.02923583984375
-552.4295654296875,-300.1993408203125
-553.6935424804688,-299.3707275390625
-554.9562377929688,-298.5437927246094
-556.218017578125,-297.7177429199219
-557.4779052734375,-296.8929443359375
-558.7366943359375,-296.0697326660156
-559.9940185546875,-295.2471923828125
-561.2988891601562,-294.39410400390625
-562.6039428710938,-293.5421142578125
-563.9053344726562,-292.6927795410156
-565.2073974609375,-291.8451843261719
-566.508056640625,-291.0001525878906
-567.8078002929688,-290.1571044921875
-569.1060791015625,-289.3162841796875
-570.404052734375,-288.4775695800781
-571.7005615234375,-287.6405944824219
-572.9970092773438,-286.8058166503906
-574.2921142578125,-285.97308349609375
-575.5872802734375,-285.141845703125
-576.880615234375,-284.3127746582031
-578.1729125976562,-283.485595703125
-579.4638671875,-282.66033935546875
-580.755126953125,-281.8366394042969
-582.04443359375,-281.0147705078125
-583.33349609375,-280.1947021484375
-584.6217041015625,-279.3760986328125
-585.9090576171875,-278.55877685546875
-587.1968994140625,-277.74212646484375
-588.4828491210938,-276.9270324707031
-589.768310546875,-276.1127624511719
-591.052734375,-275.2986755371094
-592.3365478515625,-274.4851379394531
-593.619140625,-273.6718444824219
-594.9013671875,-272.8592834472656
-596.18212890625,-272.0466003417969
-597.4627685546875,-271.2350158691406
-598.7427368164062,-270.42413330078125
-600.0232543945312,-269.6147766113281
-601.3027954101562,-268.8067932128906
-602.5828857421875,-267.9999084472656
-603.8607788085938,-267.1945495605469
-605.1400756835938,-266.3896179199219
-606.4169921875,-265.58563232421875
-607.6950073242188,-264.7821044921875
-608.970947265625,-263.9793395996094
-610.246826171875,-263.1775207519531
-611.5223388671875,-262.3765869140625
-612.7973022460938,-261.5766296386719
-614.0714111328125,-260.77777099609375
-615.3460693359375,-259.9798889160156
-616.6193237304688,-259.1844787597656
-617.8932495117188,-258.38995361328125
-619.21435546875,-257.5664978027344
-620.5357666015625,-256.7450256347656
-621.8557739257812,-255.9263916015625
-623.17578125,-255.1099395751953
-624.4957885742188,-254.2965545654297
-625.8157958984375,-253.48519897460938
-627.135009765625,-252.67721557617188
-628.4550170898438,-251.87249755859375
-629.775146484375,-251.07183837890625
-631.0948486328125,-250.27490234375
-632.4155883789062,-249.48052978515625
-633.7339477539062,-248.68869018554688
-635.0517578125,-247.89865112304688
-636.3690185546875,-247.109375
-637.6849365234375,-246.3206024169922
-638.998779296875,-245.5322723388672
-640.3123779296875,-244.74374389648438
-641.6232299804688,-243.9554443359375
-642.9329223632812,-243.16671752929688
-644.240234375,-242.3777313232422
-645.5466918945312,-241.5875244140625
-646.8501586914062,-240.79745483398438
-648.1520385742188,-240.00611877441406
-649.451171875,-239.21498107910156
-650.74951171875,-238.42440795898438
-652.0458374023438,-237.6345672607422
-653.3399658203125,-236.84608459472656
-654.6312866210938,-236.0590362548828
-655.9136962890625,-235.27662658691406
-657.23583984375,-234.4702606201172
-658.5480346679688,-233.6696014404297
-659.8543090820312,-232.87342834472656
-661.1672973632812,-232.07398986816406
-662.4849243164062,-231.27232360839844
-663.7915649414062,-230.4781036376953
-665.087890625,-229.69134521484375
-666.3740844726562,-228.91268920898438
-667.6940307617188,-228.1147003173828
-669.0040283203125,-227.3248291015625
-670.301025390625,-226.54331970214844
-671.5888671875,-225.76968383789062
-672.9074096679688,-224.97740173339844
-674.2137451171875,-224.1925506591797
-675.5086669921875,-223.4152374267578
-676.8331909179688,-222.62042236328125
-678.1456298828125,-221.83377075195312
-679.4445190429688,-221.054931640625
-680.731689453125,-220.28399658203125
-682.0455322265625,-219.49659729003906
-683.3482055664062,-218.71705627441406
-684.6748657226562,-217.92213439941406
-685.9888916015625,-217.1355438232422
-687.2890625,-216.3575897216797
-688.6143188476562,-215.566162109375
-689.9276123046875,-214.78587341308594
-691.2278442382812,-214.01695251464844
-692.5524291992188,-213.2376251220703
-693.864501953125,-212.46861267089844
-695.1607055664062,-211.710693359375
-696.47998046875,-210.94082641601562
-697.7845458984375,-210.1820068359375
-699.1079711914062,-209.4114532470703
-700.4169921875,-208.6519012451172
-701.7449951171875,-207.8821563720703
-703.0556030273438,-207.12181091308594
-704.3845825195312,-206.3518524169922
-705.69482421875,-205.5891571044922
-707.0184326171875,-204.81637573242188
-708.3256225585938,-204.05043029785156
-709.6463623046875,-203.27325439453125
-710.9537353515625,-202.50277709960938
-712.2476196289062,-201.73782348632812
-713.5594482421875,-200.9610137939453
-714.8593139648438,-200.19044494628906
-716.177978515625,-199.40740966796875
-717.4842529296875,-198.6317596435547
-718.7788696289062,-197.8625030517578
-720.0929565429688,-197.08242797851562
-721.3943481445312,-196.3087158203125
-722.6860961914062,-195.543701171875
-723.9953002929688,-194.76901245117188
-725.2939453125,-194.0046844482422
-726.6100463867188,-193.230224609375
-727.9141235351562,-192.46466064453125
-729.2369384765625,-191.69407653808594
-730.5520629882812,-190.93601989746094
-731.8619384765625,-190.1846466064453
-733.1781616210938,-189.4371795654297
-734.5010375976562,-188.69056701660156
-735.8300170898438,-187.94476318359375
-737.1668701171875,-187.20045471191406
-738.4830322265625,-186.47923278808594
-739.8089599609375,-185.76405334472656
-741.1458129882812,-185.05880737304688
-742.4937744140625,-184.3634490966797
-743.853759765625,-183.67721557617188
-745.2265625,-183.00257873535156
-746.5821533203125,-182.353515625
-747.9514770507812,-181.7176513671875
-749.3344116210938,-181.09547424316406
-750.7311401367188,-180.48716735839844
-752.1417846679688,-179.8939971923828
-753.534912109375,-179.3302001953125
-754.9400634765625,-178.7840118408203
-756.35693359375,-178.2552032470703
-757.7857666015625,-177.74388122558594
-759.2276611328125,-177.24989318847656
-760.68115234375,-176.7725830078125
-762.1128540039062,-176.32342529296875
-763.5553588867188,-175.8917999267578
-765.0084838867188,-175.4779510498047
-766.4720458984375,-175.08303833007812
-767.946044921875,-174.7047576904297
-769.43017578125,-174.34364318847656
-770.9252319335938,-173.99851989746094
-772.3949584960938,-173.68019104003906
-773.8750610351562,-173.37896728515625
-775.3646240234375,-173.10072326660156
-776.8633422851562,-172.84640502929688
-778.3718872070312,-172.61563110351562
-779.8887939453125,-172.41444396972656
-781.4150390625,-172.24000549316406
-782.9121704101562,-172.10153198242188
-784.4171752929688,-171.99205017089844
-785.9277954101562,-171.91307067871094
-787.4439697265625,-171.86453247070312
-788.965087890625,-171.84759521484375
-790.4893798828125,-171.85882568359375
-792.0175170898438,-171.90155029296875
-793.5481567382812,-171.97360229492188
-795.08251953125,-172.07208251953125
-796.5823364257812,-172.192626953125
-798.0856323242188,-172.3375244140625
-799.5919189453125,-172.5071258544922
-801.1016235351562,-172.69970703125
-802.6142578125,-172.9137725830078
-804.130859375,-173.14642333984375
-805.6134033203125,-173.3899383544922
-807.0994262695312,-173.6488037109375
-808.5908203125,-173.92127990722656
-810.08544921875,-174.2049560546875
-811.5852661132812,-174.4997100830078
-813.0897216796875,-174.8011932373047
-814.5604858398438,-175.09841918945312
-816.0374145507812,-175.39688110351562
-817.5193481445312,-175.6943817138672
-819.0079956054688,-175.9911346435547
-820.5023803710938,-176.27919006347656
-822.0029907226562,-176.55958557128906
-823.5111083984375,-176.82992553710938
-825.0266723632812,-177.08665466308594
-826.5087280273438,-177.3202362060547
-827.9981689453125,-177.53982543945312
-829.4929809570312,-177.741455078125
-830.9969482421875,-177.93141174316406
-832.507568359375,-178.10218811035156
-834.0242309570312,-178.2610321044922
-835.5482177734375,-178.4056396484375
-837.0795288085938,-178.53746032714844
-838.5767211914062,-178.6513214111328
-840.0828247070312,-178.75148010253906
-841.5971069335938,-178.83779907226562
-843.1204223632812,-178.90997314453125
-844.6522827148438,-178.96484375
-846.193115234375,-179.00157165527344
-847.7001342773438,-179.0171356201172
-849.2146606445312,-179.01646423339844
-850.7373657226562,-178.99656677246094
-852.2672729492188,-178.96080017089844
-853.8043823242188,-178.90570068359375
-855.3065795898438,-178.8384552001953
-856.8141479492188,-178.75233459472656
-858.329345703125,-178.65167236328125
-859.851318359375,-178.533447265625
-861.3794555664062,-178.39671325683594
-862.9140014648438,-178.23773193359375
-864.4093017578125,-178.0576171875
-865.9083251953125,-177.849365234375
-867.4088745117188,-177.6111297607422
-868.9078369140625,-177.3412322998047
-870.3983154296875,-177.03857421875
-871.8790283203125,-176.704833984375
-873.3464965820312,-176.33837890625
-874.8021240234375,-175.93991088867188
-876.2432250976562,-175.51205444335938
-877.7141723632812,-175.0398406982422
-879.17138671875,-174.53778076171875
-880.614990234375,-174.004638671875
-882.046875,-173.44400024414062
-883.466064453125,-172.85870361328125
-884.8768920898438,-172.25289916992188
-886.2808227539062,-171.63092041015625
-887.6815185546875,-170.99661254882812
-889.07763671875,-170.3496856689453
-890.4708862304688,-169.6912078857422
-891.8607788085938,-169.02255249023438
-893.2489013671875,-168.34475708007812
-894.5943603515625,-167.67921447753906
-895.9381713867188,-167.00497436523438
-897.2788696289062,-166.32183837890625
-898.6163940429688,-165.62860107421875
-899.9501342773438,-164.92489624023438
-901.2818603515625,-164.2095184326172
-902.6103515625,-163.48284912109375
-903.936279296875,-162.74562072753906
-905.2593383789062,-161.99835205078125
-906.5801391601562,-161.24293518066406
-907.9004516601562,-160.48019409179688
-909.2208862304688,-159.71212768554688
-910.5421752929688,-158.93907165527344
-911.8634643554688,-158.16004943847656
-913.1839599609375,-157.37442016601562
-914.5042724609375,-156.57989501953125
-915.8235473632812,-155.77821350097656
-917.1029663085938,-154.99229431152344
-918.3823852539062,-154.19969177246094
-919.6644287109375,-153.40174865722656
-920.9486694335938,-152.59963989257812
-922.2359008789062,-151.79359436035156
-923.5264892578125,-150.98455810546875
-924.8204345703125,-150.1721954345703
-926.1180419921875,-149.35609436035156
-927.419677734375,-148.53704833984375
-928.726318359375,-147.71617126464844
-929.9972534179688,-146.91941833496094
-931.272705078125,-146.1217498779297
-932.5546875,-145.32257080078125
-933.8408203125,-144.5225067138672
-935.1318969726562,-143.7198486328125
-936.4265747070312,-142.91383361816406
-937.7254638671875,-142.10528564453125
-939.029541015625,-141.2948760986328
-940.3390502929688,-140.48345947265625
-941.654052734375,-139.6708526611328
-942.931640625,-138.88343811035156
-944.2141723632812,-138.0941162109375
-945.4998779296875,-137.30184936523438
-946.7902221679688,-136.50633239746094
-948.084228515625,-135.70750427246094
-949.3824462890625,-134.9071044921875
-950.683837890625,-134.10345458984375
-951.9888916015625,-133.2982635498047
-953.297119140625,-132.49017333984375
-954.607421875,-131.6802215576172
-955.91845703125,-130.86839294433594
-957.2276611328125,-130.05613708496094
-958.5330810546875,-129.24647521972656
-959.8309326171875,-128.4408721923828
-961.1187744140625,-127.64090728759766
-962.3961791992188,-126.84637451171875
-963.7048950195312,-126.03113555908203
-965.0030517578125,-125.22224426269531
-966.28955078125,-124.41842651367188
-967.56640625,-123.6209945678711
-968.8724365234375,-122.8032455444336
-970.169189453125,-121.99223327636719
-971.4528198242188,-121.18647003173828
-972.7259521484375,-120.38557434082031
-974.0245361328125,-119.5624008178711
-975.3103637695312,-118.74032592773438
-976.5794677734375,-117.91910552978516
-977.8346557617188,-117.09686279296875
-979.109130859375,-116.24727630615234
-980.3663330078125,-115.3935775756836
-981.6036987304688,-114.53414154052734
-982.8556518554688,-113.64299774169922
-984.0863647460938,-112.74339294433594
-985.2920532226562,-111.83430480957031
-986.5072631835938,-110.88734436035156
-987.69384765625,-109.9273681640625
-988.8541259765625,-108.95527648925781
-989.9879150390625,-107.97317504882812
-991.12744140625,-106.95374298095703
-992.2427978515625,-105.92361450195312
-993.3359375,-104.88275146484375
-994.4072875976562,-103.8305435180664
-995.4854736328125,-102.73812103271484
-996.542236328125,-101.6346206665039
-997.5781860351562,-100.5208969116211
-998.5928344726562,-99.39734649658203
-999.5858154296875,-98.263671875
-1000.5797119140625,-97.08851623535156
-1001.5476684570312,-95.90084838867188
-1002.4877319335938,-94.70038604736328
-1003.398193359375,-93.48696899414062
-1004.277099609375,-92.26100158691406
-1005.1270751953125,-91.02400207519531
-1005.9656372070312,-89.74393463134766
-1006.7703247070312,-88.45106506347656
-1007.5369873046875,-87.14646911621094
-1008.2673950195312,-85.8302001953125
-1008.9754638671875,-84.46920776367188
-1009.6432495117188,-83.09674835205078
-1010.2684936523438,-81.71421813964844
-1010.8517456054688,-80.32164001464844
-1011.3938598632812,-78.91940307617188
-1011.9049072265625,-77.4737548828125
-1012.369873046875,-76.02035522460938
-1012.7890625,-74.55815887451172
-1013.1622924804688,-73.0832290649414
-1013.4887084960938,-71.59590148925781
-1013.766845703125,-70.09723663330078
-1013.9978637695312,-68.58662414550781
-1014.1820068359375,-67.06647491455078
-1014.3195190429688,-65.53693389892578
-1014.4071044921875,-64.03467559814453
-1014.44970703125,-62.523780822753906
-1014.4454956054688,-61.005584716796875
-1014.392578125,-59.481056213378906
-1014.2901000976562,-57.951637268066406
-1014.1399536132812,-56.45733642578125
-1013.9396362304688,-54.96405792236328
-1013.6893920898438,-53.47276306152344
-1013.3885498046875,-51.98592758178711
-1013.0380249023438,-50.50510787963867
-1012.6396484375,-49.030330657958984
-1012.1907348632812,-47.56524658203125
-1011.708251953125,-46.144744873046875
-1011.1823120117188,-44.73377990722656
-1010.611083984375,-43.33344650268555
-1009.9954833984375,-41.9453239440918
-1009.3358764648438,-40.57034683227539
-1008.6320190429688,-39.2103157043457
-1007.8831787109375,-37.86593246459961
-1007.1087036132812,-36.57443618774414
-1006.291015625,-35.30149841308594
-1005.4320678710938,-34.04725646972656
-1004.5326538085938,-32.81248092651367
-1003.5930786132812,-31.59867286682129
-1002.6399536132812,-30.439462661743164
-1001.6505126953125,-29.302265167236328
-1000.6273803710938,-28.18688201904297
-999.572265625,-27.093050003051758
-998.4857788085938,-26.02231788635254
-997.3685913085938,-24.97274398803711
-996.2229614257812,-23.946613311767578
-995.080810546875,-22.9695987701416
-993.9117431640625,-22.014982223510742
-992.7172241210938,-21.083690643310547
-991.4962158203125,-20.175003051757812
-990.25048828125,-19.291404724121094
-988.97900390625,-18.43191909790039
-987.6835327148438,-17.597593307495117
-986.4005737304688,-16.811481475830078
-985.0958251953125,-16.0504150390625
-983.77099609375,-15.316611289978027
-982.42578125,-14.607959747314453
-981.0624389648438,-13.925536155700684
-979.6810302734375,-13.268026351928711
-978.283935546875,-12.634730339050293
-976.8709716796875,-12.023323059082031
-975.4447021484375,-11.435537338256836
-974.0453491210938,-10.887059211730957
-972.6342163085938,-10.361639976501465
-971.2110595703125,-9.859524726867676
-969.7758178710938,-9.381250381469727
-968.3294677734375,-8.924478530883789
-966.8729858398438,-8.490249633789062
-965.4057006835938,-8.077256202697754
-963.9280395507812,-7.6859917640686035
-962.4395751953125,-7.315640926361084
-960.9425048828125,-6.968173503875732
-959.4346923828125,-6.6419782638549805
-957.9632568359375,-6.345250606536865
-956.4828491210938,-6.068271160125732
-954.9949951171875,-5.811006546020508
-953.4990234375,-5.574596405029297
-951.9950561523438,-5.3564229011535645
-950.4823608398438,-5.155144214630127
-948.9618530273438,-4.969132900238037
-947.4329223632812,-4.796616077423096
-945.8955688476562,-4.634119033813477
-944.3974609375,-4.488622665405273
-942.8916015625,-4.35440731048584
-941.3783569335938,-4.231321334838867
-939.8578491210938,-4.118939399719238
-938.3312377929688,-4.0166215896606445
-936.7974853515625,-3.9243667125701904
-935.2591552734375,-3.838836908340454
-933.7164306640625,-3.7599620819091797
-932.1701049804688,-3.688321113586426
-930.6234741210938,-3.6247315406799316
-929.1193237304688,-3.5711028575897217
-927.612060546875,-3.526474714279175
-926.102294921875,-3.493532180786133
-924.5845947265625,-3.468386650085449
-923.0681762695312,-3.453693151473999
-921.5440063476562,-3.4486937522888184
-920.0162353515625,-3.450981855392456
-918.4847412109375,-3.4620485305786133
-916.9459228515625,-3.479811429977417
-915.4051513671875,-3.503498077392578
-913.8562622070312,-3.533740520477295
-912.3524169921875,-3.5656306743621826
-910.846923828125,-3.6023905277252197
-909.333740234375,-3.6425304412841797
-907.81689453125,-3.6846611499786377
-906.29541015625,-3.7303295135498047
-904.766357421875,-3.7782864570617676
-903.2321166992188,-3.8304617404937744
-901.6905517578125,-3.888010263442993
-900.1420288085938,-3.950317621231079
-898.6385498046875,-4.015512943267822
-897.1279296875,-4.083581447601318
-895.6097412109375,-4.152339458465576
-894.084228515625,-4.2225189208984375
-892.5518798828125,-4.293908596038818
-891.011474609375,-4.3642191886901855
-889.46435546875,-4.433420658111572
-887.9635620117188,-4.4979143142700195
-886.456298828125,-4.560694217681885
-884.9424438476562,-4.621147155761719
-883.4212646484375,-4.6787848472595215
-881.8948364257812,-4.734368801116943
-880.361328125,-4.786881446838379
-878.8214721679688,-4.83638858795166
-877.2750854492188,-4.882586479187012
-875.7239379882812,-4.925970554351807
-874.222900390625,-4.964704990386963
-872.7169799804688,-5.000382423400879
-871.2064208984375,-5.032141208648682
-869.6915893554688,-5.060240268707275
-868.172607421875,-5.084295749664307
-866.6495971679688,-5.104405403137207
-865.1224365234375,-5.120131015777588
-863.5916137695312,-5.1314167976379395
-862.0562744140625,-5.137990951538086
-860.51708984375,-5.139686584472656
-858.9738159179688,-5.136168003082275
-857.4263916015625,-5.127419471740723
-855.8750610351562,-5.113620758056641
-854.3200073242188,-5.095982074737549
-852.81884765625,-5.076355934143066
-851.3146362304688,-5.054722785949707
-849.8072509765625,-5.031383991241455
-848.296142578125,-5.007452964782715
-846.7821655273438,-4.984188079833984
-845.2647705078125,-4.96169376373291
-843.7442016601562,-4.940215110778809
-842.2205200195312,-4.919896125793457
-840.6927490234375,-4.900528430938721
-839.1627197265625,-4.882687091827393
-837.628662109375,-4.866560935974121
-836.0914306640625,-4.852602958679199
-834.5488891601562,-4.839838027954102
-833.0025634765625,-4.828178405761719
-831.453125,-4.818234443664551
-829.8984985351562,-4.808960437774658
-828.3402709960938,-4.8005805015563965
-826.8378295898438,-4.793105602264404
-825.3317260742188,-4.787160396575928
-823.8213500976562,-4.780963897705078
-822.3081665039062,-4.775122165679932
-820.79052734375,-4.768335819244385
-819.2689208984375,-4.760557651519775
-817.7440185546875,-4.751220226287842
-816.2142944335938,-4.74088191986084
-814.681884765625,-4.731348037719727
-813.14501953125,-4.723095893859863
-811.604736328125,-4.715437412261963
-810.0603637695312,-4.708078861236572
-808.5135498046875,-4.700085639953613
-806.963134765625,-4.6919379234313965
-805.4098510742188,-4.6834516525268555
-803.8536376953125,-4.674511432647705
-802.294921875,-4.665531635284424
-800.7329711914062,-4.656093120574951
-799.2708129882812,-4.64753532409668
-797.8152465820312,-4.639193058013916
-796.3638305664062,-4.631017684936523
-794.9119262695312,-4.62293815612793
-793.4558715820312,-4.614899158477783
-792.0000610351562,-4.60689640045166
-790.542236328125,-4.598878383636475
-789.0818481445312,-4.59080171585083
-787.6194458007812,-4.582609176635742
-786.1522216796875,-4.574222087860107
-784.6851196289062,-4.565598487854004
-783.2158813476562,-4.556654453277588
-781.7426147460938,-4.5473127365112305
-780.2708129882812,-4.537548065185547
-778.7976684570312,-4.527312278747559
-777.3206176757812,-4.516570091247559
-775.8410034179688,-4.50532865524292
-774.3593139648438,-4.493605613708496
-772.8697509765625,-4.481403827667236
-771.3658447265625,-4.4687299728393555
-769.8462524414062,-4.455631256103516
-768.31103515625,-4.442172527313232
-766.7584838867188,-4.42842435836792
-765.1905517578125,-4.414485454559326
