left_border_x,left_border_y,right_border_x,right_border_y,pos_x,pos_y
231.67312173604327,-387.0246844579329,241.09049311473353,-373.9045998348531,233.3350067138672,-384.7093811035156
230.37807350986665,-386.08964967207834,239.79088536775004,-372.9662935034362,232.03623962402344,-383.77783203125
229.08967665231032,-385.16013103326674,238.49748674958124,-372.03318846938043,230.74404907226562,-382.85174560546875
227.81364007106785,-384.23968571200146,237.21999091224671,-371.1116971587054,229.46484375,-381.9351806640625
226.55387366369223,-383.33111447574794,235.95873617957778,-370.20205964837714,228.201904296875,-381.0304870605469
225.31009546276965,-382.4338949952284,234.7156623580011,-369.3053447713025,226.95533752441406,-380.1374206542969
224.07991196617084,-381.5463515226821,233.48592738814412,-368.4181235241434,225.72232055664062,-379.2539978027344
222.859178248373,-380.66530879584064,232.2671062330041,-367.5384510135325,224.49900817871094,-378.37725830078125
221.64374063480216,-379.78764487659276,231.05463352058598,-366.6629125252931,223.2811737060547,-377.5040283203125
220.43075469488664,-378.91161315902747,229.8425432979912,-365.7875231147075,222.0654296875,-376.6321716308594
219.21754040995492,-378.03515653197235,228.63119228866907,-364.9124026209876,220.84962463378906,-375.760009765625
218.00042430401194,-377.162005700275,227.41442128328907,-364.03949935521865,219.632568359375,-374.88690185546875
216.78172440349985,-376.2876231289204,226.19640053343412,-363.165604028556,218.4139862060547,-374.0126037597656
215.56184238643377,-375.41253881127585,225.00462336239266,-362.2491460626493,217.1939239501953,-373.13739013671875
214.34070348259465,-374.5366327460006,223.78291584421683,-361.3728321195647,215.97268676757812,-372.26141357421875
213.11879172044425,-373.6603931136774,222.55943345700425,-360.49546604147355,214.75050354003906,-371.3849792480469
211.89606966511678,-372.78374233160287,221.3355030356215,-359.6179488174114,213.52757263183594,-370.5081787109375
210.70192850673826,-371.8663057822812,220.110485760296,-358.7398984288069,212.3040008544922,-369.63116455078125
209.47814754178592,-370.98934770166176,218.88524497230483,-357.86189412011964,211.07997131347656,-368.7540283203125
208.25400094972818,-370.1122961661154,217.6890244582256,-356.94334175304965,209.85562133789062,-367.8768310546875
207.02976557706822,-369.2352506945844,216.4642937451968,-356.0659414042651,208.6313018798828,-366.9997253417969
205.80612013243726,-368.3586679382068,215.24036316203694,-355.18915437855884,207.40760803222656,-366.12310791015625
204.58397521596675,-367.48307820252256,214.01880155324415,-354.3139825264817,206.18556213378906,-365.2475891113281
203.36496047278024,-366.60946219860506,212.80170594541895,-353.4417416736268,204.9668731689453,-364.37420654296875
202.15182114409262,-365.73973969407507,211.59084070643945,-352.573649209769,203.75411987304688,-363.5047607421875
198.55430490222676,-363.0946945258701,208.00385909923105,-349.9361626114825,200.1292266845703,-360.901611328125
197.3309477297907,-362.21468035669295,206.79102462625545,-349.06371150352277,198.90762329101562,-360.0228576660156
196.10817333307742,-361.3345967744467,205.57170570044752,-348.1861142842193,197.6854248046875,-359.1431884765625
194.8849985419609,-360.45382429884717,204.3513675048822,-347.3073838938585,196.4627227783203,-358.26275634765625
193.6612258698886,-359.57226965360155,203.1300819456483,-346.42762050344817,195.23936462402344,-357.3815002441406
192.4370235296706,-358.6899867740146,201.90883901542716,-345.54746996528036,194.01565551757812,-356.49957275390625
191.2124892136627,-357.80695800014473,200.68788267467824,-344.66702057932633,192.79171752929688,-355.6169738769531
189.98796276169816,-356.9235124267716,199.46633769582266,-343.78572550232195,191.56768798828125,-354.73388671875
188.7632722383467,-356.03967175032994,198.2435989111844,-342.90329314584534,190.34332275390625,-353.85028076171875
187.53817802492102,-355.15538680585513,197.0195826763064,-342.01978622952953,189.118408203125,-352.96612548828125
186.3126202983593,-354.2706094069559,195.79513742516332,-341.13581189789824,187.89303588867188,-352.08148193359375
185.08649376873262,-353.38538978605345,194.5692332086152,-340.2507527762471,186.6669464111328,-351.1962890625
183.8597575128418,-352.4997899648342,193.34207464326892,-339.3648480729914,185.4401397705078,-350.3106384277344
182.63247292724412,-351.6138551590781,192.11436182800472,-338.4786041322529,184.21278381347656,-349.4246520996094
181.4047726716025,-350.72784723785287,190.88506525067996,-337.59144402848204,182.9848175048828,-348.5384521484375
180.1763301140479,-349.8411576053154,189.65764913475593,-336.70549522035594,181.7565460205078,-347.6518859863281
178.94780684074658,-348.9545985246447,188.42779845694534,-335.81797812132635,180.52780151367188,-346.7651672363281
177.71850997073932,-348.0672961533087,187.19980160904316,-334.93161400377767,179.29872131347656,-345.8780212402344
176.48894901799517,-347.17967923572763,185.9711110136006,-334.044625351058,178.06930541992188,-344.9905090332031
175.2588764801976,-346.2916012637519,184.7416824444244,-333.1570122824056,176.83934020996094,-344.1025085449219
174.02848786492154,-345.403298372619,183.51127078441928,-332.2686927536535,175.60894775390625,-343.2142028808594
172.79849298576508,-344.516180311612,182.27495366057065,-331.37701253952906,174.37789916992188,-342.3263244628906
171.5681537820859,-343.63042263439235,181.0333085863936,-330.4831080342708,173.1456756591797,-341.439208984375
170.336837396392,-342.7458273719068,179.78885898805737,-329.5890677216445,171.91217041015625,-340.55303955078125
169.1041295531443,-341.86201556680254,178.5727188708874,-328.6556018827446,170.6773681640625,-339.667724609375
167.869816559973,-340.9784945145119,177.32820628545696,-327.7647739989489,169.4413604736328,-338.7829895019531
166.02361320115713,-340.9494400995178,176.08422446300625,-326.8755216670015,168.20437622070312,-337.89874267578125
154.56053375524993,-354.390558627573,174.8400464488031,-325.9871972263821,166.96646118164062,-337.014892578125
153.5621501742881,-353.1871195401855,173.59607860363252,-325.0999033789511,165.7276611328125,-336.13128662109375
152.5651698680318,-351.9858474759594,172.3493891462712,-324.2118473353541,164.48789978027344,-335.2481689453125
161.7107240580043,-336.52424710958746,171.13332944702117,-323.28498498913524,163.24732971191406,-334.365234375
160.4705089567736,-335.6427173566544,169.88494928520842,-322.397647816878,162.0057830810547,-333.4827575683594
159.22953120728118,-334.7621395288615,168.6333719142424,-321.5095422826885,160.76307678222656,-332.6009521484375
157.9874939984936,-333.8824151602386,167.3799334587362,-320.6217351325459,159.51918029785156,-331.71990966796875
156.7732866074185,-332.96295166478234,166.15278177876027,-319.69311248374606,158.2740020751953,-330.83978271484375
155.52879055992182,-332.0850462383747,164.8959158738376,-318.80647233478135,157.02752685546875,-329.9604797363281
154.2832829587544,-331.208226210821,163.63758953691533,-317.92061882643594,155.77996826171875,-329.08221435546875
153.06546165826273,-330.2914612677715,162.40755726143144,-316.9952656069945,154.5314483642578,-328.2049865722656
151.8177625093829,-329.41625172592165,161.14957148233034,-316.11283447316936,153.28213500976562,-327.3286437988281
150.56926249956652,-328.5418041362992,159.9202941224329,-315.190800937861,152.0321502685547,-326.4531555175781
149.34856284781088,-327.6268706085982,158.6631355993347,-314.31137919770396,150.7815704345703,-325.5783386230469
148.0986337023239,-326.7534467382902,157.4064974085106,-313.43326467181373,149.53060913085938,-324.7041931152344
146.87712769368142,-325.8396702407611,156.1793781903822,-312.51556725023005,148.2796173095703,-323.830810546875
145.62725671637523,-324.9681073247238,154.92207302505895,-311.6388172238416,147.02862548828125,-322.9584655761719
144.40607168968157,-324.0564568882762,153.69467568428212,-310.72283666023014,145.77792358398438,-322.0871887207031
143.15665529759428,-323.18697051569313,152.43882821082008,-309.84887250423566,144.52755737304688,-321.217041015625
141.93634324676856,-322.2779201688414,151.21061419684233,-308.9343262508781,143.2775421142578,-320.3482360839844
140.687829891195,-321.41113160159466,149.98360643667314,-308.0215965714698,142.02801513671875,-319.4807434082031
139.4684820567711,-320.50447054639164,148.73034401174812,-307.15226019834597,140.77938842773438,-318.6146240234375
138.22194468752346,-319.64048502669306,147.5073382478173,-306.2437472107425,139.5321502685547,-317.7501525878906
137.00592216197958,-318.7374080513177,146.25852358341854,-305.37877852819236,138.28704833984375,-316.88775634765625
135.76416317909627,-317.87784384326255,145.04146656510406,-304.47550198315116,137.04476928710938,-316.02783203125
134.55463878629507,-316.980316750927,143.79958544134868,-303.61638825314003,135.80625915527344,-315.1710510253906
133.34917555397868,-316.0861268614714,142.5902552733104,-302.7195238181277,134.57183837890625,-314.317626953125
132.05460588666355,-315.1917636111922,141.31959858118242,-301.7809078828368,133.27667236328125,-313.4228515625
130.79289364980065,-314.2600668435223,140.0242845337955,-300.88677026441036,131.98587036132812,-312.5318298339844
129.53540170150052,-313.3319957997307,138.76177184323413,-299.9552345772846,130.6993408203125,-311.64447021484375
128.25370103433744,-312.4485903772634,137.50403588142373,-299.02761940799456,129.41708374023438,-310.76068115234375
127.00451010433729,-311.52710029604225,136.22480548868043,-298.1461510137835,128.13931274414062,-309.8802185058594
125.73128338378639,-310.64972219675525,134.98028302820265,-297.2278308991402,126.86612701416016,-309.00286865234375
124.49103804330375,-309.7340377471892,133.74227571162191,-296.313688653214,125.5977783203125,-308.1285400390625
123.2555135554007,-308.82114175374477,132.48171540741595,-295.4442637341158,124.33426666259766,-307.257080078125
121.99641008539713,-307.95223985390487,131.2544830169882,-294.53660488698387,123.07556915283203,-306.3884582519531
120.77058631378797,-307.04518771120075,130.03131293616445,-293.6313841428461,121.82164764404297,-305.52276611328125
119.54937853792588,-306.1408136945235,128.78538397904646,-292.7707020586771,120.57244110107422,-304.6598205566406
118.30448331020231,-305.2801176673275,127.57422069019299,-291.87253919754926,119.32813262939453,-303.7995300292969
117.09273491332257,-304.3805191716716,126.37002474916666,-290.97816517726204,118.08876037597656,-302.9416198730469
115.85723992677144,-303.5236857055042,125.14631185280255,-290.12949509753,116.85453033447266,-302.0856628417969
114.59406223008487,-302.584662847313,123.89812998394005,-289.20088422190764,115.56442260742188,-301.1888122558594
112.67904133083981,-302.59051063136826,122.63014996849782,-288.3168743377125,114.28036499023438,-300.2936096191406
111.36934581492287,-301.7359163720604,121.3962617980526,-287.39324492440426,113.0022964477539,-299.4001159667969
110.09446829826882,-300.8426524861723,120.13650404768885,-286.510563092245,111.7298812866211,-298.5085754394531
108.8261043463862,-299.9530418081291,118.87502664155585,-285.6257800636855,110.46263885498047,-297.6197509765625
107.59189952084694,-299.02580950876035,117.644680470973,-284.70125465000103,109.2003402709961,-296.73388671875
106.33381226780277,-298.14229430024375,116.39121914320454,-283.8209869690172,107.9429931640625,-295.85089111328125
105.08045866822054,-297.26125219890076,115.17313149537725,-282.90361512731386,106.69068145751953,-294.9705810546875
103.8607735692645,-296.3417131844021,113.93272298539718,-282.0306293667329,105.4435043334961,-294.09283447265625
102.61678956289616,-295.464437358174,112.70240465991596,-281.16298102700773,104.20166778564453,-293.2170715332031
101.37797898344047,-294.58871500041096,111.5085936143542,-280.2578237984005,102.96539306640625,-292.3431396484375
100.14453753133782,-293.71470134512697,110.29129946322954,-279.39523844523245,101.73448181152344,-291.4709167480469
98.94390827471814,-292.8004941448356,109.07847204975671,-278.5336826400938,100.50752258300781,-290.5993347167969
97.7174438901932,-291.9269468449307,107.86991544584811,-277.67287322600424,99.28382110595703,-289.7277526855469
96.43653338284427,-291.0128657760523,106.63098024706571,-276.7273116410172,98.0049057006836,-288.8150939941406
95.15847379447042,-290.09950635544766,105.3626319222242,-275.8208873495266,96.72834014892578,-287.9028015136719
93.8835200277179,-289.1879125578106,104.09103746875034,-274.91169486881915,95.45390319824219,-286.9915771484375
92.61138198422269,-288.27868799504347,102.81625510556394,-274.0005799834833,94.18135833740234,-286.0820617675781
91.34147011330211,-287.3717815081496,101.54093227715524,-273.08980771666745,92.91061401367188,-285.174560546875
90.07369779553355,-286.4673235978128,100.2662892597509,-272.1804455953934,91.64178466796875,-284.26934814453125
88.80805053686285,-285.5653364264155,98.9934967771824,-271.2733635500764,90.37503814697266,-283.3665771484375
87.57342697499551,-284.62492877749946,97.75235856999832,-270.3283150607756,89.11041259765625,-282.4661865234375
86.31180932796546,-283.72744732038234,96.48496813780102,-269.4267252403324,87.8479232788086,-281.5680847167969
85.05209529497216,-282.8321694014977,95.21884920318254,-268.52689320175756,86.58724212646484,-280.672119140625
83.7938710752842,-281.9385588406512,93.95602526526227,-267.63001473581386,85.32832336425781,-279.77801513671875
82.53775447813887,-281.0472208875158,92.72296844652068,-266.6937286625718,84.07131958007812,-278.88604736328125
81.28330644902516,-280.1578122660842,91.46284589620497,-265.8002950964424,82.8160171508789,-277.99603271484375
80.03017680983217,-279.2699148957133,90.20531843784225,-264.9092806658757,81.56222534179688,-277.107666015625
78.80680496923748,-278.34195437423523,88.95204276092863,-264.02141071487944,80.30979919433594,-276.22039794921875
77.55557872986476,-277.45555849755505,87.72955127638797,-263.0940957013009,79.05854797363281,-275.333984375
76.27644616123737,-276.61054870226985,86.48023958149766,-262.2089365369485,77.80845642089844,-274.4482727050781
74.88264403955718,-275.9291166726704,85.23321293740317,-261.32510808043884,76.5595474243164,-273.5631103515625
73.51855225320779,-275.2068915703128,83.98922257795915,-260.44286723656097,75.3118667602539,-272.6782531738281
72.09802086776632,-274.56672528311424,82.77525277231751,-259.5201112769646,74.06563568115234,-271.7939147949219
70.67782038025237,-273.9256672372132,81.53785592031164,-258.6409194840441,72.82086181640625,-270.90948486328125
69.22994179550875,-273.32507743905364,80.30267905418052,-257.76211215195156,71.57781982421875,-270.02508544921875
67.78244576765056,-272.72306539239355,79.0724261380622,-256.8851261408744,70.33647155761719,-269.14019775390625
66.39320582842517,-272.03729366166465,77.84950065217078,-256.0109140966016,69.09735107421875,-268.2544250488281
65.00465828885883,-271.34904205749297,76.63202153821842,-255.137672145418,67.8604965209961,-267.3673095703125
63.616832680131175,-270.6579096147259,75.41952909855632,-254.26467911328126,66.62593078613281,-266.47845458984375
62.0835102780008,-270.16656721821136,74.20961497845471,-253.39011486396547,65.3932876586914,-265.5874938964844
60.54922790884665,-269.67054919895213,73.00440320442166,-252.51506900300572,64.16239929199219,-264.69384765625
59.012225208383214,-269.1675175438282,71.80774815698722,-251.64134818826668,62.93342971801758,-263.7966003417969
57.471874911021665,-268.6557851089582,70.62096336583512,-250.76881711990725,61.706825256347656,-262.8948974609375
55.89783774839522,-268.17371170938276,69.41566683690206,-249.93746804989433,60.483177185058594,-261.98785400390625
54.31867375428471,-267.6785650634232,68.2533178741604,-249.06699252703527,59.263221740722656,-261.074462890625
52.735560488521784,-267.169974157004,67.07165691689906,-248.23478413227926,58.04745864868164,-260.15399169921875
51.118861739978456,-266.68721703217,65.89912309037368,-247.3989662495653,56.836326599121094,-259.2259216308594
49.499381857197115,-266.1901408892035,64.73455423506223,-246.55815339853834,55.63023376464844,-258.2899475097656
47.8480311666275,-265.71922619434093,63.57466379995648,-245.70976285818264,54.429115295410156,-257.3459167480469
46.192304247235434,-265.2315343315514,62.424017203453396,-244.85661632551464,53.233314514160156,-256.3932800292969
44.504164696793005,-264.76844897677523,61.24654371462,-244.0339672657846,52.042945861816406,-255.43209838867188
42.78019176359833,-264.32642898187294,60.07688791231264,-243.2049231224026,50.85831832885742,-254.4619903564453
41.0526377208861,-263.8666509820796,58.91378729292846,-242.3681447484553,49.67966842651367,-253.48275756835938
39.289752124360525,-263.42722785974905,57.75687341685756,-241.5230703315131,48.507198333740234,-252.4942626953125
37.491955310832836,-263.00823686134936,56.60495885856004,-240.66864064646904,47.34100341796875,-251.4965057373047
35.65748573435249,-262.60770440341656,55.426364112075,-239.8432895696994,46.181217193603516,-250.4893341064453
33.81810576085221,-262.1863310418906,54.25431613293071,-239.00929128475082,45.028255462646484,-249.47271728515625
31.942936067513845,-261.78329973970966,53.08702880334124,-238.16507894651738,43.8823356628418,-248.44683837890625
30.031032286919608,-261.39750424208876,51.92476991825887,-237.31081053526268,42.74351119995117,-247.4116973876953
28.084162041304246,-261.0306515104041,50.765963228064074,-236.44530215398137,41.611854553222656,-246.36766052246094
26.098885969128002,-260.6792704412953,49.578474090152554,-235.6067501985725,40.48737335205078,-245.3146209716797
24.48275703761713,-259.9018160475515,48.39984997458573,-234.76097560838616,39.37060546875,-244.25221252441406
23.11249475304659,-258.85666816997815,47.22608104235445,-233.9042357420287,38.26163864135742,-243.18052673339844
21.78021148450823,-257.7593990695203,46.05994614971227,-233.03864458166524,37.16085433959961,-242.09938049316406
20.452503645561926,-256.6466030346452,44.86586029390047,-232.1989239082601,36.068546295166016,-241.00860595703125
19.13337403479444,-255.52223054345725,43.67633029184429,-231.3469523317932,34.98474884033203,-239.9083251953125
28.30762871959013,-244.22611729664044,42.49233460161231,-230.48354972294413,33.90968704223633,-238.79867553710938
28.390350082168723,-241.9208869114844,41.27998743503366,-229.64496022225316,32.843788146972656,-237.6794891357422
27.187989705074713,-240.8564392965762,40.10897759282258,-228.75936612427648,31.7869815826416,-236.5507049560547
25.920271982321815,-239.84874565176312,38.90602396279582,-227.89492438106012,30.739343643188477,-235.41262817382812
24.62237397862038,-238.86225220482174,37.707880387333105,-227.01771255577526,29.700881958007812,-234.26536560058594
23.29171555623968,-237.89297371894534,36.892143926508425,-225.798778574802,28.672101974487305,-233.10845947265625
21.96661401542005,-236.90817980196545,35.825622107461626,-224.8049098266436,27.653324127197266,-231.94189453125
20.610095560331246,-235.94143678265735,34.72859448624663,-223.83237903932118,26.64461326599121,-230.7657928466797
19.25905339075763,-234.95857301682616,33.63938525896714,-222.84876751530155,25.646060943603516,-229.58001708984375
17.87426484022244,-233.98963500074774,32.559972369135366,-221.85563803465158,24.658212661743164,-228.38442993164062
16.535288479791973,-232.97419793424768,29.661412367226873,-222.3292072896023,23.680871963500977,-227.17929077148438
15.15863122378255,-231.96515231796414,28.431823345893644,-221.4235284245024,22.715347290039062,-225.9635772705078
13.791234658236103,-230.94184779514762,27.20613876932051,-220.4995625836131,21.761268615722656,-224.73789978027344
12.389115318216895,-229.92813915283205,25.98838372972213,-219.56132237096548,20.819074630737305,-223.50192260742188
10.99247968158195,-228.89325982419444,24.738339461004863,-218.63778129402414,19.88922119140625,-222.25559997558594
9.602338409452871,-227.83786304283174,23.535474016540118,-217.66774740385924,18.971872329711914,-220.9988250732422
8.220371352066424,-226.7642911163887,22.33907780824632,-216.68035998266996,18.066852569580078,-219.731689453125
6.802364549611376,-225.69504287904405,21.15202944161331,-215.67814787093837,17.175128936767578,-218.45425415039062
5.34654090629447,-224.62497655346237,19.975477354393075,-214.66077434110272,16.297588348388672,-217.1658935546875
3.8533307649796544,-223.55220807800254,18.85113607718217,-213.59896724319478,15.434977531433105,-215.8660888671875
2.3732653684166785,-222.463975884527,17.734258594350017,-212.5175610475885,14.586522102355957,-214.55575561523438
0.9027762544249001,-221.3555055069106,16.668403820165416,-211.39212776073194,13.751981735229492,-213.23521423339844
-0.6144209229736362,-220.22531381281485,15.617859903677026,-210.25450087351334,12.933789253234863,-211.90321350097656
-2.1617117639952177,-219.10019181140976,14.578017517691494,-209.09855925655557,12.131446838378906,-210.56033325195312
-3.701945907182129,-217.94376058500595,13.637066375632312,-207.87589459701968,11.345379829406738,-209.20655822753906
-5.317462634342689,-216.8135305360519,12.665418861666323,-206.66273042474188,10.575400352478027,-207.8424835205078
-6.927004453321846,-215.64837810718248,11.795160340950563,-205.3866639885934,9.822098731994629,-206.46810913085938
-8.620349079723688,-214.48910054213894,11.29439471100126,-203.91060672855508,9.08655071258545,-205.08338928222656
-10.340630593679872,-213.33852521474117,11.033544715925078,-202.31376392570382,8.367324829101562,-203.68899536132812
-12.196484610946175,-212.1996848596668,10.260851909029075,-200.98918465811454,7.666175365447998,-202.284423828125
-14.933011553399929,-211.48569338030188,9.681195700905738,-199.56266793006753,6.98127555847168,-200.87049865722656
-17.456216472174038,-210.70642269112417,9.10241455180709,-198.21423493580932,6.342479228973389,-199.5124053955078
-20.070885050786863,-209.91934845565223,8.129386189939929,-197.04551696844115,5.71870756149292,-198.14602661132812
-23.145465138338256,-209.27780785299757,7.762339441796723,-195.59807916254096,5.110473155975342,-196.77178955078125
-27.697182774315813,-209.19774834442762,7.275381496323979,-194.2076451448706,4.518001079559326,-195.3895263671875
-69.04300536175704,-224.23529000997996,6.575010786553781,-192.90839895643995,3.9420156478881836,-193.9991912841797
-66.3440769354164,-220.49709929057767,5.982480707741109,-191.56137372273906,3.382810592651367,-192.60142517089844
-63.720294894480844,-216.89607130435107,5.3123433992312385,-190.24164776853564,2.840221643447876,-191.1961669921875
-61.1816790763588,-213.41028595848312,4.235939189210037,-189.06875467347152,2.314635992050171,-189.78366088867188
-58.7031021283247,-210.11867877187257,3.686476638936952,-187.68788034252296,1.8044196367263794,-188.36453247070312
-57.63913246748804,-207.40175665422976,3.29370055387968,-186.25101586550002,1.3098211288452148,-186.9396514892578
-59.54775160246472,-205.81388021842884,2.9613380336177437,-184.79185320770642,0.8287094235420227,-185.50906372070312
-61.38047166930453,-204.23655167645612,2.6412450993345193,-183.32826561068953,0.35982707142829895,-184.07333374023438
-95.2920020936082,-212.76710744034895,2.334801719818244,-181.86285428651374,-0.09629788994789124,-182.63243103027344
-92.91233200926418,-209.45185153954384,2.090830376613998,-180.38161307749976,-0.5388138890266418,-181.18626403808594
-90.54138976404693,-206.1980999769974,1.8615415209384532,-178.89915348972946,-0.9675751328468323,-179.73497009277344
-88.25796110677297,-203.10096648899523,1.6451438814814376,-177.41337622177795,-1.383646011352539,-178.27877807617188
-85.9908481098416,-200.05187944000812,1.4426073055303967,-175.92693185663617,-1.7867151498794556,-176.81797790527344
-83.82838901201104,-197.11101145073047,1.2531274367365608,-174.43865491291004,-2.1771655082702637,-175.35275268554688
-81.6895076916784,-194.19536115850855,1.0777502097083347,-172.95038321854432,-2.5544981956481934,-173.88272094726562
-79.56688544090119,-191.33367164522667,0.916275016733898,-171.46141375769523,-2.918555498123169,-172.4082794189453
-77.55003109720016,-188.58802971862784,0.767413729930909,-169.96983839276456,-3.270064353942871,-170.92965698242188
-75.55867983768023,-185.86605219311232,0.6812083114953111,-168.46765538754045,-3.6085081100463867,-169.44659423828125
-73.58368082954377,-183.21058693597075,0.5593758945201266,-166.97546151663371,-3.934156894683838,-167.95941162109375
-71.72083009780906,-180.661203036316,0.44952614522521284,-165.4808089114617,-4.247688293457031,-166.4688262939453
-69.87771654366705,-178.18093526536293,0.3512159833504027,-163.98433844564448,-4.549654006958008,-164.97503662109375
-68.10620466495388,-175.7734934913488,0.2639344630304432,-162.48613375806895,-4.84056282043457,-163.47816467285156
-66.40918729203324,-173.43162203140548,0.1873228242220799,-160.9866418835608,-5.120792865753174,-161.97857666015625
-64.7915615528052,-171.13143845936045,0.12175154029757085,-159.48751361528485,-5.3902764320373535,-160.4762420654297
-63.20732545443534,-168.84345074551848,0.06810052898588914,-157.99064936225207,-5.648428440093994,-158.97113037109375
-61.601255721771835,-166.5969360219939,0.025317087947762218,-156.49264138527764,-5.895629405975342,-157.46343994140625
-60.07437885475459,-164.39884676419115,-0.006686646353020187,-154.9942464482455,-6.132070541381836,-155.95327758789062
-58.529162002102716,-162.2294813097627,-0.02798674421525771,-153.49596172044116,-6.357845306396484,-154.44093322753906
-57.064943317547055,-160.10478973620667,-0.03880767506006588,-151.99775714375374,-6.573114395141602,-152.92669677734375
-55.58391955649005,-158.00583938440184,-0.039200221740625985,-150.5001508545568,-6.7779622077941895,-151.41075134277344
-54.13368175429367,-155.96468556384156,-0.030662029279851843,-148.9991454629385,-6.973367691040039,-149.8929901123047
-52.818150614452136,-153.96237252136441,-0.012624348385415374,-147.49915745367406,-7.159300804138184,-148.37388610839844
-51.58591766189244,-152.01894402840668,0.013302226187927424,-145.9953940457809,-7.336795330047607,-146.85342407226562
-50.44305986507278,-150.07869075704104,0.04892263508853745,-144.49631641853145,-7.50506067276001,-145.33148193359375
-49.386906699274796,-148.16500592258336,0.1434655877535338,-142.99314549694088,-7.664098262786865,-143.8083953857422
-48.41667017465974,-146.2957446226551,0.19628354042850304,-141.49245519605083,-7.814719200134277,-142.28399658203125
-47.486646047629,-144.41721537754717,0.30874636183916593,-139.9932944819012,-7.955939769744873,-140.75827026367188
-46.642857655803844,-142.58531232536305,0.3294416760160974,-138.49896671819488,-8.088777542114258,-139.23130798339844
-45.83931965600062,-140.74395687591817,0.35977509766931526,-137.01024154686806,-8.21229076385498,-137.70301818847656
-45.073748262934714,-138.92253219041447,0.3490760378033304,-135.52462916908976,-8.326698303222656,-136.1736297607422
-44.34722002323841,-137.09892447959578,0.3481790467167425,-134.04292998813997,-8.4313383102417,-134.64321899414062
-43.658585258195025,-135.28878349709822,-0.1921688810544424,-132.5957404589825,-8.526202201843262,-133.11209106445312
-43.00809026354901,-133.4859900805261,-0.12409913582681753,-131.10976295399772,-8.61109447479248,-131.5800323486328
-42.39557573482949,-131.68380465968787,0.004275013832350183,-129.62540631465205,-8.685505867004395,-130.04727172851562
-41.82049751227556,-129.89478195605759,0.19268913561954193,-128.14047858520524,-8.749534606933594,-128.5138702392578
-41.282862379177175,-128.0956966243378,0.3423895645223194,-126.66572397141078,-8.80223274230957,-126.97987365722656
-40.78182875111731,-126.30784894224284,0.5529171278465075,-125.19156357924817,-8.843674659729004,-125.44532775878906
-40.26739022654736,-124.52068496810593,0.7246897894894797,-123.72377521631547,-8.873515129089355,-123.91036987304688
-39.78946875361655,-122.74437847090695,0.9074596571630167,-122.25807098781007,-8.891860008239746,-122.37516784667969
-39.29826474837891,-120.97601832538865,1.0511713209935714,-120.79500981372668,-8.898748397827148,-120.83964538574219
-38.84355742089011,-119.20925362770413,1.2560906182289848,-119.33642742911913,-8.893878936767578,-119.30423736572266
-38.42600938721065,-117.45927521896127,1.4216609162259246,-117.87667745672266,-8.877795219421387,-117.76879119873047
-38.04513877724396,-115.70613284033024,1.5982556812918531,-116.42227205556199,-8.850061416625977,-116.23352813720703
-37.65281075190968,-113.98106024781988,1.784863952756469,-114.96183293332528,-8.811882019042969,-114.69830322265625
-37.29793174616089,-112.249258433159,1.9817986239644547,-113.50736317342654,-8.762714385986328,-113.16322326660156
-36.930395141575545,-110.5184854918931,2.1392799703851164,-112.05503051015484,-8.702362060546875,-111.62864685058594
-36.59933424705949,-108.78074868252898,2.3076655611913743,-110.60796329913224,-8.630302429199219,-110.09427642822266
-36.20507856130447,-107.04894840635792,2.537006776240771,-109.1660468705367,-8.546481132507324,-108.56037902832031
-35.85080719531676,-105.34644938869428,2.676683708482061,-107.70951541019576,-8.45242691040039,-107.02691650390625
-35.534918280494615,-103.64240293177129,2.875999472524594,-106.25837689195103,-8.34802532196045,-105.49396514892578
-35.15734641213541,-101.94224882637711,3.085137465375059,-104.81055888358765,-8.233097076416016,-103.96165466308594
-34.86971804503547,-100.2511335944827,3.2540380085885747,-103.35503596031776,-8.108390808105469,-102.42994689941406
-34.67210875025765,-98.5615846008769,3.4320415816993695,-101.8975681092881,-7.974353313446045,-100.8989486694336
-34.466440712893444,-96.88798071186778,3.6186548828648206,-100.43489837465987,-7.831820487976074,-99.36849975585938
-34.25136113066358,-95.21467898855168,3.813361381201453,-98.97394813232009,-7.680746555328369,-97.83879089355469
-14.434341142748702,-95.59039400983805,3.966368756713031,-97.50485098016128,-7.521646499633789,-96.30960845947266
-11.778028979019187,-94.2971570725792,4.176798223602054,-96.04266301479058,-7.354424476623535,-94.78111267089844
-11.60085021480942,-92.74765944178736,4.3452027518357,-94.57158291736037,-7.179678440093994,-93.25335693359375
-11.367401970039928,-91.20669369597137,4.520808251634794,-93.09496523616811,-6.998152256011963,-91.72596740722656
-11.177750053266116,-89.66269490133921,4.752506569597331,-91.61979121718907,-6.810585021972656,-90.19921875
-10.984025831746248,-88.12343590224091,4.940351462043662,-90.12780858835153,-6.618472576141357,-88.67292022705078
-10.78680013703914,-86.58661126021642,5.132650793925338,-88.62974221940922,-6.422597408294678,-87.14672088623047
-10.587406948616348,-85.053272155603,5.279021104673195,-87.11658364140261,-6.224147319793701,-85.62068176269531
-10.436284576514183,-83.51608765327714,5.477528157581709,-85.60267968909184,-6.024051666259766,-84.09461212158203
-10.23467262919149,-81.98672553892338,5.6776801424164685,-84.08442221187168,-5.822844505310059,-82.56832885742188
-10.032855282600238,-80.45901502687953,5.878927103377595,-82.56103390431224,-5.621185302734375,-81.04181671142578
-9.83175717444751,-78.93341235796487,6.08062147761988,-81.0309127019524,-5.419921875,-79.51496124267578
-9.632450445579511,-77.41023776162005,6.281910303616085,-79.49264598390994,-5.220065593719482,-77.98760223388672
-9.435800961548072,-75.88904560646219,6.432176534733589,-77.94040701663468,-5.022527694702148,-76.45957946777344
-9.24202658277856,-74.3683941874362,6.629645045603798,-76.39097500867635,-4.827725887298584,-74.93092346191406
-9.05151142149152,-72.84808945882794,6.824332804838686,-74.83765311926808,-4.636050224304199,-73.40143585205078
-8.864666794775435,-71.32818933054205,7.0157969395250515,-73.28053792677508,-4.447920799255371,-71.87118530273438
-8.681828192024017,-69.80849467342365,7.203618932166782,-71.7198719575265,-4.263696193695068,-70.34009552001953
-8.503494613679642,-68.28918841362501,7.387412045680032,-70.1546317928688,-4.083844184875488,-68.80801391601562
-8.280191819469833,-66.77541076968163,7.566684593653791,-68.58643060414713,-3.9086477756500244,-67.2750015258789
-8.111344672063932,-65.25529163145404,7.741163087821388,-67.01633751853848,-3.7382471561431885,-65.74109649658203
-7.897887213102621,-63.74042067262859,7.960384468218621,-65.4487836829534,-3.5729122161865234,-64.20633697509766
-7.689289506737575,-62.22405888624061,8.124742919821042,-63.87546882309341,-3.4125468730926514,-62.6706657409668
-7.485344605699383,-60.70591140806562,8.28405728805622,-62.302542797363124,-3.2569644451141357,-61.134029388427734
-7.3361338353659935,-59.182314080108746,8.488163846095924,-60.73227513002663,-3.106377124786377,-59.59661102294922
-7.143195681029866,-57.66491604842004,8.637154042583134,-59.14944643899478,-2.961660385131836,-58.058292388916016
-6.957355618457706,-56.14896665606382,8.829560723042682,-57.561956502644755,-2.8238813877105713,-56.51892852783203
-6.7291951541873205,-54.63723976502599,9.014623194807742,-55.96875890659158,-2.6936049461364746,-54.978546142578125
-6.558970484561188,-53.12127194020268,9.191682388065933,-54.369350884240596,-2.57147216796875,-53.43724060058594
-6.397687903304936,-51.60576457785209,9.359962820815062,-52.76214606993291,-2.4582839012145996,-51.894859313964844
-6.195754188101324,-50.09310097562776,9.518738158942838,-51.15046152651401,-2.3544423580169678,-50.351566314697266
-6.052791910674642,-48.57518731224185,14.808164874628822,-49.85246283019208,-2.259897232055664,-48.80741882324219
-5.8693443148276785,-47.0593524512326,14.649671528874794,-48.187884389283084,-2.1749300956726074,-47.262542724609375
-5.744958913600114,-45.53854245259376,14.430947375492291,-46.52549186753363,-2.099320411682129,-45.71687698364258
-5.579628122574386,-44.0183049374409,14.302071732602123,-44.87234304551568,-2.0329010486602783,-44.170658111572266
-5.423137994661184,-42.495978299324996,14.113457992496212,-43.22083431290239,-1.9755122661590576,-42.62389373779297
-5.276011018971255,-40.97285172144216,13.914838660509178,-41.56685311325765,-1.9276165962219238,-41.07649230957031
-5.138468416173034,-39.44861197202585,13.755829945190222,-39.91443282508934,-1.8894575834274292,-39.52871322631836
-5.010673643808665,-37.92298281556878,13.586268192062953,-38.262401953403334,-1.861199975013733,-37.980464935302734
-4.893314196517526,-36.39710376528292,13.40553081637588,-36.60608786915491,-1.8435148000717163,-36.43193435668945
-4.785998513958832,-34.86879097005334,13.263828857922043,-34.95596105754587,-1.8360345363616943,-34.88303756713867
-4.688886201890811,-33.33931541134261,13.061120777035413,-33.30656466257584,-1.8388925790786743,-33.33405685424805
-4.60183906888727,-31.80813499155465,12.897577128637066,-31.66076530908106,-1.851938009262085,-31.784976959228516
-4.575055996627265,-30.27667005155492,12.723002144855885,-30.015065815516845,-1.8753660917282104,-30.235841751098633
-4.508503327982915,-28.743491401776236,12.537485386395945,-28.372025877721164,-1.9091217517852783,-28.686845779418945
-4.502467290067276,-27.211113552514885,12.390629923628882,-26.72690035733924,-1.9535154104232788,-27.138051986694336
-4.45779559257522,-25.677896005143104,12.18141081220912,-25.077502351457866,-2.009390115737915,-25.589550018310547
-4.474818622341914,-24.146601731840295,12.00944528152733,-23.425363642379107,-2.077113628387451,-24.04169464111328
-4.503585610105153,-22.614916815152547,11.87480886512657,-21.772703278352733,-2.1566874980926514,-22.494234085083008
-4.544599791817317,-21.08428612746759,11.676774645718092,-20.119599956331363,-2.2486572265625,-20.94774627685547
-4.597360468867684,-19.552661719091542,11.516414727255304,-18.471067737512897,-2.3524129390716553,-19.401975631713867
-4.712456819499172,-18.026369591119956,11.342054290117835,-16.816510051089125,-2.4688196182250977,-17.857290267944336
-4.789966586780247,-16.496898598867897,11.154665374712447,-15.166565047346085,-2.5975852012634277,-16.31397819519043
-6.971605370434808,-15.16145050930946,11.002476951407475,-13.507351928787429,-2.739490270614624,-14.771982192993164
-7.074046295455122,-13.654269116809717,10.834522768601103,-11.841999441418375,-2.8953897953033447,-13.231407165527344
-5.301285137774311,-11.938308437552566,10.652423635145555,-10.182531126595906,-3.0647895336151123,-11.692172050476074
-5.48251459419279,-10.421246328791462,10.454325440642258,-8.518430709534217,-3.2483837604522705,-10.154497146606445
-5.677196922470847,-8.904475978857242,10.242355034123667,-6.862064884562487,-3.4454896450042725,-8.618157386779785
-5.935676267130601,-7.39804146352832,10.013188043449494,-5.196949325286559,-3.6572728157043457,-7.0836005210876465
-6.158793555575543,-5.886970445103346,9.719243578820524,-3.543574046220375,-3.883441925048828,-5.551157474517822
-8.569119203004934,-4.7177210071591755,9.460596167818746,-1.8905170939018268,-4.1234450340271,-4.020603656768799
-6.695857196216843,-2.8781223668906715,9.136495522559391,-0.2437021918683384,-4.377730369567871,-2.492398262023926
-7.009273437613911,-1.3805881601670567,8.848858449372099,1.3998285530424077,-4.645334243774414,-0.9661171436309814
-7.336147849413125,0.11301088586077185,8.495986012208867,3.0378345993049445,-4.926916122436523,0.5580916404724121
-7.627125118427196,1.6138999234641689,8.178801832453072,4.677187306404248,-5.22188138961792,2.0800511837005615
-7.9801768427483895,3.102891210258108,7.798705315861145,6.302567211771839,-5.530045986175537,3.59973406791687
-10.449468073580583,4.142702847630815,7.404121858067331,7.925961346942432,-5.851565837860107,5.1170196533203125
-10.82423070497321,5.609390012750022,6.997704898861368,9.539062982963543,-6.185653209686279,6.6321797370910645
-9.066759249247323,7.563785449247097,6.577240351583178,11.15109648862766,-6.532535076141357,8.144906044006348
-9.421457078798896,9.052833248107987,6.1433108894351935,12.759450682577341,-6.892188549041748,9.655157089233398
-9.837107680688908,10.528160607302246,5.69694814609889,14.36145118477073,-7.264286041259766,11.163047790527344
-10.264467362463567,12.00120759044091,5.2393065838882045,15.955192020365125,-7.64821195602417,12.668440818786621
-10.702972288171573,13.472304576732904,4.722928837690954,17.52755513538738,-8.043340682983398,14.171483993530273
-11.104241009586246,14.952682233254448,4.242230289037149,19.11162346548341,-8.449983596801758,15.67199420928955
-11.613045564555879,16.403632874095877,3.701839296245957,20.677420424915173,-8.867931365966797,17.169687271118164
-12.084482819769741,17.864328654489377,3.198252660069711,22.251690846135574,-9.297072410583496,18.66453742980957
-12.566882669751562,19.32112943735689,2.634255108249503,23.80987585564567,-9.737655639648438,20.156572341918945
-13.108148033561015,20.75975135389172,2.0585906413872976,25.363386548336738,-10.189634323120117,21.64562225341797
-13.612402910439881,22.209216609254913,1.51958876310157,26.925808543235974,-10.652840614318848,23.131702423095703
-14.175017524034217,23.63952168398355,0.921437121741036,28.468647225125412,-11.12716007232666,24.614484786987305
-14.748069432330588,25.06513521114609,0.312154183567241,30.00609118013089,-11.612509727478027,26.093849182128906
-15.331522048544297,26.48560536289262,-0.30875069497294305,31.539287880705253,-12.108979225158691,27.569673538208008
-15.925427895894213,27.900904622823923,-0.9884810011306939,33.051483208570836,-12.616618156433105,29.041852951049805
-16.52989275204418,29.310725138388065,-1.6329742505367655,34.575955085532534,-13.135665893554688,30.510395050048828
-17.191932557560683,30.69902894825443,-2.2878383168507845,36.0926629821314,-13.665735244750977,31.975122451782227
-17.81698400007414,32.09872728684972,-3.000181816357726,37.58536219499523,-14.206568717956543,33.4356575012207
-18.49894986421605,33.47576003369169,-3.6761380268905395,39.08891642499205,-14.758185386657715,34.89232635498047
-19.19061411517369,34.84594541130902,-4.410442573225527,40.57043639921865,-15.320734977722168,36.344783782958984
-19.89203682014121,36.20985035420708,-5.15491832551503,42.04428317629183,-15.893961906433105,37.79269027709961
-20.603021183664556,37.56642980178225,-5.910662304092632,43.51267722632968,-16.478044509887695,39.235877990722656
-21.32371460411911,38.91619282956075,-6.676910480911074,44.973782850059735,-17.072914123535156,40.67422866821289
-22.100201730769747,40.240400221396,-7.4528416766597445,46.426321317970555,-17.678363800048828,42.107845306396484
-22.83982032858774,41.5763074944897,-8.239607925005561,47.87270123520101,-18.294477462768555,43.536502838134766
-23.634740190786527,42.88580424717787,-9.081549248574307,49.29013167223164,-18.920976638793945,44.96015930175781
-24.43835531747483,44.1863882645085,-9.934351118017545,50.70134325667145,-19.558082580566406,46.37852478027344
-25.250720906084684,45.4776196187904,-10.79802076318204,52.105608374599015,-20.205915451049805,47.791160583496094
-26.072295477960363,46.760711466830585,-11.671659711277776,53.501072427723244,-20.86452293395996,49.19826126098633
-26.947697852388924,48.01214787411744,-12.556822286414427,54.89008254509822,-21.53420639038086,50.599456787109375
-27.787492204441413,49.27796028991513,-13.450428681180016,56.26737331416894,-22.214468002319336,51.99484634399414
-28.680810450710517,50.51280051096468,-14.39850049678587,57.61342775605129,-22.905208587646484,53.384212493896484
-29.53832387493644,51.762538637991554,-15.35450883720147,58.947952150316844,-23.606101989746094,54.767757415771484
-30.40395032441372,53.00282844416783,-16.275672507275136,60.29683573025779,-24.317241668701172,56.14521408081055
-31.234395044257948,54.260047832194495,-17.248474825308698,61.61088418322937,-25.038103103637695,57.516746520996094
-32.07386897976775,55.51190027853752,-18.2279727302392,62.91337983961949,-25.76825523376465,58.88263702392578
-32.92222291498284,56.75953502296214,-19.213022014660062,64.20389776857806,-26.507020950317383,60.24311447143555
-33.77845805701041,58.00191160120336,-20.203949398284145,65.48411877612045,-27.253936767578125,61.59819793701172
-34.64267168606941,59.24029520595626,-21.20016010900102,66.75425393006938,-28.008705139160156,62.948482513427734
-35.16431978292095,60.666000505409876,-22.204902629549018,68.0188313144519,-28.771587371826172,64.2930679321289
-36.13054323089914,61.84484739943697,-23.213052460988635,69.27108777197981,-29.54175567626953,65.63272857666016
-37.10094081539344,63.01220366853221,-24.229934098215807,70.51872083349471,-30.31990623474121,66.96697998046875
-38.07891232782491,64.17542104069443,-25.2083839806207,71.78151213193428,-31.105581283569336,68.29644775390625
-39.062857200458886,65.33199712567337,-26.235829585895658,73.01122131823719,-31.898595809936523,69.62106323242188
-40.051438595462315,66.47891336031519,-27.227796639336262,74.26061217269367,-32.699214935302734,70.94042205810547
-41.0446313393905,67.61529022758424,-28.27035389671449,75.47776218257574,-33.50780487060547,72.254150390625
-42.000584218465846,68.76803960208274,-29.277919811722263,76.71375793454764,-34.3245735168457,73.56195831298828
-43.00521104554576,69.88599672153092,-30.292662133930502,77.94169268367409,-35.14961242675781,74.86393737792969
-43.97367507925094,71.02190585821943,-30.642095215339268,79.59466773594691,-35.98313522338867,76.16015625
-44.94958628578604,72.15171867499225,-31.548112746993578,80.89250241826673,-36.8249397277832,77.45082092285156
-45.88933882780711,73.29944616777783,-32.46347763304121,82.1852247987688,-37.675376892089844,78.73577880859375
-46.87734930726862,74.4113311075188,-33.387685887292875,83.47181220212103,-38.534507751464844,80.014892578125
-47.83104144981904,75.5439848876455,-34.32015123126499,84.75154699582468,-39.402225494384766,81.28815460205078
-48.79123065206653,76.668223178145,-35.343884596480464,85.9683435287163,-40.2786865234375,82.55545806884766
-49.75827495464636,77.78451077937322,-36.375544224739826,87.17737363819386,-41.163856506347656,83.8166275024414
-50.73351998297115,78.89536235347131,-37.37327488000547,88.40665638381542,-42.05750274658203,85.07190704345703
-51.67566528323725,80.02921503659357,-38.37845168062652,89.62843238747807,-42.95949935913086,86.3213882446289
-52.62493245568944,81.15638244172867,-39.391260871227495,90.84301238911401,-43.86972427368164,87.5649185180664
-53.581695155461404,82.27755801645759,-40.41149106416728,92.05030520118706,-44.788169860839844,88.80265808105469
-54.544040816288366,83.3895348217047,-41.44039298760357,93.25134383044048,-45.71505355834961,90.03423309326172
-55.51540210804014,84.49774651791643,-42.435934031470495,94.47426329905309,-46.64998245239258,91.25994873046875
-56.4539680234187,85.62970866290075,-43.43938743866611,95.6907257314325,-47.59297180175781,92.47976684570312
-57.439458395912304,86.72518234273699,-44.450431426881735,96.90044939542794,-48.54393768310547,93.6937026977539
-58.39268557535358,87.84529175804339,-45.46906556258651,98.1035044172442,-49.5027961730957,94.90170288085938
-59.352999821487224,88.95915710010115,-46.495472795687455,99.3000893586845,-50.46961212158203,96.10380554199219
-60.28046183396135,90.09646689505722,-47.4915111678135,100.52209023635523,-51.444454193115234,97.29962921142578
-61.25543233129292,91.19804086509694,-48.49498245219294,101.73722057996949,-52.42720031738281,98.489501953125
-62.1992994643423,92.32570368329263,-49.50651456104194,102.94627812999532,-53.41788101196289,99.67347717285156
-63.15366818527287,93.45236702383708,-50.52389499205969,104.14779685472267,-54.41584396362305,100.8519287109375
-64.11761011247364,94.57773015678058,-51.54701344679662,105.34264955491233,-55.42072677612305,102.0253677368164
-65.08855493862696,95.6988316947357,-52.539099338305256,106.56492866359841,-56.43244934082031,103.1938247680664
-66.06786812541311,96.81792405341234,-53.57455195437038,107.74852102940295,-57.45048522949219,104.35740661621094
-67.01570813184289,97.96523016070782,-54.57938242531914,108.96062474764418,-58.475093841552734,105.51628875732422
-67.9699265436972,99.10799788060878,-55.59128277525417,110.16829071828535,-59.50621032714844,106.6703109741211
-68.97044842743715,100.21674069941936,-56.57118576862364,111.4037511524808,-60.543399810791016,107.81989288330078
-69.94004214319075,101.35511694371043,-57.594720997846544,112.60162587659578,-61.58661651611328,108.96503448486328
-70.91658707334143,102.49074092046635,-58.623986870496005,113.7948506869255,-62.63563919067383,110.10578918457031
-71.86244247206697,103.65656379339174,-59.622570032079174,115.01774507052926,-63.6903076171875,111.24202728271484
-72.8510335194621,104.7847102845632,-60.627509064534614,116.23673527559221,-64.75066375732422,112.37381744384766
-73.80839847734522,105.94227080914074,-61.639233314318574,117.45204255884722,-65.81670379638672,113.50093078613281
-74.80859958559117,107.06226049844084,-62.65665264165102,118.66273984807913,-66.88813018798828,114.623291015625
-75.77826039977568,108.21258174421436,-63.68026178246434,119.86931220885383,-67.9649658203125,115.74089050292969
-76.75434146868798,109.35973441643677,-64.7094167884281,121.07129815133516,-69.0470199584961,116.85374450683594
-77.7357488921995,110.50251658939919,-65.81581289169901,122.19892813752476,-70.13410949707031,117.96160888671875
-78.7219205562788,111.64007273097073,-66.89256635530663,123.35714520872861,-71.2264404296875,119.06440734863281
-79.67816548391993,112.80831902277721,-68.01068198348744,124.4753970615544,-72.32411193847656,120.16211700439453
-80.67683165247776,113.93855610540176,-69.09801813938486,125.62335177667148,-73.42687225341797,121.25487518310547
-81.64600345162071,115.10027241865252,-70.64617408928949,126.30270504042797,-74.5346450805664,122.34261322021484
-82.6207499293786,116.25772226738518,-71.63786118610473,127.54662858606639,-75.6474838256836,123.42528533935547
-83.60168561579388,117.41158432217077,-72.6705190609989,128.7505811371639,-76.76536560058594,124.50296020507812
-84.58847792155912,118.56153150157405,-73.67465079338632,129.98646637433671,-77.88821411132812,125.57557678222656
-85.58114743559193,119.70767576699747,-74.71901076460108,131.1817659867589,-79.01573944091797,126.6429672241211
-86.54586874054961,120.887088764403,-75.73420871935882,132.40875387916373,-80.1478271484375,127.70529174804688
-87.5520790427592,122.02838964906165,-76.75358194478096,133.63079148251958,-81.2841796875,128.76290893554688
-88.53268116286613,123.20695018049607,-77.774704789858,134.84693352403534,-82.4240493774414,129.81640625
-89.51978476107584,124.38511994745473,-78.7640243972157,136.0951325590192,-83.56690979003906,130.8661346435547
-90.51346462773148,125.5640152600205,-79.7878235060399,137.3016214425631,-84.71217346191406,131.91265869140625
-91.54555721734822,126.70575305285045,-80.81196504076419,138.50377339019585,-85.8591079711914,132.95611572265625
-92.51435524228981,127.92137717838169,-81.80200441670638,139.73868756117452,-87.00706481933594,133.99673461914062
-93.51774946763757,129.09715984116679,-82.82664760277768,140.93369758701252,-88.15544128417969,135.0339813232422
-94.72136997995278,130.04588202660133,-83.81712511963826,142.16150374688738,-89.30269622802734,136.0665283203125
-95.78931637623668,131.13803868361148,-84.83919090913751,143.34687219045253,-90.44779205322266,137.09356689453125
-96.85570722087243,132.22545810281184,-85.8256217290784,144.56404004009778,-91.59059143066406,138.11517333984375
-97.92178342251215,133.30999784056903,-86.8409404941321,145.73731968631114,-92.73075866699219,139.13180541992188
-99.02026361408645,134.35458387182797,-87.8178534598224,146.941460037814,-93.8678207397461,140.143798828125
-100.08460538920312,135.43472570350227,-88.82195805439203,148.10185791380732,-95.00146484375,141.15174865722656
-101.147889132956,136.51391711974276,-89.78564135365568,149.29320962436674,-96.1312255859375,142.15623474121094
-102.20802474974302,137.59065304121495,-90.74391193241487,150.48009202307634,-97.2568588256836,143.1573944091797
-103.26503535061735,138.66538747700383,-91.7294503355352,151.62508722141035,-98.37820434570312,144.155517578125
-104.3053926386333,139.86050084045243,-92.72837494121369,152.8502548785824,-99.54817199707031,145.1982421875
-105.30820616135973,141.09087634867154,-93.7536768331835,154.03368868253756,-100.7130355834961,146.2381591796875
-106.33805402690962,142.27989793419022,-94.74069225456638,155.25149184777203,-101.87240600585938,147.2747039794922
-107.35887967315806,143.46253515153447,-95.75102057184725,156.42473619231438,-103.02261352539062,148.3047332763672
-108.36982765932802,144.6387383434611,-96.71341600856516,157.6245623772184,-104.1614990234375,149.3270263671875
-109.37156785718993,145.81035815964975,-97.69184561638998,158.7752201637558,-105.28868865966797,150.3424835205078
-110.36280065611419,146.97734648901357,-98.65237078538954,159.91447873115246,-106.40340423583984,151.35150146484375
-111.3903690383228,148.18261702552206,-99.6133911847398,161.12687678621836,-107.554443359375,152.39874267578125
-112.40282233281805,149.38008689726502,-100.58921721447375,162.29092738981217,-108.68997955322266,153.43777465820312
-113.39811642818965,150.56802147127166,-101.54633118347428,163.44382259700023,-109.80872344970703,154.46754455566406
-114.37550273378716,151.74565036095404,-102.51916482351857,164.54919712602182,-110.91033172607422,155.48765563964844
-115.4151784357103,152.91961307970004,-103.48387351183442,165.72176254491333,-112.04032897949219,156.54078674316406
-116.39934814912937,154.1172585635277,-104.4250426469725,166.879197125407,-113.14918518066406,157.58120727539062
-117.4414343741245,155.3086605965906,-105.42004528163048,168.02625755525506,-114.28153228759766,158.6515655517578
-118.46094104530302,156.48690945314513,-106.35632460196074,169.1944599103456,-115.39168548583984,159.70904541015625
-119.45978766699086,157.65461061397204,-107.30026341320496,170.30963126920295,-116.48053741455078,160.75526428222656
-120.4805397290577,158.85250443001044,-108.26787529879932,171.45625011836162,-117.5926513671875,161.83287048339844
-121.48276195839648,160.04050023251125,-109.22310639359188,172.5985427417398,-118.68854522705078,162.90272521972656
-122.47279270596229,161.2245064994537,-110.16693583950726,173.73727989782859,-119.77322387695312,163.96946716308594
-123.49863918095602,162.3812097197899,-111.11373882396035,174.88622396003856,-120.85981750488281,165.04562377929688
-124.47192896848553,163.56435218376564,-112.07508629480064,175.9869905872289,-121.92899322509766,166.11257934570312
-125.50367866701201,164.74380429969705,-113.02306035593092,177.1532904508795,-123.02174377441406,167.2115936279297
-126.51880751797715,165.91739522227925,-113.97687139780871,178.26490651426013,-124.09593963623047,168.30270385742188
-127.51615209171419,167.0851279166076,-114.86949092409596,179.39714176587802,-125.15162658691406,169.3870849609375
-128.53322478180303,168.28693638622227,-115.8112232846484,180.52108606864604,-126.22669219970703,170.50502014160156
-129.52998323628495,169.48003616752447,-116.77663633188354,181.6090670372222,-127.28366088867188,171.61639404296875
-130.54433367139535,170.630165848426,-117.69436592681048,182.72983918109333,-128.3238067626953,172.72103881835938
-131.50484885236622,171.80387197956983,-118.61228149120234,183.85814464383168,-129.35000610351562,173.818603515625
-132.52488459393945,172.97644583618924,-119.58777581014716,184.98290273899934,-130.3992462158203,174.9491729736328
-133.5327224839571,174.14541122764481,-120.5084082700809,186.13117566510726,-131.4355926513672,176.0753173828125
-134.53002584478648,175.31670142146493,-121.43303487273285,187.22300839760567,-132.45819091796875,177.20018005371094
-135.515100118233,176.49184781635552,-122.32780701238107,188.29805920327118,-133.4662322998047,178.32614135742188
-136.52394492049496,177.63973107145154,-123.2279659066817,189.32340638517127,-134.45819091796875,179.45498657226562
-137.55136487154314,178.83544016527168,-124.08732946046035,190.4019257049824,-135.46539306640625,180.62742614746094
-138.56130995702907,180.0449000113975,-124.93479153978619,191.41951354838284,-136.45016479492188,181.80715942382812
-139.58874365668967,181.2378097621563,-125.77569769481994,192.38516774881066,-137.4097900390625,182.9962615966797
-140.59189306742599,182.44408282123035,-126.58665218751118,193.3489921862383,-138.34317016601562,184.19500732421875
-141.60971420948096,183.6349159707261,-127.36468016693064,194.30826216693487,-139.24888610839844,185.40380859375
-142.643333838271,184.81791198112106,-128.13703205230138,195.21940261262202,-140.12403869628906,186.62432861328125
-143.6783378238209,186.0675120484966,-128.93234293147881,196.12630958911583,-140.99349975585938,187.89894104003906
-144.76685005145606,187.29599993326693,-129.66835189274127,197.00368270061605,-141.82286071777344,189.18885803222656
-145.82083090755992,188.55432082524905,-130.37187109920822,197.88884651796326,-142.61122131347656,190.49362182617188
-146.88321788410877,189.8233460645457,-131.07575614907716,198.7423062781843,-143.35594177246094,191.8135223388672
-147.9962080809455,191.07882389035674,-131.79337385045102,199.58525625286558,-144.05618286132812,193.14732360839844
-149.0936593089543,192.41515916913977,-132.54859922771664,200.4663849329,-144.73260498046875,194.537353515625
-150.1984194213977,193.77842480292023,-129.1531338083547,203.1805125294612,-145.359375,195.94029235839844
-151.2593363859256,195.17472397564407,-109.01472110554485,212.47460442467604,-145.938232421875,197.3538055419922
-152.32630252166248,196.60510431560633,-109.66354095830081,212.4199970220787,-146.4659881591797,198.77749633789062
-153.25270975773222,198.11350821875433,-110.40498927752797,212.34617456482295,-146.94175720214844,200.20980834960938
-154.1285118944652,199.65818025018493,-111.29619133246447,212.2673005072258,-147.36546325683594,201.64910888671875
-155.06111177979102,201.26832059145357,-112.96636238429016,212.03459946940046,-147.74655151367188,203.1391143798828
-155.2534535337736,203.06294255421588,-137.668619270034,206.90673901282608,-148.07298278808594,204.6324920654297
-156.21552122528968,204.71756460624985,-138.4481882926852,207.8996327840921,-148.34080505371094,206.12789916992188
-157.11742989910738,206.4004997377252,-139.19905564515727,208.9584386908682,-148.55422973632812,207.62294006347656
-157.9597978078367,208.15118119004947,-139.1120112486329,210.1170927020194,-148.7099609375,209.11598205566406
-158.74245668657434,209.96192250352834,-139.737990060344,211.2787885751159,-148.8162384033203,210.6497344970703
-159.45791975386047,211.85412354582851,-140.3667593127335,212.43635368784416,-148.86282348632812,212.17724609375
-160.05447531506053,213.75681547330842,-140.95471760087028,213.65359635515676,-148.8546142578125,213.6962890625
-160.5781464450028,215.71594256233297,-141.44609160287905,214.8862514075286,-148.78919982910156,215.20469665527344
-160.9799510185906,217.68689795714678,-141.9409033358478,216.16175459950222,-148.6693572998047,216.70074462890625
-161.24980253466404,219.7361048545645,-142.48080089595794,217.51440889747113,-148.48886108398438,218.2255859375
-161.44175869994402,221.79973844998804,-142.9177259201124,218.89732001080972,-148.2526397705078,219.73321533203125
-161.447216827529,223.88847834902043,-142.5138828361778,220.1441083089437,-147.95843505859375,221.22085571289062
-161.38002726186104,225.9490424160997,-142.64837498494833,221.51179834796451,-147.6110382080078,222.6873779296875
-161.21111316329538,228.0832399903477,-142.81433950410874,222.948055684037,-147.19680786132812,224.17135620117188
-160.82695638766813,230.13931152599378,-142.82410658389148,224.38529081155616,-146.72947692871094,225.63351440429688
-160.3576615657796,232.20089197475164,-142.72813101628114,225.81625898501315,-146.20701599121094,227.07615661621094
-159.77611420381112,234.2036188340371,-142.52589606947967,227.2472268209929,-145.63278198242188,228.5001220703125
-159.01933746289887,236.16758628060126,-142.12929263069555,228.61922124911155,-145.00515747070312,229.90447998046875
-158.1377791979144,237.99226359703752,-141.6056509072774,229.91450654144703,-144.3460235595703,231.25347900390625
-157.2106076647802,239.7624468308366,-140.9445007530848,231.16156368987276,-143.64077758789062,232.58724975585938
-156.14798427012732,241.44378347903395,-140.10861412914542,232.3255317351492,-142.8905029296875,233.90701293945312
-155.0496941792283,243.07324350650683,-139.10433768570383,233.40011029869507,-142.0967559814453,235.21543884277344
-153.81307230852062,244.62890998085484,-137.9417625861149,234.36670255947288,-141.25877380371094,236.51144409179688
-152.46385724629775,246.06954850647716,-136.65394695439113,235.17513904741642,-140.4005584716797,237.7568817138672
-151.0833515043315,247.45889683926714,-135.2218375885151,235.85991421303964,-139.5,238.98838806152344
-149.84498693521772,248.9804146219685,-133.7790946144167,236.48996673210567,-138.55543518066406,240.20333862304688
-149.63465929490772,251.28850692813796,-132.42744587012098,237.10386791649591,-137.59732055664062,241.36561584472656
-149.57670682847862,253.87020565302996,-131.6683067586049,238.19440828067812,-136.5968780517578,242.508544921875
-171.02336403179436,276.5626107051984,-130.2416576064339,238.69804114497728,-135.5546875,243.6310272216797
-168.6880250529943,278.46383226336434,-128.84520351678327,239.18402334946367,-134.47096252441406,244.73028564453125
-166.42678277491075,280.37683928359473,-127.54529697948753,239.65986918585125,-133.3810272216797,245.77108764648438
-164.12551316136157,282.1413861580824,-126.32782491830419,240.21419535005847,-132.25364685058594,246.7874298095703
-161.8006787904327,283.9461557649189,-125.10113931475657,240.72595113628907,-131.0883331298828,247.7769317626953
-159.53518154206523,285.6600267215068,-123.8454998715169,241.21681572631158,-129.88775634765625,248.7410430908203
-157.289986732017,287.38499867190615,-122.68073243298667,241.71836119227237,-128.6905975341797,249.64833068847656
-155.1115822295468,289.09040784009227,-121.89723981260708,242.76806310579968,-127.46215057373047,250.52915954589844
-152.85947593217293,290.63839423247424,-120.64217363173853,243.19347927035207,-126.2037124633789,251.38369750976562
-150.5190957230817,292.04186401171023,-119.3736128986718,243.58909274564485,-124.91604614257812,252.21141052246094
-148.12916465078303,293.3370884096134,-118.11778423905153,243.99813866989575,-123.60043334960938,253.01165771484375
-145.7791773063391,294.5913616628653,-116.86511467057966,244.42823216454298,-122.25846099853516,253.78517150878906
-143.46739221300254,295.6423140691294,-115.62886607204379,244.81739926600574,-120.93721008300781,254.5088653564453
-141.2483298439576,296.53185423198096,-114.3751709567975,245.24640888431978,-119.59668731689453,255.21128845214844
-139.022237941826,297.3211558083248,-113.10396690699959,245.65842749090953,-118.23834228515625,255.8927459716797
-136.86037174047925,298.091321667379,-111.81001613942271,246.05770730929075,-116.86351013183594,256.55462646484375
-134.65316302068422,298.7316264850088,-110.52576576127325,246.48388129585,-115.47286987304688,257.1968078613281
-132.43699956727178,299.2820640943205,-109.22620600892445,246.8940340126715,-114.06689453125,257.8197326660156
-130.1969166112341,299.80390849785056,-107.9409884807314,247.32885477869627,-112.64601135253906,258.42236328125
-127.98885855283949,300.32847574045957,-106.63966627741158,247.7477480507488,-111.21050262451172,259.0052185058594
-125.81034863242493,300.8568611527195,-105.40182844896906,248.17193483558236,-109.80866241455078,259.5482482910156
-123.67290925909276,301.3337136268758,-104.13989864561562,248.5844589339975,-108.39379119873047,260.0721740722656
-121.49756890446442,301.78834116717763,-102.87629745582701,248.97538029290124,-106.96636199951172,260.5754699707031
-119.38540405287978,302.24009898537213,-101.60474584152998,249.4019320836728,-105.5276870727539,261.0596008300781
-117.25792788223114,302.6639973236448,-100.32561866035837,249.81034380896455,-104.07821655273438,261.5239562988281
-115.19584380897437,303.08948351583035,-99.03682100813424,250.25568036068915,-102.61962127685547,261.9700622558594
-113.19477296730327,303.52232933257346,-97.72516616141462,250.69093330190614,-101.15351867675781,262.39935302734375
-111.18725152922858,303.9315491282736,-96.4060451557768,251.11108486196198,-99.68030548095703,262.8116149902344
-109.25689823740204,304.3491122458045,-95.07388239882795,251.5719597188172,-98.20117950439453,263.2091064453125
-107.35673651517244,304.73916893988996,-93.72490741919172,252.02352361815062,-96.7166748046875,263.5929870605469
-105.5132276952594,305.0984841636408,-92.35283259882146,252.46930703502804,-95.22752380371094,263.9653625488281
-103.75220004460425,305.4765964198183,-90.95530085859754,252.91222353320427,-93.73468780517578,264.32879638671875
-102.10282757976248,305.82090512632396,-89.53578369318441,253.40675162161165,-92.24040222167969,264.68707275390625
-100.54127517447304,306.1416906217436,-88.08078493485097,253.8562920517518,-90.74677276611328,265.04302978515625
-99.05588525010353,306.4449617975173,-86.61924835432723,254.35948458056424,-89.25523376464844,265.399169921875
-97.65310399692542,306.7321132101267,-85.1399606775614,254.8706798335597,-87.76692199707031,265.7582702636719
-96.32388118257546,307.0074484668855,-83.63505079526475,255.34316436917936,-86.28255462646484,266.1228332519531
-95.03937436938095,307.22779330437436,-82.12118052249645,255.82657551923702,-84.80233764648438,266.4948425292969
-93.81192738955872,307.49389547819777,-80.60240368403655,256.32167601164883,-83.32681274414062,266.875732421875
-92.66015469165706,307.7509544236882,-79.07220706560501,256.83314928304236,-81.85685729980469,267.26800537109375
-91.55756183344467,307.9547707598396,-77.53566617350666,257.3622624670306,-80.39348602294922,267.673583984375
-90.46579496964021,308.1669184760798,-75.99105640097888,257.8581703787653,-78.93579864501953,268.0929870605469
-89.43036520306336,308.42723939618776,-74.2150176216832,257.60636459584134,-77.48469543457031,268.5274353027344
-88.35321156275302,308.60721097004887,-72.62657432028294,257.994576045624,-76.03898620605469,268.9766540527344
-87.33908877989704,308.8330181348894,-71.0291862927627,258.4053152724026,-74.59893035888672,269.4424133300781
-86.31565383204845,309.0219558719963,-69.41947839081689,258.78764793555877,-73.16535949707031,269.9245910644531
-85.38862443386415,309.24597092374813,-67.82535843367103,259.2939855853207,-71.73939514160156,270.42596435546875
-84.50489147881406,309.4169334185134,-66.2230286811781,259.8300100459115,-70.32221221923828,270.9484558105469
-83.62608051107719,309.600479370941,-64.61085814691405,260.3437173115401,-68.9145278930664,271.49188232421875
-82.72582808033346,309.7530434397722,-63.00771157472757,260.8812356625157,-67.51634979248047,272.0559997558594
-81.86442157315142,309.95883159360955,-61.388209329499816,261.3997670675217,-66.12847137451172,272.6412353515625
-69.45687567666795,283.95834635903583,-59.7830736285472,261.9396560330466,-64.75070190429688,273.2465515136719
-67.27456383962557,282.3742521519062,-58.180753976361075,262.50650993125987,-63.38316345214844,273.87249755859375
-64.83416727407995,280.4344268374605,-56.57712735871386,263.0451996039282,-62.02463150024414,274.517578125
-63.14554229752319,280.20670751927906,-54.9610744733127,263.55983792648965,-60.67476272583008,275.1812438964844
-61.779978789538966,280.6769449553237,-53.37532172700622,264.1401520236186,-59.333343505859375,275.8630065917969
-60.39196772554278,281.1229502156385,-51.777723531181536,264.6943599606962,-58.00041580200195,276.5619201660156
-58.9785718142676,281.54511575967734,-50.193595485581554,265.2639775562288,-56.67548751831055,277.2768249511719
-57.9796680985737,282.7290100469712,-48.61311468933078,265.85420278120137,-55.358978271484375,278.007568359375
-56.65121577436386,283.31420706770325,-47.04196174456386,266.4612042998368,-54.050777435302734,278.75347900390625
-55.30805835988763,283.8711330046519,-45.46265233775024,267.0969875194609,-52.751800537109375,279.5158996582031
-53.97125515764617,284.44590798729115,-43.910358348822434,267.8001177717054,-51.462501525878906,280.295166015625
-52.64123370831768,285.0389811266739,-42.33389281173121,268.4857273264404,-50.18333435058594,281.0916748046875
-51.238274671623,285.5244238315658,-40.78320930281594,269.2420541551671,-48.91493225097656,281.9061279296875
-49.8674630707401,286.0734263549834,-39.26185255274677,270.06835042277595,-47.65796661376953,282.7390441894531
-48.47505393677607,286.6029653479557,-37.74270490513984,270.9243769596615,-46.4133186340332,283.5910339355469
-47.5781197538964,287.8503955711998,-36.23045526739483,271.8081222794572,-45.18154525756836,284.46234130859375
-46.23652133821167,288.4606900433519,-34.812560834254825,272.8428439224478,-43.96354293823242,285.353271484375
-44.900249967127955,289.09536008541,-33.47282860927065,273.97854832746964,-42.759498596191406,286.2634582519531
-43.60057492613576,289.79362264315375,-32.183634537074475,275.1731785446425,-41.56953430175781,287.19268798828125
-42.37303013811797,290.59227814434126,-30.910091421910355,276.39140102530973,-40.394500732421875,288.14117431640625
-41.249940051646405,291.5281012002901,-30.146689567033746,278.1961277268006,-39.23408126831055,289.10760498046875
-40.27561449007579,292.63157211575924,-28.921874470749945,279.4462108211726,-38.089698791503906,290.093017578125
-39.4504313928223,293.8998893304066,-27.76356695217804,280.74016526234436,-36.9603385925293,291.0959777832031
-38.78525515645027,295.32379239035276,-26.692438021771522,282.1262577378501,-35.84650421142578,292.1165771484375
-38.21597779441898,296.8251470153835,-25.64962206145031,283.52184170311966,-34.74821853637695,293.1540222167969
-37.782401409202706,298.43475248105,-24.70043381974091,285.00247988060636,-33.66594696044922,294.20806884765625
-37.52138151694452,300.1847297711426,-23.817649520401513,286.5234090622265,-32.59937286376953,295.2779541015625
-37.513847038033255,302.13495745076096,-22.997634100894736,288.0878505962285,-31.549266815185547,296.3631286621094
-38.01652936009366,304.52057358059767,-22.139119718234472,289.58237058249085,-30.51481819152832,297.4626159667969
-39.86596755493837,308.0568069765215,-21.3043193168008,291.08651771564496,-29.496536254882812,298.5763854980469
-80.74791317700412,346.20547898759236,-20.49989477314213,292.59065798970556,-28.4931697845459,299.7038879394531
-79.46252370411827,345.79114972829854,-19.678424613640043,294.0736192188013,-27.505998611450195,300.84503173828125
-77.92847007270493,345.2930104764539,-18.847861431299577,295.52384113675134,-26.53413963317871,301.99871826171875
-76.40522628867407,344.7954501118762,-18.03597442403151,296.98701250361063,-25.578792572021484,303.16510009765625
-74.60298086845083,344.17755994733676,-17.250287190873866,298.45237441566024,-24.639366149902344,304.3434143066406
-72.7505117380328,343.5570475068858,-14.588519682641099,298.45661244189466,-23.7159423828125,305.5342712402344
-70.57978842209315,342.790102075479,14.426957309975762,278.6349859682733,-22.808420181274414,306.73675537109375
-68.222944791473,341.95356855284246,15.845157998482563,280.22163620786074,-21.91699981689453,307.9507141113281
-65.34581048207069,340.91127378586947,17.29113667263482,281.71956435426466,-21.03974151611328,309.1754455566406
-62.26070280696234,339.74896336641456,20.5094490387674,282.04526555082913,-20.178359985351562,310.4110107421875
-58.57703738803145,338.32642885741996,-12.508364374321184,307.0195594963459,-19.331884384155273,311.6566162109375
-54.651811247055925,336.7489848835161,-11.699082365004816,308.4271140122417,-18.50312042236328,312.91351318359375
-41.982276652272986,329.8308593197391,-10.920600965388292,309.81925547485775,-17.687795639038086,314.1790466308594
-36.02902774122984,327.46897993780044,-10.154118970741521,311.2274051197775,-16.887544631958008,315.4539489746094
-33.40625799813382,327.34877953118314,-9.365978009574919,312.60753528696796,-16.100679397583008,316.7371826171875
-31.308951152404347,327.5510193621143,-8.628433657068555,314.0397329203124,-15.32950210571289,318.0317077636719
-29.313363606140573,327.9024130182512,-7.82749941739907,315.4171413940397,-14.571553230285645,319.3360595703125
-27.345937865537216,328.3305123661928,-7.086978154725287,316.82108125106,-13.825468063354492,320.6493225097656
-25.458083156565763,328.8463714529111,-6.3172427132722735,318.20492893016086,-13.09082317352295,321.9707336425781
-23.652409784784737,329.4452169179855,-5.516550952931521,319.57025458479563,-12.36689567565918,323.3002624511719
-21.932136402471045,330.1212678964918,-4.771685135989833,320.96578381153955,-11.653508186340332,324.63739013671875
-20.345127819292827,330.89189370725586,-3.9934648238275168,322.34631724298254,-10.950674057006836,325.98223876953125
-18.84863926025472,331.73127668507726,-3.226450765535726,323.7343519950356,-10.258659362792969,327.3341064453125
-17.487045498557734,332.660157473861,-2.474821093472399,325.11866862343624,-9.578819274902344,328.6874084472656
-16.26189511150733,333.67201756167333,-1.6948737726972078,326.470265957756,-8.911151885986328,330.03790283203125
-15.109122834433236,334.7825537556195,-0.9054448545532896,327.8618391050662,-8.232026100158691,331.43170166015625
-49.29811081812698,352.87012966203014,-0.12776382132550435,329.2494804414143,-7.5642266273498535,332.82183837890625
-39.979470871367965,349.8848189880571,0.6381102873639577,330.6314725396692,-6.90714693069458,334.2080383300781
-28.362843981850894,345.9271733205189,1.393703641930328,332.0107931627766,-6.2605977058410645,335.59051513671875
-16.383193323115293,341.9357368088446,2.1386283903220287,333.38565979810727,-5.6241912841796875,336.9691467285156
-10.777116516222591,340.9756450763097,2.9195724201303515,334.73835003394663,-4.998117446899414,338.3439636230469
-9.991416195989611,342.2361064178947,3.644643072738214,336.10740270143333,-4.381936550140381,339.7149353027344
-9.238478702016872,343.56228647076483,4.425054214889995,337.49508037132927,-3.7547898292541504,341.1272888183594
-8.491741056744177,344.8886032813137,5.194686323263376,338.873220733528,-3.136186122894287,342.5347595214844
-7.7512366991586825,346.2132591547783,5.955220685121153,340.24365719172033,-2.525367259979248,343.9372253417969
-7.016493930590462,347.5356519571593,6.707300418369471,341.60601535009135,-1.9217116832733154,345.3343505859375
-6.286329340194082,348.85624139774035,7.451234291269648,342.9585751562589,-1.3242708444595337,346.7259826660156
-5.561994878747794,350.1720392025499,8.189214131340295,344.3062594261436,-0.732979953289032,348.1121520996094
-4.77845158328909,351.5081218113506,8.986082792081767,345.6736796740371,-0.12889856100082397,349.53729248046875
-4.044981125412768,352.8609511529906,9.729603371185085,347.0502761861291,0.46975988149642944,350.9564514160156
-3.2662838620892662,354.1940049775255,10.510767273535828,348.3891808087158,1.064956784248352,352.36907958984375
-2.5334655229723984,355.54411300814485,11.239405934210634,349.7293788398154,1.6582714319229126,353.7744140625
-1.7592513358127242,356.8644120204175,11.968591223206639,351.0715757085332,2.248534679412842,355.1732177734375
-1.031489230308869,358.20064234491457,12.692487673460763,352.39865373700553,2.8370070457458496,356.565185546875
-0.2587846320803817,359.5111716915661,13.459785135630627,353.69640905712976,3.4240453243255615,357.9501647949219
0.48478483193050925,360.8771621032783,14.197593392763157,355.0488241193417,4.028019905090332,359.3711853027344
1.2271033384773338,362.2358230783505,14.933412659907223,356.3922155982934,4.63067626953125,360.78472900390625
2.0133824998381704,363.56662343965934,15.6685078891286,357.7304659168574,5.231755256652832,362.19110107421875
2.7529026037822324,364.9104910245285,16.40087269055079,359.05761841511674,5.831730842590332,363.59014892578125
3.49209022196701,366.24758095038135,17.13093138364016,360.3734649929703,6.431093215942383,364.9817810058594
4.2308912027035595,367.5772956267435,17.85976775440416,361.68009529980037,7.030081748962402,366.3660888671875
4.970125841389847,368.89994315649255,18.586428437800024,362.9737662604054,7.629195690155029,367.7426452636719
-4.393586223098792,374.6898868146454,19.376103505111857,364.27798943494565,8.246943473815918,369.1529235839844
-3.7627094866545363,376.1213669778304,39.0621198968897,357.2465989664165,8.865205764770508,370.5556945800781
-3.086886006414348,377.5228360628064,39.7901059695472,358.518726792873,9.483741760253906,371.95123291015625
-2.4564345906066656,378.9373226148418,40.51763811872572,359.78232551674716,10.10248851776123,373.3393859863281
-1.7783438840743102,380.32704897536047,37.5469777177112,362.6885111701089,10.721884727478027,374.7203369140625
-1.145207034621972,381.72997796132216,31.89551764532238,366.81785926242543,11.341947555541992,376.0942077636719
10.236199441589743,378.2484018092514,26.24921319625593,370.9446469656635,11.964872360229492,377.4599304199219
11.026003191144031,379.59271817024415,24.493913222809542,373.3366149339469,12.613126754760742,378.85546875
11.782090509290922,380.9483554439446,25.190066916406707,374.56481323349703,13.271862030029297,380.23907470703125
12.554813344660882,382.2926366876631,25.879292179705438,375.73659211620975,13.94558048248291,381.60833740234375
13.300699148522362,383.64392371229854,26.526541622000046,376.8911054416626,14.636639595031738,382.9618225097656
14.068367166901778,384.9794300872044,27.131265298277413,378.02230034101245,15.348175048828125,384.2978210449219
14.81348232881034,386.320209673246,27.748962578921354,379.1289432621726,16.080806732177734,385.61566162109375
15.578957945826675,387.642094763907,28.38546787929238,380.223586475842,16.833646774291992,386.915283203125
16.346038316997113,389.008341178255,29.01214902483347,381.35258554111033,17.629762649536133,388.232421875
17.09580421415012,390.38309948151095,29.650840531822315,382.4524934120281,18.448532104492188,389.52862548828125
17.872669695951817,391.7401619825888,30.260369465237034,383.5506363655983,19.290786743164062,390.8026428222656
18.639042904160817,393.1074831627634,30.87745165820978,384.6085259271453,20.158573150634766,392.05224609375
19.398371823767214,394.4855954032184,31.46596599357612,385.66082471348784,21.05312156677246,393.2755126953125
20.192443478212006,395.8446569567563,32.667582320442165,386.23037423502797,21.97460174560547,394.47119140625
20.944557364202375,397.24644282146824,33.32016328742503,387.1842417156604,22.923097610473633,395.63775634765625
21.766695389128493,398.66322333052824,33.97003445662081,388.16134204410577,23.926908493041992,396.80419921875
22.59296735626831,400.09194437934303,34.60714199917104,389.15014031300194,24.958829879760742,397.937255859375
23.389737437396928,401.56885643347863,35.26964886507528,390.1181512757642,26.017711639404297,399.03582763671875
24.24011920157327,403.03088534475216,35.9094475834205,391.0844343037205,27.105037689208984,400.0979309082031
25.068846772809906,404.5439133210175,36.515668305766646,392.11084326871287,28.21841049194336,401.12298583984375
25.947590192123833,406.03760406499833,37.12402895302696,393.16163036443896,29.35623550415039,402.1106262207031
26.817212327575447,407.5906071894728,37.732343357692464,394.23308367083615,30.518861770629883,403.0606689453125
27.705977610191063,409.22548573364037,38.388787938148866,395.3644384567192,31.734920501708984,403.9978942871094
28.663630327918497,410.848200587613,39.04190567977754,396.51005189078694,32.97325134277344,404.89422607421875
29.65299879990149,412.49155002005557,39.712801799437266,397.685756871179,34.233299255371094,405.7503662109375
30.695118804652054,414.1101074207312,40.40930557068596,398.89701263692535,35.51184844970703,406.5667724609375
31.827485327870583,415.7194699600072,41.078380909868194,400.1620884797064,36.81070327758789,407.339111328125
33.03958535943811,417.25358840635226,41.81097195384442,401.4209018117121,38.127960205078125,408.0688781738281
34.355931005732494,418.778874649664,42.58171396325848,402.7683261882873,39.497047424316406,408.77227783203125
35.79622781202585,420.13358429214577,43.41458692999207,404.1016093177344,40.88228988647461,409.4305419921875
37.322870639376,421.40654794849416,44.302142482263434,405.41300791037787,42.28235626220703,410.04150390625
38.90027593812315,422.5314516020591,45.27910831784787,406.66571843310885,43.693729400634766,410.60894775390625
40.65079863214606,423.4404464619384,46.32875320977589,407.7884715236443,45.118141174316406,411.12567138671875
42.35893934826477,424.325124960342,47.49028694288488,408.7485303572469,46.55162811279297,411.597900390625
44.16776325162455,425.07161494641315,48.71274392016832,409.57430223971704,47.9951171875,412.021240234375
46.01781892937758,425.71112359889395,49.999816441104684,410.2661482957023,49.45057678222656,412.396484375
47.861420014172126,426.3869168426913,51.363941647686154,410.7237131347461,50.91658020019531,412.72430419921875
49.70746822288513,427.10198611542125,52.756915307650864,411.08973953110075,52.39210510253906,413.00531005859375
51.560094240209324,427.85812953893264,54.181186504333,411.31444091455415,53.87604522705078,413.24041748046875
53.29386084787733,428.70260944301646,55.64042369813274,411.4110642827204,55.36475372314453,413.44244384765625
55.03782896948249,429.7086976258704,57.11018149839782,411.3754148979323,56.85745620727539,413.6111755371094
56.755424901265954,430.8763645653121,58.594582023096194,411.1619437855183,58.35307693481445,413.7507019042969
58.541639120193125,432.36057468986,60.06832201537555,410.81459369535014,59.85274887084961,413.8569641113281
60.360223021998515,434.15646886176785,61.5332640439778,410.3353589780343,61.356201171875,413.9309997558594
62.21887650711128,436.3150714227942,62.98345324330706,409.7761397536525,62.86250305175781,413.9743957519531
64.14642557409935,439.0868637361909,64.41537616875925,409.1881700728724,64.37220001220703,413.98797607421875
66.14398721718557,442.422997904134,65.83854078124298,408.57452157110663,65.88726806640625,413.97430419921875
68.32848482234854,447.3194561837417,67.24372917997299,407.98462972159564,67.40775299072266,413.932373046875
72.3447676401833,488.9355718588756,68.63873077691485,407.36972950848343,68.93376159667969,413.863037109375
75.00220105780745,486.0745881297238,70.02787243303898,406.7806315470256,70.46614074707031,413.76690673828125
77.477729042463,483.229778106705,71.37254044309731,406.1715813447935,71.96489715576172,413.6481628417969
79.82446118312575,480.40355625074244,72.7122475282766,405.5411275041193,73.4688720703125,413.5052795410156
82.06317948329412,477.5483697378593,74.05643417497578,404.9894416491793,74.97776794433594,413.3387756347656
84.18859970814746,474.71961481053114,75.4057565264515,404.46713961713556,76.49121856689453,413.1495666503906
86.33310102113121,471.74796690922216,76.74039284237169,403.97407974884595,78.0086898803711,412.9347839355469
88.4655606104874,469.8510229413825,78.04028069676232,403.46521337407086,79.49083709716797,412.7020263671875
90.39235417719901,467.03922187982346,79.34600868269564,402.9852762076434,80.97748565673828,412.4456481933594
92.21001186700639,464.3145083691473,80.77015282111326,403.074353638288,82.46870422363281,412.1670837402344
93.92911783621588,461.6291804089499,82.07955517724903,402.4544082288245,83.96450805664062,411.8675537109375
95.36822519774857,458.10635175485754,83.39478233457667,401.81611476403765,85.46492767333984,411.54840087890625
96.91182588606641,455.61011755026163,84.68073358264688,401.2187606143245,86.92951965332031,411.21905517578125
98.41939807718785,453.14914480553625,85.96566085149614,400.6052002027569,88.39877319335938,410.8708190917969
99.89021957272614,450.67263956438984,87.24702363935127,399.97571251783535,89.87247467041016,410.5032958984375
101.34264796364185,448.27956745862775,88.52619357322337,399.3299096158531,91.35039520263672,410.1163330078125
102.76257222876782,445.87038197989784,89.81330606853754,398.7163682998333,92.8321762084961,409.70941162109375
104.10254944210475,443.56410416314293,91.06535733466289,398.09653641231273,94.27644348144531,409.2952880859375
105.8059432248554,442.6932780794255,92.32583973467013,397.4593798878991,95.72444915771484,408.86376953125
107.14808790586234,440.6577512887425,93.60131092168298,396.8549098740149,97.17638397216797,408.41473388671875
108.46101972077432,438.6111114095684,94.87779919302923,396.23505191982645,98.63228607177734,407.94805908203125
109.7222769608849,436.5089995564127,96.14285836870444,395.5515966349682,100.09239959716797,407.4639587402344
110.94192886021747,434.4536018504849,97.39269716875634,394.96347359598224,101.5142822265625,406.9761047363281
112.14086774082855,432.493059836236,98.63954421206138,394.30987187357596,102.93998718261719,406.47198486328125
113.31862965918471,430.57662254025615,99.91307955568482,393.68695883653055,104.37023162841797,405.9522399902344
114.4677608953754,428.6551062537652,101.19422952862753,393.0488034568313,105.8050537109375,405.4173583984375
115.63849933675166,426.8165180199202,102.47551170877827,392.3976956574652,107.24420928955078,404.8669738769531
116.75319716070064,425.03876879357273,103.74328060687958,391.79375972897355,108.64479064941406,404.3188781738281
117.87397952063412,423.3534562845793,105.00454294320447,391.1281951285774,110.0484848022461,403.75830078125
118.97341969126373,421.66513400569033,106.29280976250804,390.4958270313467,111.45550537109375,403.1858825683594
120.07958158757846,420.0166869142271,107.58353716790832,389.8525769725199,112.86518096923828,402.6018981933594
121.18932564272399,418.353791330188,108.8644762982123,389.20205443557853,114.27729034423828,402.0048828125
122.30568977424676,416.7860475103888,110.16609936307101,388.5336689986567,115.69306945800781,401.39654541015625
123.38999244947279,415.2765888213116,111.44990604413609,387.9185649325919,117.0699462890625,400.7956237792969
124.46821521393873,413.75976807986086,112.73632440950661,387.2933830962862,118.45030212402344,400.1837463378906
125.56865498928032,412.27646796822205,113.99492522316281,386.6156947000798,119.83318328857422,399.5600280761719
126.67434542057005,410.83530349662186,115.28414795870842,385.96987314772633,121.21871185302734,398.92535400390625
127.79514162001507,409.4318160205827,116.59635178609602,385.35915393440735,122.60700225830078,398.2795104980469
128.92973591334578,408.0668083314582,117.89117102581906,384.6921252368732,123.99761199951172,397.622802734375
130.05963959991203,406.69356561642746,119.18681436714529,384.0152240903835,125.39059448242188,396.9549560546875
131.16201015864243,405.3788178314734,120.46314462155867,383.3938328422549,126.74243927001953,396.2970886230469
132.28329197032895,404.09979919801253,121.73815121610251,382.76338424458925,128.09625244140625,395.62799072265625
133.42138649753412,402.8575672417082,123.01586720731349,382.12190729970644,129.45204162597656,394.9476318359375
134.5775866767675,401.6514447908999,123.95522897672096,380.8013129344358,130.80982971191406,394.2558898925781
135.7301514649362,400.436361877787,125.18772188974916,380.0510231835861,132.17007446289062,393.55242919921875
136.90158805848733,399.2572094358267,126.44744945084027,379.33327364059636,133.5330352783203,392.8372802734375
138.06979630094182,398.0692303432982,127.68702140927358,378.5599989378211,134.89859008789062,392.11053466796875
139.23763921189712,396.9848266542136,128.9108213342756,377.8426907942468,136.22268676757812,391.3962097167969
140.40354381071242,395.8915982585859,130.16134297348216,377.15869265828917,137.54916381835938,390.67095947265625
141.59025101373481,394.8347254133636,131.4439329267295,376.50560761137154,138.87811279296875,389.935302734375
142.80062500794324,393.81264202600386,132.73010789067712,375.841931702536,140.2096710205078,389.1891174316406
144.01108546297823,392.7809601284315,134.04221822963433,375.2121430053876,141.54354858398438,388.4322509765625
145.2455882670633,391.7836233628056,135.33367671828617,374.52773774571006,142.8796844482422,387.6647644042969
146.4799248755103,390.77699330205695,136.6547639172083,373.8752120009842,144.2183837890625,386.8865661621094
147.66608124172856,389.7909159411639,137.9468508700264,373.2325953173329,145.5146942138672,386.12567138671875
148.849833883588,388.800280464977,139.2530439934535,372.5760554463206,146.81338500976562,385.35748291015625
150.0570990086107,387.84962317168464,140.5752511002687,371.90602303637417,148.11473083496094,384.58355712890625
151.2405337242285,386.8508328600912,141.90127092737507,371.22971045370605,149.4188690185547,383.8038635253906
152.42543159642167,385.84743285687983,143.23375950906166,370.54589930448606,150.72613525390625,383.0185852050781
153.63743978644044,384.8832350761255,144.60225959911662,369.89601566599447,152.03692626953125,382.2283630371094
154.87659660881448,383.9593818104697,145.95677074799056,369.1945449495975,153.35118103027344,381.43438720703125
156.1170686810797,383.03455168327696,147.3250538507527,368.484580871344,154.66897583007812,380.6380920410156
157.30814567356472,382.02341295745526,148.72838234020955,367.8125439548175,155.99017333984375,379.8404235839844
158.63130705568963,381.2266825032358,150.11984556924844,367.0914025061704,157.31590270996094,379.0421447753906
159.98406451374677,380.47347849738514,151.52166264552932,366.36704895810493,158.64654541015625,378.243896484375
161.26995601794926,379.7048264492986,152.88104914926927,365.6709452286541,159.93594360351562,377.47314453125
162.58560461224266,378.9797113614799,154.2725135728486,365.0170443103067,161.2299346923828,376.7027282714844
163.8792304735413,378.21297558842906,155.64472379740906,364.3199401099808,162.52806091308594,375.9333190917969
165.2010535953504,377.4916113400689,157.02340974388161,363.62304403770815,163.82965087890625,375.16583251953125
168.49919237985927,380.1363204345132,158.40439232646682,362.9287900352748,165.13426208496094,374.4004821777344
169.44145448981055,378.77560311741445,159.78577680311787,362.2380156783381,166.44139099121094,373.6372985839844
170.38857002791937,377.41543775834646,161.167139263052,361.5507299562942,167.7502899169922,372.8764953613281
171.3645850142419,376.09978853005094,162.55051932666026,360.86583521180705,169.0609130859375,372.1181945800781
172.34580558327218,374.7842901289059,163.9338617473853,360.18419896982243,170.37387084960938,371.3617248535156
173.33126515224106,373.46964849590023,165.32015125974195,359.50422762655757,171.68923950195312,370.607177734375
174.5200646043051,372.5027509915306,166.68379186853906,358.78292082778614,173.0073699951172,369.85430908203125
175.86040911573247,371.79821192522866,168.07586393103855,358.1064534559776,174.32821655273438,369.10333251953125
177.20365328606078,371.09531177999446,169.44495105330648,357.38889263179595,175.65191650390625,368.3540344238281
178.54926730644715,370.3946497218203,170.8432728371063,356.7158881129481,176.97862243652344,367.60662841796875
179.8978576300384,369.69575561897574,172.21892469311646,356.00178426740035,178.3082733154297,366.86102294921875
181.27349271482782,369.0425101586153,173.59763559039567,355.2895259890919,179.64085388183594,366.1172790527344
182.62743714748433,368.3476257759572,175.00362896226207,354.6228893951235,180.97642517089844,365.3753967285156
183.9845191036447,367.6543233233761,176.3869216070071,353.9150604333527,182.3149871826172,364.63519287109375
185.34426610055485,366.96286384587773,177.77283842381377,353.20916223752477,183.6563720703125,363.8967590332031
186.7072168886489,366.27259615046574,179.15913234562856,352.50607018198724,185.00048828125,363.1597900390625
188.07270180022377,365.58391185948875,180.54810543984615,351.8045338025367,186.34732055664062,362.42431640625
189.44098364127967,364.8965203806479,181.93868722162978,351.10498852344034,187.6968231201172,361.6902160644531
190.8117406933209,364.210859326794,183.3337821905282,350.40611624041895,189.04942321777344,360.95751953125
192.16239373184413,363.4819362021245,184.7296522907017,349.7095855960218,190.40513610839844,360.2258605957031
193.5392167501306,362.79869875825875,186.13008748349816,349.0136313809802,191.7638702392578,359.4955749511719
194.91950258759925,362.116297182069,187.50806784934414,348.2757258355464,193.1256561279297,358.766357421875
196.30201677518718,361.4355719647267,188.91331964211506,347.5828492263271,194.49014282226562,358.03857421875
197.68869389107195,360.7548955910435,190.31798529943026,346.89259347480083,195.85775756835938,357.3114013671875
199.0561762868205,360.02946243987344,191.69865435906283,346.1601568989513,197.228515625,356.584228515625
200.45020868444075,359.34813543831115,193.10525953641806,345.4721677375887,198.60227966308594,355.8570556640625
201.79923099045303,358.6911919095199,194.4354841510128,344.7686026742547,199.9290771484375,355.1553039550781
203.12647369487655,357.9898999052395,195.7917828631086,344.1085073045471,201.2577667236328,354.4532470703125
204.479904570555,357.33133808289267,197.14535572063508,343.44987073199775,202.58787536621094,353.7504577636719
205.81056175206214,356.62894851746273,198.4816353069806,342.7445119135379,203.91998291015625,353.04730224609375
207.16770270438403,355.9695485984785,199.84228551734265,342.08326019294617,205.25469970703125,352.34320068359375
208.52715542988875,355.30954557784054,201.183436710425,341.3763820322386,206.59214782714844,351.6382751464844
209.8665423133714,354.6039534722351,202.5490199532523,340.713503185978,207.9322967529297,350.9322814941406
211.23098959024864,353.9422845162624,203.8951326623982,340.00498010855136,209.27476501464844,350.2256774902344
212.57466459672688,353.23552387541895,205.2659699426745,339.34042671492205,210.61947631835938,349.51837158203125
213.94475021806622,352.57173953672896,206.61580439114863,338.6307996801339,211.96710205078125,348.8099060058594
215.31879322709833,351.90620308651,207.99250294329497,337.96386749678396,213.318603515625,348.0997314453125
216.6743456471276,351.19434038207,209.3748521453552,337.29440738714493,214.6751251220703,347.3873596191406
218.0588382366309,350.52444608498564,210.81133239823163,336.71016415880166,216.03790283203125,346.6723937988281
219.4261848393688,349.8079439585811,212.25511796852024,336.12295213229567,217.4071502685547,345.95489501953125
220.823002519115,349.1335722458462,213.70708460330803,335.5325834098626,218.78326416015625,345.23492431640625
222.15083550225316,348.4407704918284,215.42031951690308,335.54103347279755,220.11549377441406,344.5398254394531
223.50775006596592,347.7915737165993,216.7953459687998,334.88240287469176,221.45481872558594,343.8434143066406
224.84906152415027,347.09642228519795,218.15401019038126,334.17824330256246,222.8014373779297,343.1455078125
226.22062095178003,346.4441379640223,219.519457802103,333.47282420918214,224.1551971435547,342.4461364746094
227.57602209615288,345.74624368216496,220.9152946736497,332.81033355599595,225.51600646972656,341.7454528808594
228.9364992845523,345.04835157137296,222.29544575963862,332.10233022624766,226.882568359375,341.04443359375
230.29637174853812,344.35337459209865,223.67497392673786,331.39728909243223,228.24851989746094,340.3463439941406
231.68881563673858,343.7006196881608,225.06513024685717,330.68957207695877,229.6245880126953,339.64581298828125
233.06690924267804,343.0015496660631,226.4618911098885,329.9810157464953,231.0084991455078,338.94378662109375
234.45073350643608,342.3021918035869,227.86533424367644,329.27172425114884,232.3984375,338.2413330078125
235.78758166074866,341.6286794812328,229.2185514566646,328.58995215595576,233.74038696289062,337.56524658203125
237.1300451495874,340.9544111920161,230.5770899087643,327.90759756964593,235.08786010742188,336.8884582519531
238.47816228560012,340.2792765414314,231.9404732764183,327.2248064064807,236.44073486328125,336.2109375
239.8321830479109,339.6028848472868,233.3076108209733,326.5418540556314,237.79884338378906,335.5325012207031
241.19170544003677,338.9252866187623,234.67899877192875,325.8583351785726,239.1620635986328,334.8530578613281
242.5562893341457,338.24673259491664,236.03334662371148,325.1290234193204,240.5303955078125,334.1726379394531
243.92670669277268,337.56661010237247,237.41399914068472,324.44381634646413,241.90399169921875,333.4909362792969
245.27968191553504,336.8409638649967,238.80171232725425,323.7567566632437,243.28305053710938,332.80816650390625
246.66079424120392,336.1586515596852,240.19403401514,323.06890059705444,244.66761779785156,332.1241455078125
248.0475872171528,335.47511850614836,241.57075847624833,322.33457951111,246.05812072753906,331.43878173828125
249.44055117029143,334.7900461763205,242.97513370022102,321.6438888458745,247.45458984375,330.7519836425781
250.81767568047118,334.05850110750913,244.3853197587848,320.95180948140296,248.8571319580078,330.06365966796875
252.16690466811025,333.39748635174374,245.74350640488808,320.2864023829359,250.20909118652344,329.40130615234375
253.5213286744632,332.7351217353403,247.0852994802346,319.57455169334867,251.5663604736328,328.737548828125
254.8592126298091,332.02636929804214,248.45435790211982,318.90621670737875,252.92898559570312,328.0723571777344
256.22421074938336,331.36133421739453,249.80765787197052,318.19125734630165,254.29705810546875,327.40582275390625
257.5950184873432,330.6946766119869,251.18785151752616,317.5200309985362,255.67068481445312,326.73779296875
258.9496837230122,329.9812354810481,252.57183836688046,316.847932138082,257.0494384765625,326.0682373046875
260.33201057793696,329.31052979893525,253.93683657491334,316.1300584458242,258.43310546875,325.3968811035156
261.6977323101873,328.59272250141186,255.3275780578369,315.4556869573343,259.82159423828125,324.7236022949219
263.09032272939726,327.9177342658599,256.70049437003996,314.7346705416309,261.2148132324219,324.0483093261719
264.48792376699254,327.2404590220112,258.09917768193645,314.056870774504,262.61273193359375,323.3708801269531
265.86830151351637,326.5160966691255,259.4805324152823,313.3320350200442,264.01519775390625,322.6913757324219
267.27509190006907,325.8346535148651,260.8885107404481,312.6500163673853,265.4223327636719,322.009765625
268.60639715244287,325.1341034991861,262.2407154431121,311.994900157256,266.7751770019531,321.3543395996094
269.9640160846336,324.47610092052304,263.57446285645756,311.2929038438108,268.1322021484375,320.6966247558594
271.3037547929927,323.7708829787739,264.93352426301817,310.633884422023,269.4930419921875,320.0367431640625
272.6690666468016,323.10839828524865,266.2736224976364,309.9280580106564,270.8573913574219,319.3747253417969
274.01578457120644,322.3989896238036,267.6392884615171,309.26503114023086,272.2251281738281,318.710693359375
275.38772368033045,321.73245881419274,268.9858243589903,308.55525271052437,273.5960693359375,318.0446472167969
276.76259377773084,321.064198132457,270.3583234585033,307.8881441974812,274.97027587890625,317.376708984375
278.11893283662545,320.3489262993125,271.7332473185606,307.21943321886675,276.3475646972656,316.70684814453125
279.50008654277866,319.67670433463695,273.0888181197316,306.50405415227914,277.7276916503906,316.0351257324219
280.8623116229501,318.95747148015585,274.46820153105267,305.8320788696614,279.1105041503906,315.3614807128906
282.2494158115375,318.2810130298863,275.8278608350448,305.1133741265488,280.49609375,314.6857604980469
283.6391682124231,317.60246846084044,277.21153215566596,304.43779689916903,281.8841857910156,314.0080261230469
285.0096449363354,316.87692824921504,278.5981232379957,303.7600318357917,283.2750244140625,313.32818603515625
286.40511121703025,316.1939545849726,279.9649950941765,303.03538346518,284.668701171875,312.6460876464844
287.8029706095595,315.50900365271303,281.35673605672366,302.3534288009514,286.0649108886719,311.9619445800781
289.181644039038,314.77690659576956,282.75086493910555,301.66944043565826,287.4638366699219,311.2756042480469
290.5849034301917,314.0876359701715,284.1260248838745,300.93826395094277,288.865478515625,310.5871276855469
291.9902566203595,313.39674929213317,285.52695156571747,300.2495524674564,290.2696533203125,309.8968200683594
293.3760035518025,312.65923017122014,286.9305929805666,299.55895236879843,291.6763610839844,309.2047119140625
294.72492200236934,311.99491304546,288.2744934360673,298.89710531884185,293.0239562988281,308.5410461425781
296.0756945609964,311.32908770270535,289.5985170320113,298.18871956403297,294.3735046386719,307.8758239746094
297.4286020832543,310.6615994399014,290.94665484877123,297.52358347053973,295.72515869140625,307.2089538574219
298.7611012192428,309.94790911087205,292.2972611868118,296.8567145538655,297.0787353515625,306.5406188964844
303.86029350578843,316.8537039261628,293.6505597229917,296.1881233885439,298.4342956542969,305.87091064453125
305.9077679954905,317.5705695356461,294.98357596810314,295.47334396929,299.7919921875,305.19970703125
302.8366961613133,307.93304532781156,296.34070790225655,294.801965894433,301.1517333984375,304.52703857421875
304.1770898403049,307.21378714114496,297.7003605854912,294.1289643293554,302.5135498046875,303.85296630859375
305.5415455981072,306.53812331449086,299.0626198904615,293.4543879330757,303.87744140625,303.1775817871094
306.9078866815912,305.86116642200216,300.4261967795569,292.77880020369304,305.2430725097656,302.5009765625
308.2762675441998,305.1827174450476,301.7908819969396,292.1021828932995,306.6105041503906,301.822998046875
309.64645102931746,304.50299979042103,303.1359733118413,291.3790980297623,307.9799499511719,301.1436462402344
310.9959987760998,303.7774988127285,304.5061652653612,290.69917025664705,309.351318359375,300.463134765625
312.36985811225,303.0953631325903,305.87705950899436,290.0185063575284,310.72442626953125,299.7813720703125
313.7454596446948,302.41203532187103,307.25016700103004,289.3364171609168,312.0993957519531,299.0983581542969
315.1229271123402,301.7275298017749,308.62572531714477,288.65286018260554,313.47637939453125,298.4140930175781
316.4804450935557,300.99674706342114,310.00278618171455,287.96819951908697,314.85546875,297.7284240722656
317.8624277430934,300.3091760305966,311.3589922394656,287.2376057182773,316.236572265625,297.0412902832031
319.24606444163925,299.6204110826605,312.73982041920766,286.550238455632,317.6195068359375,296.3528747558594
320.63146707269965,298.93038156158485,314.12230880899745,285.8616600297046,319.0041809082031,295.6632080078125
322.0183767119891,298.23933854024796,315.50723418385644,285.17160550203147,320.3905944824219,294.972412109375
323.40701528462586,297.5470954810397,316.89332041373615,284.4806344870025,321.7785949707031,294.2804870605469
324.7750524349498,296.80896133312615,318.2814690636036,283.78834314386586,323.16839599609375,293.5873718261719
326.1672048949141,296.1144420148396,319.6718883435335,283.0946883332801,324.56011962890625,292.89306640625
327.56117744107104,295.4189207739341,321.06515877784113,282.399517386755,325.95391845703125,292.1976318359375
328.95722227128556,294.72225659478204,322.46038992041645,281.7032592280175,327.3497619628906,291.5010681152344
330.3551792373728,294.02446858274624,323.857082152918,281.006102429034,328.7474060058594,290.8034362792969
331.7555151615594,293.3251250833152,325.23233925305533,280.2633944625935,330.1470642089844,290.10443115234375
333.1359416125277,292.57946828653695,326.63237385995944,279.5638339778732,331.5491638183594,289.4038391113281
334.5408325750512,291.87706871570896,328.03420449849636,278.8629640195533,332.95330810546875,288.7018127441406
335.88377962446987,291.20530521611994,329.37456379180605,278.1924946352765,334.2956237792969,288.0303649902344
337.2289139018386,290.53200533794285,330.7162758980238,277.52090714446285,335.6399230957031,287.35748291015625
338.5758496372282,289.85739252063416,332.06003584651666,276.84788443562627,336.986083984375,286.6832580566406
339.92469847481226,289.1813497605986,333.40524753792624,276.1736639767765,338.33404541015625,286.0076599121094
341.25333118912755,288.4588717833188,334.7513838117758,275.4983428786309,339.68389892578125,285.3304748535156
342.60602117999133,287.77968664138206,336.0996556196745,274.82137516254255,341.0355224609375,284.6518249511719
343.9604260078443,287.09912511779856,337.4501237388996,274.14279100841117,342.38897705078125,283.97174072265625
345.3166253123353,286.4173312552459,338.80380217504796,273.4622641396531,343.74456787109375,283.2902526855469
346.6741102868249,285.734972840481,340.16191074844744,272.7795922455522,345.1022033691406,282.6078186035156
348.0337105537335,285.0516943898569,341.5226006484973,272.09576613330046,346.4620666503906,281.9244079589844
349.3956585427632,284.36736405098463,342.88552067051677,271.41094733680615,347.8242492675781,281.2399597167969
350.75992418039715,283.68198160878086,344.25063890130286,270.72513653204754,349.188720703125,280.5544738769531
352.12653005830725,282.9954745447128,345.6176314777939,270.0384352048137,350.555419921875,279.867919921875
353.4729061829912,282.2631499625182,346.9862587991376,269.3508870271107,351.9241943359375,279.1802978515625
354.8439781265694,281.5743178532931,348.3569107959674,268.6622658922844,353.295166015625,278.49151611328125
356.2172926182528,280.8842267984923,349.72923221828546,267.9726738073944,354.6682434082031,277.8015441894531
357.5928274297971,280.192857574546,351.12600387997884,267.32659106465593,356.0434875488281,277.1103210449219
358.97069779189206,279.5000913618763,352.5022111918944,266.6346608664108,357.42095947265625,276.4177551269531
360.35068890268974,278.80611252332585,353.8811133841358,265.9412295725279,358.8006896972656,275.7239074707031
361.73321219089223,278.11057691111813,355.2615319921499,265.2467525912197,360.1827087402344,275.02862548828125
363.09549074600403,277.3690028917118,356.644417153015,264.5507826783177,361.5670166015625,274.3319396972656
364.48242832169484,276.6708334644831,358.03017354881683,263.85320777611565,362.95367431640625,273.6339111328125
365.8716689759533,275.9714060295703,359.4186880462032,263.15414590653677,364.3427429199219,272.9345703125
367.2630580061558,275.2709664466691,360.810587682403,262.45344926656304,365.7342529296875,272.23406982421875
368.6572109296691,274.5690371008278,362.2040189263521,261.75188324712263,367.12823486328125,271.5322265625
370.053782216677,273.86582245685145,363.60009459038577,261.0489181518533,368.5246887207031,270.8290710449219
371.45282109987147,273.16128236251024,364.99852731343486,260.34468329491085,369.923583984375,270.1246032714844
372.8545118644853,272.4552019189521,366.39872358700677,259.6393555693116,371.3249206542969,269.418701171875
374.258545440743,271.7478285617601,367.8019364051401,258.9323956895316,372.728759765625,268.71142578125
375.6423991626943,270.99452166828416,369.2074668928149,258.2241549614518,374.1349182128906,268.00286865234375
376.98415208705165,270.31828846123307,370.54823500371515,257.5484180452372,375.4764404296875,267.3267517089844
378.3283660274336,269.6406566716774,371.8912501537271,256.8713905074303,376.82037353515625,266.6492614746094
379.6743657264913,268.96216394328314,373.2375471093472,256.19274793334375,378.16644287109375,265.9707336425781
381.0226671539152,268.28247402158695,374.5855696074701,255.51319861839906,379.5146789550781,265.29107666015625
382.37342467240586,267.6014487993131,375.9355947040659,254.83254264241572,380.8652648925781,264.6101379394531
383.72630606935934,266.9193316756841,377.2883174830687,254.15050549205625,382.2181091308594,263.92803955078125
385.0815027882799,266.23601100236124,378.6432424489964,253.46732183907915,383.5732421875,263.2447509765625
386.4389240492385,265.5515169051051,380.00027552307296,252.78302348178315,384.9305725097656,262.560302734375
387.77579373945014,264.8213669770404,381.35949421512214,252.0976010740868,386.2899169921875,261.87481689453125
389.13679774881234,264.13514365378296,382.7212389140501,251.41100426533077,387.6510925292969,261.1885070800781
390.49970185689443,263.44809255739455,384.0851126893007,250.72346430545556,389.01422119140625,260.5013427734375
391.8648748876448,262.7598446546604,385.4498917125863,250.03541503275704,390.3793029785156,259.8131408691406
393.23181085140044,262.07062350270564,386.8162007083899,249.3465099841946,391.74609375,259.1239929199219
394.60040713978213,261.38052673989915,388.1845119316371,248.6565569577456,393.1146240234375,258.4339294433594
395.9707950791649,260.68945763279675,389.5543896163382,247.96574515271988,394.4848937988281,257.742919921875
397.3427737989491,259.99763980637437,390.9267638509589,247.2737278809347,395.8569641113281,257.0510559082031
398.7166450523125,259.3048138946633,392.30023801864616,246.58110220674095,397.2307434082031,256.3582763671875
400.09232505670815,258.61094570744586,393.67495834515955,245.88771801835048,398.606201171875,255.66452026367188
401.4697913103827,257.91600092193795,395.051131276343,245.19342564385536,399.9833679199219,254.9697265625
402.84887064073666,257.2200510741737,396.42880430902994,244.49818538412882,401.36212158203125,254.27394104003906
404.22964852254233,256.5230227809074,397.8079573830644,243.80197717733353,402.7425231933594,253.5771026611328
405.61220729804836,255.82481355232602,399.1884490518715,243.10481165241538,404.1246032714844,252.87913513183594
406.9964301475244,255.12543609200668,400.57027160343415,242.40664665647972,405.5082702636719,252.18003845214844
408.38223408412756,254.42491686870787,401.95356862321376,241.70739436113158,406.89349365234375,251.4798126220703
409.7696017806446,253.7232954948878,403.33866116767194,241.0069233246706,408.28033447265625,250.77845764160156
411.1584611585511,253.0207002041275,404.72592018784616,240.30513749541274,409.6688232421875,250.0760498046875
412.5489115980232,252.31709586001656,406.11488414060517,239.60228524340704,411.0589294433594,249.37261962890625
413.94106470480904,251.61241110034632,407.50544625822516,238.8984056909938,412.4507141113281,248.66812133789062
415.3347881456805,250.90675850108818,408.8979138668963,238.19338885106293,413.8441467285156,247.96261596679688
416.73006085461174,250.20022524757755,410.2924886484444,237.48720898748263,415.2392578125,247.25616455078125
418.12690924323726,249.49285902695814,411.68908296402327,236.7799714266638,416.63604736328125,246.548828125
419.52549633362895,248.7845776827534,413.0874194367283,236.07181699875363,418.0345764160156,245.840576171875
420.9257322156199,248.0754261595098,414.4874010634727,235.3627942402593,419.43475341796875,245.13145446777344
422.32769971907686,247.36544017966762,415.88967546405013,234.6526528365731,420.8367919921875,244.4214324951172
423.7316214031773,246.65441508524796,417.29324058315234,233.9418083204892,422.2406311035156,243.71044921875
425.15975030889916,245.9872187907672,418.69908172094017,233.2298530540068,423.646240234375,242.9986114501953
426.56704606532156,245.2746303800338,420.1071242663568,232.51688647696974,425.0537109375,242.2859344482422
427.9056246444671,244.59711974081523,421.447846703474,231.83829051514834,426.3927917480469,241.60816955566406
429.24601137922275,243.9190412871862,422.790865852728,231.15888002736338,427.7337951660156,240.92977905273438
430.58778475907076,243.24063582983555,424.1354751816645,230.47904030802792,429.07623291015625,240.25103759765625
431.93104774555513,242.56182078215323,425.4813381434129,229.79891103582412,430.42010498046875,239.57191467285156
433.27556022942326,241.88283968054017,426.82936984419905,229.11815211435385,431.76544189453125,238.89251708984375
434.6213369154834,241.20373009713202,428.17900114156015,228.43709667555464,433.11212158203125,238.21295166015625
435.9684952982087,240.52432523133922,429.52919663863867,227.75615966545752,434.4599914550781,237.53318786621094
437.316652667344,239.84490958282908,430.8810770179908,227.0748670924393,435.80902099609375,236.85333251953125
438.6660854091595,239.16531349572463,432.2339994039662,226.39351296617104,437.1592712402344,236.17332458496094
440.0167501480241,238.4856049315158,433.58849638502375,225.71187514325973,438.5108337402344,235.4931640625
441.36894742995224,237.80552593565787,434.92124994965656,224.98560690368123,439.8637390136719,234.81272888183594
442.72229398404545,237.12548341275883,436.27924247923823,224.30322877130635,441.2181701660156,234.13214111328125
444.0772245216541,236.44510560086573,437.6376550221473,223.62110187952857,442.57391357421875,233.45135498046875
445.43373395537355,235.76422742529527,438.9963735585126,222.93911464197936,443.9309387207031,232.7702178955078
446.7916476680909,235.0829369151993,440.3564943588569,222.25671655725665,445.28936767578125,232.0886688232422
448.1509553607401,234.40119332053737,441.7176590666176,221.57404143183354,446.64910888671875,231.40670776367188
449.5112091534038,233.71934308837382,443.08068471219576,220.8908013865718,448.010009765625,230.7245330810547
450.87266759248894,233.0370578301377,444.44341508661097,220.20787862804104,449.37176513671875,230.04209899902344
452.2345713501605,232.35491641612117,445.8080820623807,219.5243528190729,450.73431396484375,229.35963439941406
453.59721658341965,231.67267864562757,447.15041332250337,218.7963685306927,452.0974426269531,228.67715454101562
454.9608865527947,230.98989757981695,448.51385535866933,218.1137015870981,453.4610595703125,227.99440002441406
456.32489236797295,230.30691807224352,449.87763258535625,217.4308365348973,454.82501220703125,227.3114471435547
457.68934837396444,229.6236523928647,451.24163019428204,216.7478003924599,456.1893615722656,226.62823486328125
459.0542776654553,228.94002790708228,452.6056408269248,216.0646359757397,457.5540771484375,225.94471740722656
460.41952775891394,228.25605979273328,453.9695115511637,215.38135881054757,458.91900634765625,225.2609100341797
461.7846998677934,227.57225323689508,455.33560721357856,214.69708961081687,460.2843933105469,224.57699584960938
463.1504227548503,226.8880488191863,456.7004108462932,214.01334568317552,461.64990234375,223.8928985595703
464.5165529465606,226.20356452159615,458.0659698629067,213.32914755064897,463.0158996582031,223.20848083496094
465.8830694584128,225.5186425752062,459.4306481370649,212.6451467969512,464.3819885253906,222.52377319335938
467.2496083401832,224.83355699857938,460.7960397055752,211.960636337776,465.7482604980469,221.8388214111328
468.59386796305364,224.10370977789142,462.16271145229314,211.27548466447163,467.11492919921875,221.15367126464844
469.9609092553676,223.4181744922706,463.5282652397273,210.59069521555693,468.48162841796875,220.4683074951172
471.32785873696093,222.7328232591797,464.89624974296134,209.9048249985478,469.84881591796875,219.7828369140625
472.69537433494963,222.04705096343923,466.2627367253037,209.21956847428962,471.2160949707031,219.09718322753906
474.0631445739748,221.36116698307418,467.630627037285,208.53362428126843,472.5838928222656,218.41128540039062
475.4310517499796,220.67516860085158,468.9981915221048,207.84779775117633,473.95172119140625,217.72532653808594
476.79940725375883,219.98886967873912,470.3659799556255,207.1617832275568,475.3199462890625,217.03909301757812
478.16799892749907,219.30234576711524,471.7337738084751,206.47565949418438,476.6883544921875,216.3526611328125
479.5367322572427,218.61582782518775,473.1030839096642,205.7888522437745,478.0572204589844,215.66607666015625
480.88358769533335,217.88417870406403,474.4711055338453,205.10252367386278,479.42620849609375,214.97926330566406
482.25291805513274,217.19711767267032,475.83986961400655,204.41574675737957,480.79541015625,214.29226684570312
483.6225882571721,216.50982572531152,477.20908955892423,203.7286807363035,482.16497802734375,213.6050262451172
484.99262143453643,215.8220769320879,478.5770753843287,203.0419594967849,483.5345458984375,212.91751098632812
486.36258011993436,215.13435095816084,479.9469258146823,202.3542878668466,484.90447998046875,212.22979736328125
487.73298544225446,214.44624859627754,481.31619761871866,201.6667545996361,486.2746276855469,211.5418243408203
489.1035205960719,213.7578521154268,482.6850279944449,200.97921425744948,487.644775390625,210.85362243652344
490.4739951985831,213.0695633514345,484.0560784096356,200.29063628878106,489.015380859375,210.16526794433594
491.8449546271378,212.38089402233055,485.42601752224743,199.6024794404689,490.3861083984375,209.47671508789062
493.1936898615888,211.64732853896786,486.796409146327,198.91398917417143,491.7571105957031,208.7879180908203
494.5648181713155,210.9585757206382,488.16833484910546,198.22483577364602,493.12841796875,208.0990753173828
495.9362779812586,210.2695648164253,489.5391158370442,197.53616588175095,494.4997253417969,207.41014099121094
497.3080462950745,209.5804153439021,490.9110059016997,196.84695524326702,495.87152099609375,206.72097778320312
498.6803648012498,208.89073024314993,492.28140377476956,196.15823521230374,497.243408203125,206.03150939941406
500.052678173097,208.20086486991963,493.65236297288703,195.4690504954129,498.61541748046875,205.341796875
501.4248386418487,207.51126066319958,495.02588864916913,194.77876008711,499.9878845214844,204.65203857421875
502.7977116920412,206.82105413837897,496.39695368588184,194.08946237318628,501.3603515625,203.9620361328125
504.17064505302295,206.13066524117937,497.7687617534903,193.39963927513483,502.7330322265625,203.2717742919922
505.54343658452433,205.44050126971612,499.1426903639389,192.708903579379,504.1060791015625,202.58148193359375
506.91674207866595,204.74994163512227,500.5149800911348,192.0188546672339,505.4791564941406,201.8910369873047
508.29013301517915,204.05946256187428,501.8668258889199,191.2832438269355,506.8527526855469,201.20045471191406
509.6637342331444,203.36889310207718,503.2405410201213,190.59261709733195,508.22637939453125,200.50987243652344
511.0378320794323,202.67793729481625,504.61362447282625,189.90217132057896,509.6002502441406,199.81903076171875
512.4119356835927,201.98704056825065,505.9881880857731,189.2110432920784,510.9744567871094,199.12808227539062
513.7640362317641,201.25104427846514,507.3612831222616,188.52045547265442,512.3486938476562,198.43692016601562
515.1384922937425,200.55961933243387,508.73461040534306,187.82959830011401,513.722900390625,197.74562072753906
516.5130677697556,199.8683194360858,510.1105541271076,187.13761019505836,515.0977783203125,197.05416870117188
517.8882821355974,199.17679118245624,511.4864554127154,186.44573649974947,516.47314453125,196.36256408691406
519.2638726184712,198.48493645247754,512.8610313298883,185.7543919960494,517.8485107421875,195.6708221435547
520.639662380606,197.79272204422503,514.2349050229676,185.0631414575107,519.223876953125,194.97882080078125
522.0150784147709,197.100665115277,515.6100956658576,184.37119793436173,520.5992431640625,194.2867889404297
523.3908260392716,196.40831984204587,516.9849461803849,183.67930409229575,521.9747924804688,193.59454345703125
524.7666746517555,195.71633879703364,518.3638586237413,182.98578163580615,523.351318359375,192.9022216796875
526.1432005306617,195.0240170196899,519.7179184311286,182.24879113669846,524.7278442382812,192.20989990234375
527.5201744961204,194.33119517493282,521.0928582215039,181.55699258040323,526.1043701171875,191.51730346679688
528.8967252655667,193.63857095682997,522.4692959955563,180.86442521634893,527.4808959960938,190.82469177246094
530.2733387625022,192.94616082414572,523.8477283802405,180.17110005578124,528.85791015625,190.132080078125
531.6509215450143,192.25332615775793,525.2257776813425,179.4780307501692,530.235595703125,189.43919372558594
533.0286319678611,191.5604120352938,526.6033751749308,178.78517342441307,531.61328125,188.7462921142578
534.4064916372492,190.86731603144875,527.9804443816822,178.0924750113321,532.990966796875,188.05328369140625
535.7844756420378,190.17397435190392,529.3570734793708,177.39981497214907,534.36865234375,187.36009216308594
537.1624925437679,189.48052512056867,530.7344173744991,176.7067043907218,535.7465209960938,186.66671752929688
538.5406865085154,188.78738656336714,532.1155678143117,176.01207849720174,537.1253662109375,185.97325134277344
539.9195565784833,188.09389261746531,533.4943250496633,175.31864130012934,538.5042114257812,185.27976989746094
541.2988739777527,187.3998837233632,534.849025487197,174.5810456869724,539.883056640625,184.58599853515625
542.6777191925964,186.7061123610585,536.2278707020407,173.88727432466771,541.2619018554688,183.89222717285156
544.0567962626824,186.01219439927294,537.6067256893448,173.1934681071132,542.6409301757812,183.19833374023438
545.4362387475713,185.31840059631824,538.9884521651151,172.49852531059724,544.0208740234375,182.50428771972656
546.8162185031294,184.62435195469286,540.3685463895245,171.80441909723277,545.40087890625,181.8102264404297
548.1964717108682,183.93001318094636,541.7476683368182,171.11064934348613,546.7808837890625,181.1160125732422
549.5767000578422,183.23554955950183,543.126878678187,170.41669788219133,548.160888671875,180.42166137695312
550.9570143371022,182.54122769867828,544.5085639781594,169.7216862824422,549.54150390625,179.72718811035156
552.3380025074013,181.84667530089456,545.8903556612826,169.02672973540643,550.9226684570312,179.0325469970703
553.7193407436725,181.1518400162183,547.2709026619431,168.33229242433956,552.3038330078125,178.33779907226562
555.1008030033752,180.45675921384816,548.6510086891807,167.63789391855283,553.6849975585938,177.6428680419922
556.4822489350942,179.76162614636738,550.0320069205723,166.9429861206689,555.0663452148438,176.94778442382812
557.8640971146089,179.0665836528033,551.4160237279622,166.24685261994767,556.4486694335938,176.25250244140625
559.2467931658889,178.3708857332899,552.7970258718292,165.55200684288684,557.8309936523438,175.55699157714844
560.6291173846389,177.67537486903208,554.1793500905792,164.85649597862903,559.2133178710938,174.86148071289062
562.0117947811372,176.979656746796,555.5618088109767,164.16088788472987,560.595947265625,174.16578674316406
563.394927532899,176.28392580621505,556.9465411810032,163.4643521935309,561.9794311523438,173.46987915039062
564.778708631296,175.58768558756623,558.328968312159,162.76879312487497,563.3629150390625,172.77378845214844
566.1626494329269,174.89112101196,559.7111056576668,162.07313610518753,564.7464599609375,172.07742309570312
567.5467832670115,174.19466062416035,561.0967274083592,161.3759269279402,566.1309204101562,171.38079833984375
568.9317970025006,173.49752913779136,562.4800547609924,160.67964412490866,567.5155639648438,170.68385314941406
570.3170836625189,172.79986342668488,563.8624117126095,159.98345347017226,568.9002075195312,169.98651123046875
571.7021047740255,172.10228668937202,565.2471030875636,159.28604280194082,570.28515625,169.28897094726562
573.0876064041767,171.40465414470765,566.6339786420995,158.58771836181126,571.6709594726562,168.5911865234375
574.4734837640483,170.7067866134612,568.0195182650369,157.8900208946102,573.0567626953125,167.8933563232422
575.8596038426382,170.00875194914298,569.4053070842821,157.19215304344974,574.4428100585938,167.1953582763672
577.2460675439966,169.31085264503128,570.7940448749973,156.49310878610416,575.8297729492188,166.49720764160156
578.6335243072438,168.61214818122718,572.1792517692088,155.79553707847813,577.2167358398438,165.7987518310547
580.0211290365195,167.9129723290836,573.5639325605274,155.09783410022396,578.6036987304688,165.0998992919922
581.4084085698238,167.21391541037437,574.950881805981,154.3989436098358,579.9909057617188,164.40087890625
582.7962374913166,166.5144612406929,576.3378240133208,153.69993629820732,581.3785400390625,163.70152282714844
584.184652769523,165.81453036815896,577.7249057881841,153.0006775872259,582.7666625976562,163.00173950195312
585.5733669253476,165.11408251672697,579.110924884126,152.30158873065264,584.15478515625,162.3015899658203
586.9614894839414,164.41393298059415,580.4990474427198,151.60143919451983,585.5429077148438,161.6014404296875
588.3492669670267,163.71417109219826,581.9109087322297,150.94553022245583,586.9310302734375,160.90150451660156
589.7371696765686,163.01440655046946,583.2992553271642,150.24554186915304,588.3190307617188,160.20169067382812
591.1241572704439,162.3148993846895,584.6847453717315,149.54678986061515,589.7056884765625,159.50234985351562
592.5085390197794,161.61660427101185,586.068376071001,148.8488735559154,591.0899047851562,158.80413818359375
593.8889541435922,160.9201701101386,587.4477600693843,148.1529595565985,592.4700927734375,158.10781860351562
595.2651885137176,160.2256119703954,588.8222699105501,147.45927160625843,593.845947265625,157.4134521484375
596.6372733643893,159.53291489872151,590.1926262774125,146.76744701288368,595.2176513671875,156.720947265625
598.0276228341079,158.88684994348426,591.5592667840475,146.0773410800904,596.585205078125,156.03038024902344
599.3910732025619,158.19818054579952,592.9214113500657,145.38933115071043,597.9483642578125,155.34185791015625
600.750398431587,157.51140570191188,594.2793175405785,144.7032731520924,599.307373046875,154.65524291992188
602.1059174409913,156.826196692046,595.6321478214185,144.01942292874347,600.6622924804688,153.9703369140625
603.4571435136452,156.14281367577723,596.9807769869299,143.33735296858825,602.012939453125,153.28724670410156
604.8040509761295,155.4615159620274,598.3495051168503,142.7010505570464,603.3596801757812,152.6060333251953
606.1470352366598,154.78193397846422,599.6904562541846,142.02249717881227,604.7022094726562,151.9266815185547
607.4857761435684,154.1043219460287,601.0278522186197,141.345565808347,606.0406494140625,151.2492218017578
608.8905858870193,153.3930649226257,602.4311883305834,140.63505477961502,607.4451293945312,150.5381317138672
610.3133525358282,152.728701315787,603.8309460716861,139.92629736563987,608.84521484375,149.82920837402344
611.7091247075675,152.02194974513864,605.2266289702758,139.21959099820884,610.240966796875,149.12246704101562
613.1007113503307,151.31710570381864,606.6166645239535,138.51553247149891,611.6322021484375,148.4178009033203
614.4879550967663,150.61421908986358,608.0021291927733,137.81354712265076,613.01904296875,147.71511840820312
615.8710679600161,149.91295266656917,609.3817598797726,137.11404563867097,614.4013671875,147.01425170898438
617.2496761369772,149.2134185274955,610.7562942813202,136.41657780231182,615.779052734375,146.315185546875
618.623868308562,148.51569688421284,612.1273159770225,135.7204654180508,617.1525268554688,145.61782836914062
619.9937159893981,147.8197968886496,613.4943112219778,135.02601409628014,618.521728515625,144.92225646972656
621.3816999581027,147.17045536759954,614.8573326352124,134.3332721733235,619.8865356445312,144.22860717773438
622.7425079256162,146.4785729692327,616.2161490129525,133.642402174541,621.2468872070312,143.53695678710938
624.0993478896378,145.7883372089567,617.5702015143727,132.95358403884222,622.6030883789062,142.8470458984375
625.4518376385812,145.1000956045391,618.9210420996267,132.26618151117802,623.9552001953125,142.15899658203125
626.8002450972836,144.41360344176067,620.2669705570983,131.5809511395292,625.3030395507812,141.47279357910156
628.144337520097,143.72904074404207,621.6090360964816,130.89742055679014,626.6466674804688,140.78846740722656
629.484221324931,143.04635335436612,622.9468807656331,130.21577192797872,627.986083984375,140.10601806640625
630.8864759547671,142.3316107766599,624.3471272621165,129.50205271711127,629.3878784179688,139.39151000976562
632.2842092651879,141.61889993281355,625.7428730262229,128.79035513863664,630.78515625,138.6790313720703
633.6776243727122,140.90796399706093,627.1104446535281,128.03647225746784,632.1778564453125,137.9684600830078
635.0891489031916,140.24352236175145,628.4963098346811,127.32899089730132,633.5659790039062,137.25982666015625
636.4737522555304,139.53599498584882,629.8758035458418,126.62407325615007,634.9494018554688,136.5529022216797
637.8541266081813,138.82962930307764,631.248766680368,125.92149736411815,636.3280639648438,135.847412109375
639.229855456647,138.12457661478226,632.6165855182873,125.22049545214472,637.7019653320312,135.14329528808594
640.6007627272103,137.42100412879162,633.9801102802198,124.5207091280675,639.0711669921875,134.4405975341797
641.9669209579358,136.7188739802538,635.3159798307713,123.77792579845237,640.4356079101562,133.73934936523438
643.328388415104,136.01815704999325,636.6699496948979,123.08106496829508,641.7953491210938,133.03952026367188
644.6850870979359,135.31893929511403,638.0194507642256,122.38555420118769,643.150390625,132.34115600585938
646.0373724525841,134.62108908660866,639.3648852395213,121.69123711094436,644.5010986328125,131.6441192626953
647.3861627296569,133.92414639392726,640.6839415860345,120.95337551117969,645.8483276367188,130.94798278808594
648.7321761887207,133.22783077556022,642.0238144597829,120.26023468127683,647.1929321289062,130.2523956298828
650.0757887335463,132.5318573579916,643.3605779371858,119.56780669814023,648.5349731445312,129.55723571777344
651.4167891293127,131.83636589491576,644.6949413908989,118.87575524061666,649.8744506835938,128.86253356933594
652.7553532611294,131.14112544938322,646.0027356228995,118.14015131471002,651.2112426757812,128.168212890625
654.0913015805452,130.44626183658474,647.3311629930241,117.44919679496547,652.5454711914062,127.4742431640625
655.4245203206312,129.75186239873568,648.6570533440757,116.75861168385282,653.8770141601562,126.78071594238281
656.8414901822657,129.06934823950527,650.0445370259679,116.03508178119937,655.2694091796875,126.05462646484375
658.2330089235016,128.3427611640504,651.4058821332799,115.2678415839713,656.6593017578125,125.32888793945312
659.6220557324788,127.6164927136806,652.7877418925922,114.5453283977815,658.0466918945312,124.60348510742188
661.0085525552737,126.89061420613655,654.1672579265953,113.82310219967884,659.4315795898438,123.87844848632812
662.3692926927637,126.1209000516461,655.5214611830619,113.05681214305513,660.8140258789062,123.15380859375
663.7504390788704,125.39626425699166,656.8975815362354,112.33481208776452,662.1940307617188,122.42977142333984
665.1292573524754,124.67214214481027,658.2711436826042,111.61344901878172,663.5716552734375,121.7062759399414
666.5056986270059,123.94855933398873,659.6190482203606,110.8483782883859,664.9468994140625,120.98332214355469
667.8800663674152,123.22521276165745,660.987041186012,110.12838485947206,666.31982421875,120.26073455810547
669.2521894115746,122.50211423130023,662.3521900547912,109.40895929723983,667.6903686523438,119.53846740722656
670.6220009010357,121.7793326436327,663.6919290133462,108.64550955578856,669.0586547851562,118.81649017333984
671.9903011122909,121.05611473165943,665.0509677967129,107.92718261946389,670.4248657226562,118.09437561035156
673.3566128046124,120.332915008364,666.4095277540949,107.2080830257363,671.7894287109375,117.37210083007812
674.6980438286934,119.56498718709679,667.7410048253663,106.44542848039626,673.1520385742188,116.6495361328125
676.0610280999056,118.84108594812503,669.0954377869333,105.72606540127866,674.5131225585938,115.92664337158203
677.4226671753245,118.11665212321535,670.4477124769039,105.00660943421714,675.8726806640625,115.20331573486328
678.7832607574401,117.39127569712821,671.7735319609758,104.24310386090735,677.2307739257812,114.4792709350586
680.1426914218325,116.66494802280909,673.1211367809236,103.52308777170673,678.5875854492188,113.75434112548828
681.4773731663025,115.8933513798406,674.465863528904,102.80282228289093,679.94287109375,113.02842712402344
682.8344884652474,115.16444964692411,675.7842669591666,102.03794576146952,681.2966918945312,112.3012924194336
684.1901436197278,114.4342059114723,677.1239570585872,101.3162893458429,682.6488647460938,111.57292175292969
685.5442344798478,113.70266274973666,678.4619791607823,100.59341459680174,683.9994506835938,110.84326934814453
686.873067465173,112.92569860839103,679.7978724149514,99.86948010854269,685.3484497070312,110.11224365234375
688.2240312573757,112.19140257188103,681.132354142303,99.14412920883632,686.6958618164062,109.37987518310547
689.5735586357868,111.45546923891291,682.4399128528997,98.37411485609603,688.04150390625,108.64605712890625
690.89731877479,110.67432989151315,683.7704356979774,97.64625362504364,689.3855590820312,107.91080474853516
692.2431695550313,109.93580112062675,685.0991893325364,96.91709226851292,690.727783203125,107.17426300048828
693.5871390130906,109.19607619652555,686.4265863585842,96.18647515431269,692.0682373046875,106.43647003173828
694.9293975617412,108.45483204032791,687.7505551235466,95.45531455531787,693.4066162109375,105.6973648071289
696.2452517071063,107.66884733978823,689.074269886612,94.72211986652034,694.7432250976562,104.95703887939453
697.5834617337798,106.92518572543797,690.394345549228,93.98851919105043,696.07763671875,104.21548461914062
698.9194852751137,106.1805931336347,691.6901732437117,93.20907478653385,697.4103393554688,103.47274017333984
700.2536306172165,105.4348129445917,693.0077590475249,92.47253745484512,698.7410278320312,102.72888946533203
701.5613184316837,104.64437891190077,694.3238875981868,91.73467966968451,700.06982421875,101.98394012451172
702.8915486889304,103.89660086211381,695.6391634177534,90.99529676242896,701.39697265625,101.2378921508789
704.2198512519664,103.14778128946935,696.9517957984466,90.25529861472077,702.7220458984375,100.49089050292969
705.5460815477436,102.39816211254357,698.2635263886319,89.51386430674029,704.0452880859375,99.74295806884766
706.870778560742,101.64732502677091,699.5728711093245,88.77171683046903,705.3668212890625,98.99391174316406
708.1688330235892,100.85197739126934,700.8798941976369,88.02877150141087,706.6863403320312,98.2438735961914
709.4895336437642,100.09929035977203,702.1860827678155,87.28434424967152,708.0040893554688,97.49286651611328
710.8086192262289,99.34535719389665,703.4892941242255,86.5394711037677,709.3199462890625,96.74077606201172
712.1258176431102,98.59028990547054,704.7902940138559,85.79367583819365,710.6338500976562,95.98759460449219
713.4159929834518,97.79113500012765,706.0911505260776,85.04604102733434,711.946044921875,95.23345184326172
714.7292669339762,97.03430111001136,707.3893145800789,84.29790299895963,713.2562866210938,94.47836303710938
716.0403061611113,96.27699849231715,708.687559558868,83.54798223795238,714.5647583007812,93.72254180908203
717.3494736988949,95.51917346189227,709.9850477592787,82.79691077082222,715.87158203125,92.96607208251953
718.6569469877965,94.7608404986146,711.2816807088506,82.04485902979641,717.1768798828125,92.20899963378906
719.937367598775,93.9591892748617,712.578424900338,81.29154550615807,718.4806518554688,91.45160675048828
721.2410230182112,93.20079932916875,713.874344112175,80.53765287242203,719.7827758789062,90.69410705566406
722.5433345894481,92.44212646980841,715.1689249052254,79.78348048775734,721.0835571289062,89.93632507324219
723.844231558147,91.68313566922323,716.4363319668493,78.98613728159427,722.3828125,89.17829132080078
725.1182607788498,90.8808733352814,717.7278649988061,78.23155345278794,723.6805419921875,88.42008972167969
726.4160489674866,90.1215597188125,719.0178216384891,77.47681869086709,724.976806640625,87.66166687011719
727.7123096916434,89.36206265925922,720.3062589641161,76.72190222132872,726.2715454101562,86.90306091308594
729.0403413229094,88.52496165632562,721.6523741523232,75.93215882227527,727.6234741210938,86.10990905761719
730.392135166317,87.73052088953584,722.9693532813395,75.10017808543672,728.9734497070312,85.31653594970703
731.7421654437546,86.9361101014223,724.3123911513293,74.30987930103599,730.3221435546875,84.52291107177734
733.0653040078818,86.09844472114042,725.653512079535,73.51964948854155,731.6692504882812,83.72915649414062
734.41182459501,85.30436302276047,726.9953686340955,72.72831713891543,733.014892578125,82.93559265136719
735.7568618040815,84.51073131786018,728.3120514596702,71.89336011057486,734.359375,82.14228820800781
737.0748500326899,83.67437637326965,729.6510861651019,71.10264275801634,735.7019653320312,81.34947204589844
738.4157002303301,82.88189987010428,730.9617138851123,70.26994713479523,737.0419311523438,80.5575180053711
739.7278093588882,82.04729629259755,732.2920644744273,69.48264504277591,738.378173828125,79.76673126220703
741.0599092556988,81.25784806020125,733.6163882267521,68.69780197318164,739.7088623046875,78.97811889648438
742.3608232877733,80.42759486029243,734.9091356610509,67.87239189530551,741.0338134765625,78.19174194335938
743.6816691628434,79.64215562908613,736.2194462164113,67.09321150314443,742.352783203125,77.40741729736328
744.9711883122208,78.81552647360762,737.497369264611,66.27348494187578,743.6658325195312,76.62496948242188
746.2803565032368,78.03359148889844,738.7938131527504,65.49914113791021,744.9727783203125,75.8443603515625
747.5578979184945,77.21053018552064,740.0587703814164,64.68360438209342,746.2738037109375,75.06551361083984
748.8549932801046,76.43205009870273,741.3417467672798,63.91358730411562,747.5684814453125,74.28848266601562
750.1201553989525,75.61263498721026,742.5941857631909,63.10181679232923,748.8572387695312,73.51322174072266
751.4610075427524,74.80399074365128,743.9210268370398,62.30161169719572,750.1957397460938,72.70599365234375
752.7693485168459,73.9546214302156,745.2160297146863,61.46029580221354,751.5277099609375,71.90076446533203
754.097086788162,73.15024445222141,746.5320112645022,60.663033789029654,752.853515625,71.0975570678711
755.3926476654234,72.305038041045,747.8147014712406,59.82563355743633,754.1729125976562,70.29637145996094
756.7075382491032,71.50455597986101,749.1154982794008,59.03372064753937,755.4855346679688,69.49726867675781
757.9900651708031,70.66329269324933,750.3845009999108,58.20070045119479,756.7919311523438,68.70001220703125
759.2925585986984,69.86630305955593,751.6722513802353,57.41272005523475,758.0921020507812,67.9044418334961
760.5623465686908,69.02884925244997,752.9290577799133,56.58321865459612,759.385986328125,67.1108627319336
761.8520838504327,68.23594623888121,754.2057033395786,55.79835467964656,760.6737060546875,66.31919860839844
763.1094649313824,67.40234137000321,755.4497314723998,54.97296853746293,761.9552612304688,65.52942657470703
764.4399535059839,66.58063494269253,756.7419066951322,54.11614901718913,763.283935546875,64.7088394165039
765.737645150222,65.71847215400469,758.0526751953456,53.30468669478908,764.60595703125,63.890419006347656
767.0549352725886,64.90143024214447,759.3330493903953,52.45169853832057,765.9216918945312,63.0743408203125
768.3394203611174,64.0446067102009,760.635064571513,51.64284306691969,767.2312622070312,62.26079559326172
769.6441237743236,63.23295497498503,761.9056078522462,50.79355308485188,768.5348510742188,61.44983673095703
770.9163445004403,62.38150109093981,763.1965083580131,49.98936743718461,769.8323974609375,60.64151382446289
772.2091802809227,61.575242553041704,764.4568776773726,49.14442764052855,771.1243896484375,59.83578109741211
773.4698024370483,60.72927712440393,765.7114520225063,48.30223574746368,772.41064453125,59.03275680541992
774.7240748693671,59.88643296367006,766.9863401336041,47.5054670013479,773.6906127929688,58.23281478881836
776.3969270961669,59.72444612589447,768.2283803479895,46.669342315531395,774.9647827148438,57.435569763183594
777.7707485463952,58.981173722832395,769.5374539289002,45.848628118477954,776.283447265625,56.608848571777344
779.1377281083138,58.24094783561586,770.815761239916,44.986956987957484,777.5956420898438,55.784942626953125
780.4721620376018,57.4606136063458,772.0860207259298,44.12884515110651,778.9014282226562,54.963558197021484
781.8009686705692,56.681590959536834,773.3718160624278,43.31782263043119,780.2005004882812,54.14417266845703
783.0969887996815,55.8612548902007,774.6198805959714,42.46864263201227,781.4924926757812,53.32638168334961
784.3592953197184,55.00021638504105,775.8877572102125,41.66327643471607,782.777587890625,52.51009750366211
785.6413205395372,54.18316116351555,777.122739701687,40.81688963169026,784.0558471679688,51.695438385009766
786.8897430030961,53.32529809295055,778.3762762255868,40.01508336359052,785.3271484375,50.88228988647461
788.1585266529083,52.51037633299119,779.5928486275403,39.17423739861133,786.59130859375,50.07033157348633
789.4438560951022,51.61999054926426,780.866438819542,38.350896641676215,787.8966674804688,49.22652053833008
790.7514995675713,50.76683204981604,782.0904449677957,37.49243630127276,789.1941528320312,48.37995910644531
792.05275804031,49.90813642492023,783.3225187826727,36.67913904138259,790.4829711914062,47.52942657470703
793.3470622804591,49.04244692594365,784.5347185750747,35.86800015625309,791.7625122070312,46.673545837402344
794.6334986692665,48.16860988863086,785.7548958941801,35.09912814643099,793.031982421875,45.8111457824707
795.9105485772606,47.28707636220618,786.9340937044152,34.28460743652757,794.2913818359375,44.94169998168945
797.2071949367067,46.43815899736067,788.1300336011125,33.5057935988337,795.5411376953125,44.06450271606445
798.4953455813936,45.5800515702025,789.3147438000424,32.72091178125719,796.78125,43.179141998291016
799.7745967622544,44.71296655124957,790.4904051209428,31.928417157049445,798.0117797851562,42.285526275634766
801.0446541677845,43.83732462108664,791.6585714173084,31.12739304328032,799.2327880859375,41.38383102416992
802.3351980007076,42.99396420701464,792.8514638338346,30.356730281217867,800.4444580078125,40.47452163696289
803.6182494010706,42.14074883684678,794.0026757179966,29.540584887455083,801.6466064453125,39.557125091552734
804.8921406752154,41.27954074589603,795.1791089229953,28.7543506127773,802.8392333984375,38.632266998291016
806.1578185567852,40.409382203809685,796.3770793919876,28.00059534815064,804.0221557617188,37.69987487792969
807.4458976653852,39.570308121452236,797.5391984573829,27.197731724308163,805.19580078125,36.76013946533203
808.7271085269592,38.721155294080795,798.722303326864,26.427775525461165,806.3600463867188,35.8126335144043
810.043586473014,37.82684953608343,799.9400818282323,25.614458924635123,807.5575561523438,34.82191467285156
811.3530001067375,36.920686885400066,801.1446689020345,24.795785158162914,808.7445678710938,33.822532653808594
812.687622647533,36.03945629326026,802.3347434999276,23.97178585846373,809.9203491210938,32.81382751464844
813.9165992039692,35.03006745445745,803.5408569917508,23.180712005122544,811.0838623046875,31.795011520385742
815.1671437808194,34.04677221401371,804.7379705690252,22.378199875072944,812.2349853515625,30.766157150268555
816.4070385785923,33.05054186874987,805.9226829988464,21.566574530223114,813.3729858398438,29.72721290588379
817.634879564517,32.042824723094654,807.0989914613933,20.74245909935753,814.4979858398438,28.678319931030273
818.8527017035178,31.020004141821854,808.2934303476272,19.947855955239966,815.6090087890625,27.61876106262207
820.0916096769301,30.0224105481798,809.4827264766215,19.136995615646267,816.70654296875,26.549108505249023
821.3193474269016,29.01131722898488,810.6615604261187,18.314484922736355,817.790283203125,25.469324111938477
822.4988188355877,27.954052633085244,811.8352507145873,17.47591174105621,818.861083984375,24.379573822021484
839.3577772237611,41.94405449588436,812.9934988390658,16.629640987252422,819.918212890625,23.278602600097656
839.9433633645966,40.00939819817468,814.1512751067044,15.762304778055837,820.963623046875,22.166580200195312
840.7084260603189,38.21735347248722,815.328369070218,14.92251829344898,821.9957275390625,21.04208755493164
841.7248106065168,36.71405325627311,816.4693976684573,14.025707448388548,823.0157470703125,19.906658172607422
843.0366074193316,35.44950367547774,817.6345991352002,13.152145404162507,824.022705078125,18.759492874145508
844.3668980705529,34.209040037297825,818.7564992255498,12.228050069956481,825.016845703125,17.60120391845703
845.715642231036,32.9942773502175,819.872877082212,11.286960230337886,825.9985961914062,16.43242073059082
847.0613677386409,31.751822680907175,821.0163112968638,10.36635244470478,826.96728515625,15.252668380737305
848.4332365022613,30.52443353041609,822.1126854687561,9.39899833319814,827.9227294921875,14.062263488769531
849.7588654378553,29.241477438373487,823.1979683719168,8.419041361685386,828.8643188476562,12.861181259155273
851.0775047061173,27.93215587527057,824.2707933927635,7.4271563918851475,829.791015625,11.649686813354492
852.341256011865,26.57629854458617,825.3331747777911,6.420764198315382,830.7027587890625,10.427966117858887
853.5963554943793,25.193958625608445,826.3817780496094,5.403025511864858,831.5982666015625,9.196550369262695
854.7982129997993,23.759846726453908,827.3759826532767,4.344058073913563,832.4768676757812,7.9556427001953125
855.9896665795694,22.2977035569655,828.3951365756365,3.303407363254369,833.3374633789062,6.705386638641357
857.1630618407294,20.817506847344564,829.3587763580091,2.221394577825116,834.1798706054688,5.445847511291504
858.3286182896619,19.30069761190115,830.345644268078,1.157746977048249,835.0025024414062,4.1770524978637695
859.5078923039514,17.806247462510413,831.27703877724,0.051469301534884604,835.8058471679688,2.899700164794922
860.6634401114924,16.30119263390985,832.1938338635584,-1.0681626805641735,836.5902099609375,1.6140738725662231
861.8051503457443,14.767666268795388,833.0931097240942,-2.197929885020088,837.354736328125,0.32021352648735046
862.9996425438574,13.187411255728918,833.5672270572406,-3.633195331408477,838.1253662109375,-1.0282217264175415
864.1414559651855,11.536770980012637,834.9320331277728,-4.557382446954888,838.8733520507812,-2.3857479095458984
865.2932723858974,9.909821256947762,833.6836974269194,-6.896843964481782,839.5994873046875,-3.751445770263672
866.3677054403519,8.26217000203983,833.5000987623297,-8.620124047362337,840.304931640625,-5.124853134155273
867.4790412804712,6.585686825715289,833.1436154947118,-10.383611382083451,840.9879150390625,-6.506791591644287
868.4633237046846,4.875321667687375,832.7121899659224,-12.154204436152751,841.6500244140625,-7.896798610687256
869.4728162991289,3.160288866137572,832.1090397987622,-13.961225174046795,842.2909545898438,-9.29548168182373
870.4004637294996,1.4383180116682617,831.2495109809487,-15.854187639164152,842.9125366210938,-10.70276927947998
871.3080736646716,-0.3060695110243721,830.0317822228852,-17.849671781621353,843.5145263671875,-12.119120597839355
872.1426176452294,-2.0750499301864256,840.0711680165911,-15.191158333301455,844.0974731445312,-13.544539451599121
873.0034861211452,-3.8486763868261917,840.751543918225,-16.514465221169278,844.660888671875,-14.97921085357666
873.8406290466247,-5.637282719742268,841.4145750481297,-17.850423449117123,845.2046508789062,-16.42290687561035
874.6550516726137,-7.444625328771938,842.0126606264147,-19.21541207403586,845.7284545898438,-17.875503540039062
875.4943589453375,-9.257451570250653,842.6389754047644,-20.57439309591197,846.2318115234375,-19.336851119995117
876.2563244075975,-11.083332351197905,843.200994635832,-21.96321724263664,846.7155151367188,-20.806442260742188
877.0462260239836,-12.924558281007721,843.7910267232853,-23.345725165189805,847.1785888671875,-22.28416633605957
877.8083380316666,-14.770274476231616,844.3151919479495,-24.755159041570295,847.6213989257812,-23.769521713256836
878.5044151771071,-16.673360318624738,844.8180783395511,-26.17161234884651,848.0423583984375,-25.262489318847656
879.2233835569699,-18.586959464706858,845.2996976550572,-27.596918881131778,848.4407958984375,-26.762659072875977
879.8697227619044,-20.54803793878841,845.7586392441658,-29.029909237308207,848.8155517578125,-28.269794464111328
880.4725596618057,-22.465104782184632,846.1835856898178,-30.420715922128572,849.1546630859375,-29.73137664794922
881.0440309587415,-24.383662433528766,846.5389125007478,-31.83162090558148,849.4713745117188,-31.198646545410156
881.538392346516,-26.32962270239937,846.921350466351,-33.238717843949104,849.7652587890625,-32.671112060546875
882.0038267775687,-28.292976983480397,847.2325961981421,-34.66236335165242,850.0359497070312,-34.14884567260742
882.4419143599673,-30.294124413979862,847.5691547360418,-36.08187819157474,850.2820434570312,-35.63162612915039
882.7971590628222,-32.30956906885612,847.8329289910863,-37.51629764835793,850.5034790039062,-37.11861038208008
883.0693768812619,-34.337805397321134,848.1226080038483,-38.94983330897546,850.7002563476562,-38.60965347290039
883.3079338472921,-36.37090518724243,848.3390425835387,-40.39602939754933,850.872314453125,-40.104434967041016
883.5118872335648,-38.39163529120828,848.5325069468552,-41.84857911027709,851.0203857421875,-41.60270690917969
883.6337672167366,-40.426736594869936,848.7522125447931,-43.30115367430847,851.1441040039062,-43.10404968261719
883.7722998079153,-42.456551716174516,848.8987162655941,-44.763243150081465,851.2435913085938,-44.6081428527832
883.8280480266211,-44.47852030607436,849.0223048505989,-46.23008971549979,851.3193969726562,-46.1144905090332
883.8520913488286,-46.48590974966435,849.1235704296448,-47.70151118499234,851.3721923828125,-47.622802734375
883.8959325037669,-48.47328587340911,849.2032857825035,-49.17730287803564,851.40283203125,-49.132667541503906
883.8611297410885,-50.448716606920414,849.2619660522188,-50.656915400487655,851.4119262695312,-50.643978118896484
883.848237503577,-52.421805537574436,849.2996074562212,-52.13867863479497,851.3995361328125,-52.155887603759766
883.7545962988386,-54.432964668511545,849.3144024213676,-53.6198579736959,851.3638305664062,-53.668243408203125
883.6781509883674,-56.464904811844704,849.3054063046296,-55.10107355207331,851.3038330078125,-55.18036651611328
883.5226172500201,-58.45923458138879,849.2740429504332,-56.58550336373067,851.2211303710938,-56.6920280456543
883.3854001066458,-60.4686312621486,849.2197179694306,-58.06979854058015,851.1150512695312,-58.20287322998047
883.1871713533105,-62.32024758009579,849.1487720211904,-59.56421741854535,850.9927368164062,-59.71352005004883
883.002417113157,-64.29131504970216,849.0070608266218,-61.04723084984176,850.8486938476562,-61.22297286987305
882.7874369879975,-66.27217759129377,848.8932255439319,-62.533422995705884,850.682373046875,-62.730777740478516
882.5367296999906,-68.28759916706422,848.7062838730145,-64.01012438758367,850.4920654296875,-64.23591613769531
882.2018509744127,-70.305595990922,848.4953067191515,-65.4830134457426,850.2771606445312,-65.73795318603516
881.885080858415,-72.31766433280454,848.2605040844205,-66.95331303868645,850.0380249023438,-67.23689270019531
881.5308705114002,-74.34718106747891,848.001112248475,-68.41896557993505,849.7736206054688,-68.73235321044922
881.1424157510312,-76.37154373507606,847.716952839021,-69.88102317392102,849.4839477539062,-70.22413635253906
880.7209062608727,-78.38588020807327,847.4082172218755,-71.3393791594658,849.1692504882812,-71.71188354492188
880.270284320441,-80.37734690170865,847.0755875465685,-72.79443623840734,848.8303833007812,-73.19529724121094
879.736344304127,-82.35859852615275,846.6705019420631,-74.23218814808838,848.467041015625,-74.67371368408203
879.2202726791988,-84.33738497597234,846.2903759570846,-75.67653174915557,848.0795288085938,-76.1470947265625
878.6249959985582,-86.29141652702796,845.8386540307382,-77.10205823477747,847.6681518554688,-77.61483001708984
878.0438065737567,-88.25698524067865,845.363796240923,-78.51979230188039,847.2326049804688,-79.07661437988281
877.3742404201911,-90.22150328076928,844.8651483262381,-79.92805965443489,846.7718505859375,-80.53178405761719
876.7133986347042,-92.20367924849047,844.3421677105149,-81.32654987784778,846.285400390625,-81.97949981689453
876.0675150260331,-94.05259778317412,843.7976177655908,-82.72653306567145,845.7791137695312,-83.4219970703125
875.3292557374399,-95.9247795560297,843.2330375264996,-84.11551045656957,845.2507934570312,-84.85791015625
874.6157948479747,-97.78968965552596,842.6011342508943,-85.47963199281361,844.7012329101562,-86.28714752197266
873.8370667308001,-99.60776975815637,841.9963019595858,-86.85466187591835,844.1314086914062,-87.70983123779297
873.086338212969,-101.41937406338712,841.3263500867379,-88.20388432989058,843.5421752929688,-89.12590026855469
872.2669239626873,-103.19838134056185,840.684430066798,-89.56415443912292,842.9337768554688,-90.53520202636719
871.4716731701781,-104.98297358668482,839.9787696671403,-90.89634710126398,842.3065185546875,-91.93753814697266
870.605282386372,-106.74094911669998,839.2103735387033,-92.19771297054467,841.6602783203125,-93.33259582519531
869.7146810176719,-108.48937469863543,838.4702394535789,-93.50960779246758,840.9950561523438,-94.72010040283203
868.7953129243009,-110.23605629343297,837.7127314714952,-94.81045414514585,840.3104248046875,-96.0996322631836
867.8562338807465,-111.9632412412531,836.937626375813,-96.10170576421524,839.6068725585938,-97.47105407714844
866.8922238393409,-113.68112744124075,836.1012717755872,-97.35857029046282,838.8843994140625,-98.83393096923828
865.8681444649801,-115.35082417482792,835.2923191886307,-98.62875464653622,838.1437377929688,-100.1882095336914
864.8270014588679,-116.99973253650249,834.4233386193703,-99.86457676529432,837.3853149414062,-101.5339126586914
863.7264841694674,-118.60267713044169,833.5389524184068,-101.08955765063915,836.609619140625,-102.87098693847656
862.603276586072,-120.19585302960473,832.6398091024056,-102.30207776377203,835.8164672851562,-104.19913482666016
861.5077591027347,-121.79324413665145,831.725539946295,-103.50366851404769,835.0062866210938,-105.5184097290039
860.3447287556634,-123.35811267799821,830.7970469955442,-104.69199881013118,834.1787719726562,-106.82833099365234
859.2134304603732,-124.92201234234037,829.811501445595,-105.84280951539586,833.334716796875,-108.12905883789062
858.0524692709571,-126.48640179271067,828.8133416707582,-106.97786645460225,832.4734497070312,-109.41991424560547
856.9186799008243,-128.05647844268202,827.8835649514739,-108.157001166661,831.595458984375,-110.70098114013672
855.722843101596,-129.58576376745918,826.9799769005903,-109.35318168956098,830.7006225585938,-111.97220611572266
854.5912450753405,-131.07145419914545,826.0521699191019,-110.4668797890199,829.822265625,-113.18880462646484
837.4499821249393,-120.70108360877546,825.0702960891634,-111.54116729568015,828.9288940429688,-114.39620208740234
852.3218864000416,-134.02443955274205,824.6738621459233,-113.05626923461351,828.0203247070312,-115.5942153930664
851.1809055905214,-135.4962630938024,823.5435293345726,-114.02156131220835,827.096923828125,-116.78260803222656
850.0205542968661,-136.95723341384348,822.4424777992588,-115.00274510905993,826.15869140625,-117.96116638183594
848.8330190402523,-138.41570640477374,821.2928869747761,-115.93613880124741,825.205078125,-119.12945556640625
847.6695604096429,-139.8880006749282,820.1328970091174,-116.85477673040695,824.236572265625,-120.28732299804688
846.4787931168999,-141.3566372941195,818.9642492586969,-117.75580010540233,823.2527465820312,-121.43429565429688
845.2767117675143,-142.80354095616593,817.7848141060683,-118.64277510611598,822.254150390625,-122.57057189941406
844.0551253113201,-144.23828628697706,816.5589810596997,-119.48047952781886,821.2407836914062,-123.6960220336914
842.812490838258,-145.66215290363016,815.325314508951,-120.30072582769007,820.2127685546875,-124.8102035522461
841.5819218514266,-147.11208042037077,814.0844294500416,-121.10252285373649,819.1698608398438,-125.91277313232422
840.3637640894622,-148.58687967071668,812.836214485676,-121.8858883634147,818.112060546875,-127.0033187866211
839.0957184720612,-150.00761378400915,811.5789624906246,-122.65337480470507,817.039794921875,-128.0819549560547
837.8747371641167,-151.48925715024245,810.314864975616,-123.40257231875212,815.9529418945312,-129.14842224121094
836.6351887534898,-152.9561089800864,809.0429365494009,-124.1348806164216,814.8518676757812,-130.20254516601562
835.373158900185,-154.41169936128972,807.7642027952927,-124.84933661199717,813.7365112304688,-131.24420166015625
834.135821623237,-155.8814091316035,806.4758878063523,-125.5496537028991,812.6076049804688,-132.27366638183594
832.9181360042272,-157.37090111239422,805.1793462457254,-126.2351682932774,811.4655151367188,-133.29115295410156
831.6889507943754,-158.84200565328106,803.8743809338637,-126.90682129804891,810.3108520507812,-134.2968292236328
830.4736082427443,-160.3392839463672,802.5630295740292,-127.56299248425444,809.1436157226562,-135.29078674316406
829.2395601440248,-161.82484588552722,801.2775635108139,-128.24212254053015,807.9641723632812,-136.2728271484375
828.0062447604852,-163.34649754333566,799.9885455079099,-128.90306025993183,806.7721557617188,-137.24246215820312
826.7683659957197,-164.9067298045959,798.6972073626982,-129.54412847348283,805.5673828125,-138.19882202148438
825.5104147045801,-166.4536104289744,797.3985083594724,-130.16985509712813,804.3499755859375,-139.1420440673828
824.2365666169338,-167.98443764668502,796.1217009649612,-130.82136921357898,803.1203002929688,-140.07232666015625
822.9831095266907,-169.53559281573428,794.8341969276771,-131.461460119629,801.87890625,-140.9901123046875
821.7178764220798,-171.06976455655177,793.537094154536,-132.08988658207525,800.6262817382812,-141.8957061767578
820.4508693779285,-172.58138020646322,792.2280144325142,-132.70946866629382,799.3632202148438,-142.7897491455078
819.1695389552924,-174.08016846752074,790.9396047838773,-133.35856893165172,798.0897216796875,-143.67259216308594
817.8389274924681,-175.47063212688164,789.6364711096038,-134.00234940459208,796.806640625,-144.5452117919922
816.5256535678891,-176.83131563106355,788.3169345942146,-134.643588210746,795.5150756835938,-145.4088134765625
815.1498024656983,-178.0965122375181,786.9895977901582,-135.27667579160718,794.2151489257812,-146.26370239257812
813.7752305147355,-179.22612089525563,785.6990011616068,-135.87383815341644,792.9559326171875,-147.07920837402344
812.3349805859615,-180.2063696785304,784.4223823044508,-136.51104035361755,791.68994140625,-147.88792419433594
810.7070198937295,-180.8787370710439,783.1386011890816,-137.14264956928187,790.4173583984375,-148.69007873535156
809.051482364376,-181.4397119221176,781.840545580924,-137.77460804724268,789.13916015625,-149.4866180419922
807.2939236634936,-181.81866453892982,780.5360426777621,-138.40218261248535,787.8551635742188,-150.2779541015625
798.836903860471,-171.22162841745669,779.2597987483337,-139.06176905460964,786.5654907226562,-151.0630340576172
797.253275932758,-171.82217242705386,777.9659946672367,-139.66244173802747,785.2694702148438,-151.84030151367188
795.6452296548197,-172.42256945813784,776.7046314634172,-140.28938380750017,783.966064453125,-152.60858154296875
794.067612827108,-172.99337417158523,775.4181838585024,-140.9214696695965,782.6567993164062,-153.36990356445312
792.4893681211706,-173.5534976872079,774.150180173776,-141.59109308697697,781.341552734375,-154.1245574951172
790.921196951417,-174.15341908176913,772.8591657841773,-142.205774941418,780.02001953125,-154.8717041015625
789.3531691970163,-174.74153641642505,771.5851579996876,-142.85820201910656,778.6923828125,-155.611572265625
787.7886609927963,-175.31673618309173,770.3014978900295,-143.50653882741133,777.3590087890625,-156.34457397460938
786.2242586416062,-175.8813573258178,769.034478854447,-144.19360293486716,776.0200805664062,-157.07090759277344
784.6794448629324,-176.48171042382583,767.7389384374935,-144.83002353143485,774.6755981445312,-157.79049682617188
783.1508816121219,-177.064797619207,766.4491573377443,-145.51257638181082,773.3263549804688,-158.50469970703125
781.6142883146679,-177.64326903413772,765.1576528257875,-146.18806879058013,771.9721069335938,-159.2132110595703
780.1005613766492,-178.20342820136136,763.8672769936771,-146.91375497708432,770.6138916015625,-159.91786193847656
778.6071610428112,-178.74907513816242,762.5340236492447,-147.60172153016532,769.252197265625,-160.62054443359375
777.1213408780204,-179.28787238810293,761.2139529440601,-148.33636056063966,767.8877563476562,-161.32179260253906
775.6514731027246,-179.81727654041686,759.8561467308322,-149.03304445490855,766.521240234375,-162.02294921875
774.2262188032724,-180.38103164920645,758.5035205052876,-149.78432961341025,765.1536865234375,-162.72569274902344
772.7792498063272,-180.90108384498777,757.1468926965313,-150.53904317679692,763.7843627929688,-163.4307098388672
771.3423513594129,-181.41843775257587,755.7807301901527,-151.3012046263938,762.4139404296875,-164.13880920410156
769.8907954409423,-181.8905172522089,754.4299074008845,-152.1152685118551,761.0428466796875,-164.8507537841797
768.4561734460243,-182.4131277737732,753.0585909195022,-152.8867560944918,759.6707763671875,-165.56626892089844
767.0067962829618,-182.89101902085739,751.6798961184192,-153.66622606756783,758.29833984375,-166.28604125976562
765.5844110022801,-183.4156858761611,750.3208272245278,-154.49656495298467,756.9257202148438,-167.01051330566406
764.1298580997981,-183.90445607911482,748.9446569235704,-155.28326774888697,755.5530395507812,-167.73880004882812
762.6687723275596,-184.39985571646426,747.5954514543234,-156.11557661400494,754.1797485351562,-168.4706573486328
761.1993031677282,-184.90218342154023,746.2271652792817,-156.90395604757242,752.8054809570312,-169.20555114746094
759.7343675282324,-185.4051480155864,744.8785721698293,-157.74165810202706,751.4312133789062,-169.9435577392578
758.3641496767211,-185.91899550590486,743.5443763524366,-158.52008493860185,750.1098022460938,-170.65829467773438
756.9748822644375,-186.39180524532065,742.2313756161269,-159.34975159296363,748.7893676757812,-171.37820434570312
755.5598885041119,-186.88149303748992,740.9373294865843,-160.17218587003134,747.46826171875,-172.10147094726562
754.1349310160683,-187.3785786122241,739.6259020844876,-160.94915217267334,746.1465454101562,-172.82705688476562
752.7164025089493,-187.8750377238209,738.331202920473,-161.7769497973351,744.8238525390625,-173.55612182617188
751.2676122097772,-188.33340811695868,737.0402076441408,-162.60511025579717,743.5006103515625,-174.28785705566406
749.8270003375709,-188.8449962535571,735.7597488878597,-163.42808712598764,742.1759643554688,-175.02099609375
748.3831467746044,-189.35882051984262,734.4789184407526,-164.25171717144656,740.8496704101562,-175.7554931640625
746.9429519064591,-189.8717085377579,733.1926544600926,-165.07945375383431,739.5221557617188,-176.49176025390625
745.4842611904413,-190.3397416195416,731.8987682825016,-165.91350947538209,738.1932983398438,-177.23085021972656
744.0599197550802,-190.84938116873886,730.5954958350786,-166.75637181233864,736.8642578125,-177.9735870361328
742.6292687100353,-191.365339835367,729.2967720304788,-167.59959300222562,735.534912109375,-178.71934509277344
741.1600658628505,-191.84678044804303,728.0070698003188,-168.43898796951623,734.2039184570312,-179.4672393798828
739.7069316688677,-192.37684322095555,726.7214065801444,-169.27641951885477,732.8711547851562,-180.2164306640625
738.228868031699,-192.86406433675577,725.4573345765137,-170.1595775015758,731.5366821289062,-180.9670867919922
736.7769899504838,-193.39494651196313,724.163989891303,-171.00286295698672,730.2005615234375,-181.71969604492188
735.3094583706079,-193.87976984333807,722.8857520768113,-171.89757122618593,728.8638916015625,-182.4751434326172
733.8645049399051,-194.4117829302486,721.5817577910441,-172.75198034462417,727.5258178710938,-183.2339324951172
732.4008395919019,-194.90053452531714,720.29620512402,-173.6571093505547,726.1876220703125,-183.99644470214844
728.8013073585229,-191.6612888658332,719.0085914238699,-174.56759857744768,724.8494262695312,-184.76307678222656
726.6593877325338,-190.99201170160163,717.6904998885582,-175.443291238145,723.5115356445312,-185.53480529785156
724.4873865942274,-190.28861003147333,716.3935498798866,-176.37097309334027,722.1748657226562,-186.31214904785156
723.1666163971067,-191.0634274065858,715.0709330388847,-177.26267726679075,720.839111328125,-187.09571838378906
721.9259842334703,-191.9728267362527,713.7706825980971,-178.2072229102767,719.5048828125,-187.88616943359375
720.6629731721498,-192.8453182804346,712.4463147309123,-179.11624993922203,718.1723022460938,-188.68370056152344
719.4021348568461,-193.72437921027867,711.1509654456615,-180.0744162710772,716.8414306640625,-189.48818969726562
718.1675006032922,-194.65314412820663,709.8361996839446,-180.99334111173067,715.5119018554688,-190.29908752441406
716.9037762007367,-195.54646769286427,708.5317202282879,-181.91160530808648,714.182861328125,-191.11514282226562
715.6653958238924,-196.48775197581912,707.2569377231738,-182.87530818985232,712.8538208007812,-191.93609619140625
714.4559222671629,-197.3576406381111,706.0067966228395,-183.7704014297921,711.5779418945312,-192.7294921875
713.2502845837881,-198.23113115064405,704.7547695754486,-184.67284887740885,710.3034057617188,-193.52810668945312
712.0433766731519,-199.11066071858983,703.5340778654142,-185.62010406979746,709.0291137695312,-194.33187866210938
710.8670785897203,-200.03600230654777,702.2850710122791,-186.53230135464625,707.756103515625,-195.1409149169922
709.6617829485242,-200.92539646163405,701.0425936924951,-187.4453975734146,706.4834594726562,-195.95465087890625
708.4607626610912,-201.81789130475775,699.8243959292344,-188.40832551885265,705.2119750976562,-196.77354431152344
707.2609027565784,-202.71534351209414,698.5815487838439,-189.33356113792516,703.9415283203125,-197.59754943847656
706.0908546083433,-203.65905476183596,697.3391987607505,-190.26467857692384,702.6722412109375,-198.4268798828125
704.8955041583538,-204.56563977197888,696.1259395017785,-191.24280146222722,701.4041748046875,-199.26156616210938
703.702485353484,-205.4769314464658,694.8866208972273,-192.1846848800441,700.137451171875,-200.10169982910156
702.5100253665173,-206.39373672417088,693.6507379882644,-193.13039204633154,698.8718872070312,-200.94703674316406
701.3200137169164,-207.31499123178776,692.4440160791744,-194.12304511673022,697.6077270507812,-201.797607421875
700.1317404970492,-208.24111854622493,691.2117902570477,-195.0788518689508,696.344970703125,-202.6533660888672
698.9453379854481,-209.17202692656647,689.9816346813183,-196.03951766735338,695.0836181640625,-203.51431274414062
697.7888897887874,-210.14900591472764,688.753849120158,-197.00475527005966,693.8236694335938,-204.38037109375
696.6064011485005,-211.08926844062526,687.5563524726097,-198.01611291750115,692.565185546875,-205.25157165527344
695.4269588605132,-212.03371839042572,683.6150748762452,-195.09548786321253,691.3085327148438,-206.12789916992188
694.2507446268316,-212.98252116956138,682.5793634913557,-196.37317033755684,690.0536499023438,-207.00970458984375
693.0735855671503,-213.9376903898415,681.5241387591656,-197.60943633118634,688.80029296875,-207.896240234375
691.8707728542417,-214.855834893258,680.499959608873,-198.89130807736473,687.5487060546875,-208.78768920898438
690.6388468412905,-215.7388885529713,679.598998884933,-200.33675807194015,686.2986450195312,-209.68370056152344
689.3793318895481,-216.5857999790191,678.7320811815132,-201.82513399134487,685.0502319335938,-210.58421325683594
688.1502845920538,-217.47791754076133,677.9881258804518,-203.47714756794937,683.803466796875,-211.48915100097656
686.8947061791787,-218.33338978554417,677.2786987198758,-205.17195953707213,682.5586547851562,-212.3986358642578
685.4026405748625,-218.87186209148186,676.7544671794016,-207.10879850212996,681.3154907226562,-213.31260681152344
684.267545233274,-219.8984109826342,675.434535431259,-207.96103086913172,680.0740966796875,-214.23117065429688
683.1049061128977,-220.8889001974116,674.1162189716326,-208.81799962035623,678.8345336914062,-215.1542205810547
681.9772647135827,-221.92215395505465,672.797444673524,-209.68199133092682,677.5973510742188,-216.0820770263672
680.853478944404,-222.95925679945435,671.479664245784,-210.55220977968239,676.3624877929688,-217.01504516601562
679.7042648007522,-223.96005981941346,670.1628248382796,-211.4291311043651,675.1304321289062,-217.9531707763672
678.5890423095897,-225.0050617703519,668.8175966313007,-212.2723420523951,673.9011840820312,-218.8965301513672
677.4778876798539,-226.05425547045118,667.5049864304256,-213.16115319396576,672.6749877929688,-219.84500122070312
676.3379883617336,-227.06924399790444,666.1660740502927,-214.01414731422926,671.4517822265625,-220.79806518554688
675.2338675068506,-228.12691841961407,664.8282281196585,-214.87376355649025,670.2317504882812,-221.75596618652344
674.1330951610084,-229.18898382827038,663.4933099056979,-215.7383901358263,669.0148315429688,-222.7185821533203
673.0352673924904,-230.25546194468197,662.1618786772458,-216.60727612183572,667.8010864257812,-223.68556213378906
671.936682270835,-231.3281362184058,660.8677876956742,-217.51616024770286,666.58984375,-224.65625
670.8352348137117,-232.40718859936112,659.5494353719832,-218.38463896459444,665.3804321289062,-225.62962341308594
669.7352059660568,-233.48903071030102,658.2328827805252,-219.2556969485148,664.172607421875,-226.60569763183594
668.6380195783013,-234.57272829663174,656.9167350609638,-220.13067925170228,662.9664306640625,-227.5846405029297
667.5427291336348,-235.65893258471039,655.6023814033138,-221.00835404601315,661.7620849609375,-228.56619262695312
666.4508239035147,-236.74646256292263,654.290251233265,-221.88840437110687,660.560546875,-229.54959106445312
665.3645261759006,-237.83374140879104,652.9808782240611,-222.77064905900136,659.3632202148438,-230.533935546875
664.3164658318861,-238.95857491320749,651.6456139481444,-223.61383341908828,658.1720581054688,-231.5175323486328
663.2434283031166,-240.04341676727554,650.3481523872149,-224.49499215023584,656.9873046875,-232.5001220703125
662.1741557277263,-241.12864839140767,649.059178089664,-225.37272626722358,655.80859375,-233.48126220703125
661.1413587808768,-242.2516393224856,647.7454307607094,-226.2091666246772,654.6356811523438,-234.46067810058594
660.0809599094205,-243.33522564665006,646.470482756345,-227.08109373926663,653.4683227539062,-235.43817138671875
659.0591669062558,-244.45451358905692,645.200284708373,-227.95191181208193,652.3065795898438,-236.41380310058594
658.0100104603792,-245.53402138172038,648.0587373916446,-233.71558808186376,651.150390625,-237.3873291015625
656.9988791644984,-246.64940253298897,646.9677967124115,-234.7674581384745,649.9996948242188,-238.35877990722656
655.960598519146,-247.72463453797118,645.8827679731495,-235.81673558391952,648.8544311523438,-239.32803344726562
654.9108935351233,-248.87707107529081,644.7564175629215,-236.90304249774854,647.6669311523438,-240.3350830078125
653.8669785153039,-250.02659822236828,643.6358868048677,-237.9864353562292,646.4850463867188,-241.33938598632812
652.7931465960098,-251.13725795076797,642.5541274596213,-239.10383588739884,645.3082885742188,-242.34066772460938
651.7585413165187,-252.28181731307504,641.4449286728437,-240.18057065812212,644.1368408203125,-243.3390655517578
650.7282641305229,-253.4240643714859,640.341415905758,-241.25384755281976,642.9705810546875,-244.3344268798828
649.705424918253,-254.56171213833093,639.2429363834212,-242.32458993935,641.809814453125,-245.3268585205078
648.6890679265464,-255.69569975498695,638.1499379952879,-243.39254571684353,640.6546020507812,-246.31643676757812
647.6518050584667,-256.78478309310736,637.0612895469997,-244.4598342273737,639.5052490234375,-247.30404663085938
646.6545988543121,-257.9085747067712,635.9787005871299,-245.5251740012713,638.3619995117188,-248.28965759277344
645.6308943291931,-258.9923392013866,634.9024133097598,-246.58828193934272,637.2247314453125,-249.27330017089844
644.6002527309225,-260.15129633764496,633.7874189997076,-247.6880061496248,636.0482788085938,-250.29396057128906
643.5742811203463,-261.3089376231156,632.679006808998,-248.78480061896258,634.8777465820312,-251.312255859375
642.5212356423723,-262.42649952553137,631.5767723184066,-249.87889984108568,633.7130737304688,-252.328125
641.5032403544895,-263.58175200185065,630.4810738454182,-250.96924171609356,632.5538940429688,-253.3411407470703
640.4608006463262,-264.6943629132131,629.390707670657,-252.05734833708263,631.4004516601562,-254.3515625
639.4206624386776,-265.8067283063475,628.3064518673143,-253.14189727622795,630.2522583007812,-255.3591766357422
638.3866712635829,-266.915768728225,627.2264080365162,-254.22483998991092,629.1084594726562,-256.3650207519531
637.3569829808492,-268.0232606460827,626.1495190206848,-255.30726972339724,627.9678344726562,-257.3703308105469
636.3203213401237,-269.13887076619096,625.0673346498194,-256.39636354542125,626.8214721679688,-258.3826904296875
635.2478899695934,-270.2218363329526,623.9794101370927,-257.4930273470122,625.669677734375,-259.40234375
634.2160983794473,-271.33799535869673,622.8993577135495,-258.585147716802,624.5255126953125,-260.41766357421875
633.15749144197,-272.41335106482813,621.7932704045559,-259.6358027550202,623.3882446289062,-261.42913818359375
632.1070429261802,-273.4838255964171,620.7276871262193,-260.7197534216586,622.2582397460938,-262.4365539550781
631.061635141196,-274.5518177560186,619.6694079949906,-261.7992315923546,621.1350708007812,-263.4399108886719
629.9516593032693,-275.61327644989603,618.5419512994492,-262.876327653818,619.9765014648438,-264.4777526855469
628.8826875364189,-276.7079432771886,617.4555193819205,-263.98665617080536,618.825439453125,-265.51171875
627.7908652868277,-277.75921155930587,616.3767000024311,-265.09348416713016,617.68212890625,-266.54205322265625
626.7080784179842,-278.8058180099596,615.2721930414037,-266.15969792132216,616.5465698242188,-267.5689392089844
625.6343006579265,-279.8479048197416,614.1757012260508,-267.22236186775575,615.4190063476562,-268.59228515625
624.5695557853049,-280.8856150147183,613.0869585692333,-268.28189314075684,614.2991943359375,-269.61248779296875
623.4754838883888,-281.8856396401221,612.0062347961682,-269.33742594878345,613.1868896484375,-270.629150390625
623.0551143444129,-283.69537276359944,610.8921741461611,-270.4264537488777,612.0408935546875,-271.67962646484375
621.9330245778739,-284.7267579012566,609.7859456298909,-271.51114981289214,610.9025268554688,-272.7259521484375
620.8197375682951,-285.7530582568259,608.687264163605,-272.5919636512465,609.771728515625,-273.76837158203125
619.7155505795806,-286.7742374805721,607.5960460003017,-273.66922207063965,608.6484375,-274.80718994140625
618.6199915688139,-287.7908630364687,606.5124825398213,-274.7428921883152,607.5327758789062,-275.8424377441406
617.5089978284925,-288.7587510726773,605.4024510732343,-275.7781745374877,606.425537109375,-276.8751220703125
616.4476511070905,-289.7549445468421,604.3007098223906,-276.8121604974491,605.3272094726562,-277.9059143066406
615.3148712643417,-290.75491173648896,603.2032378664904,-277.9162124637273,604.1982421875,-278.970947265625
614.1769213176052,-291.76285636946216,602.080311002635,-278.9787488736826,603.076904296875,-280.031982421875
613.0291343044506,-292.7804331274446,600.9647803595581,-280.0346388284929,601.9615478515625,-281.08770751953125
611.8850095762222,-293.79450774947793,599.8552399473872,-281.0848234974458,600.8519897460938,-282.1379089355469
610.7380728904568,-294.8097740465987,598.7515460606606,-282.1280104387427,599.74755859375,-283.1817932128906
609.5573639349412,-295.7859326150834,597.6529351583449,-283.16418389808257,598.6478271484375,-284.2190246582031
608.4161934312053,-296.7914182006248,596.5587859838912,-284.19406359822074,597.5526123046875,-285.2499084472656
607.2430392838037,-297.8249763467322,595.4317949703582,-285.2528464024968,596.4246215820312,-286.30963134765625
606.0462218262435,-298.81113669894944,594.3094375552007,-286.3062649647528,595.3017578125,-287.363525390625
604.1687193844139,-299.06330462234627,593.1924598526587,-287.35324813683826,594.18408203125,-288.4111633300781
603.7289086221099,-300.84419398973415,591.5339974485538,-287.80931443415517,593.0711669921875,-289.4523620605469
602.541402138171,-301.8162145821688,590.3591270307069,-288.76952535684,591.9629516601562,-290.4871520996094
600.6736494710866,-302.0525913107744,589.1895188752279,-289.7222041939573,590.8593139648438,-291.5150451660156
600.2014408069081,-303.85548602078234,587.9548718039647,-290.6637096482064,589.7238159179688,-292.5691833496094
599.0143991155488,-304.88510661436914,586.793605920777,-291.669448427376,588.5927734375,-293.6150817871094
597.797424278393,-305.87004795258616,585.6708562363643,-292.703509543798,587.4661254882812,-294.6527404785156
595.9859141801725,-306.17646039973147,584.5517370303272,-293.7317517780482,586.3446655273438,-295.6831359863281
595.6427927839949,-308.0523991881071,583.43724099923,-294.7547142749408,585.2291870117188,-296.7070007324219
593.8868025238063,-308.3739006272195,582.3282781679753,-295.7718478363969,584.1195068359375,-297.72479248046875
593.5927319942379,-310.339812763666,581.1890898585395,-296.81673449854105,582.9803466796875,-298.7696533203125
592.6002383449032,-311.5223839045027,580.0558497616904,-297.8570136735885,581.847900390625,-299.8092041015625
591.6531404333921,-312.73282376975965,578.9284751675582,-298.8935920218716,580.7221069335938,-300.8443298339844
590.7472358794142,-313.9750015442034,577.8079061769942,-299.9256230352474,579.6031494140625,-301.8748779296875
589.8440238568104,-315.2157087567313,576.6943915296147,-300.95217827024715,578.4906005859375,-302.9005432128906
588.970659700971,-316.49631367438656,575.5879549779701,-301.9716224194605,577.3836059570312,-303.9205017089844
587.358124829682,-317.0298298749514,574.4525421036464,-303.01734437703453,576.247802734375,-304.9665832519531
587.2422327718107,-319.1754465699578,573.3229819562698,-304.05733045300803,575.117919921875,-306.0068664550781
586.4167199865324,-320.54622967484596,572.1996567045927,-305.09063806828,573.9937133789062,-307.0409851074219
584.8471627428877,-321.1051690366916,571.0822793883101,-306.1168040831994,572.874755859375,-308.068603515625
584.7937183607602,-323.3234260725586,569.9711709855309,-307.1341035952932,571.7606811523438,-309.088623046875
584.0299460322352,-324.7646595032622,568.8662780197614,-308.1420135942541,570.6522216796875,-310.09979248046875
583.2313308402533,-326.23292473979166,567.7350990002908,-309.1692769306946,569.5166625976562,-311.13104248046875
582.5115997548553,-327.76075696425033,566.6105178596504,-310.1868027204183,568.3884887695312,-312.1518249511719
581.7695407203028,-329.23825107574294,565.4927824000641,-311.1951104642838,567.267822265625,-313.16278076171875
581.0702783917517,-330.80897941068946,564.3494794198938,-312.22371459130505,566.1218872070312,-314.1937561035156
580.4154786397073,-332.40474956683136,563.2132514906092,-313.2437894132984,564.9835815429688,-315.2156982421875
579.8033683854779,-334.02755892227816,562.0841309478526,-314.25568796896306,563.8527221679688,-316.2291564941406
579.194605903487,-335.6452671853904,560.9623106949851,-315.2589759041307,562.7288818359375,-317.2342529296875
578.632066314468,-337.35430439835557,559.814722532614,-316.28384896810326,561.5798950195312,-318.2603759765625
578.0776669373457,-339.05487757894724,558.6733420457208,-317.301999530898,560.4373779296875,-319.279541015625
577.5740191708502,-340.77715784590305,557.5042102775521,-318.27788713090786,559.301513671875,-320.2927551269531
577.0859077094274,-342.4863880266186,556.4077350445763,-319.32377918620494,558.1725463867188,-321.3006286621094
575.8175450960292,-343.2854645421422,555.3508977395707,-320.4032123994374,557.0509033203125,-322.3038635253906
576.2575950287375,-345.98210721986806,554.2362174157022,-321.47191373810705,555.9070434570312,-323.3315734863281
575.9290262742682,-347.69743056611986,553.1625591808189,-322.58001208206827,554.7743530273438,-324.3582458496094
562.3844457941566,-334.88482280360415,552.064719145196,-323.6568818465883,553.6549682617188,-325.3870849609375
561.3656040500218,-335.8390461203088,551.0134598756064,-324.77755778839304,552.5509033203125,-326.42034912109375
560.3071698312718,-336.71326466827315,549.9088106711691,-325.83312117689314,551.46337890625,-327.459716796875
559.293611317799,-337.63871491523804,549.070936122812,-327.2148105228003,550.3662719726562,-328.53564453125
558.2911804530395,-338.51334402524196,547.9050511772143,-328.2522926333494,549.292236328125,-329.6227722167969
557.3003847761336,-339.34028264251504,546.7232661055679,-329.2762178461521,548.24462890625,-330.7237854003906
556.3506667671494,-340.16295914199935,545.527196528831,-330.28997518991997,547.2264404296875,-331.8399963378906
555.4416519245549,-340.98373918128226,544.3544091139692,-331.33159706952966,546.239990234375,-332.9731140136719
554.497765005857,-341.81391250591327,543.1061957349299,-332.36547748069296,545.2613525390625,-334.15301513671875
553.5641808235674,-342.6057176620519,541.8818973073658,-333.4379757086792,544.3206176757812,-335.3517761230469
552.6527325485171,-343.4215990275809,540.6472301157935,-334.51255202428104,543.417724609375,-336.5684814453125
551.7351550282481,-344.2189306116987,539.3992388161327,-335.5975422561026,542.554931640625,-337.8030090332031
550.7852689641024,-345.0378631608286,538.1170540953933,-336.72886291424174,541.712646484375,-339.0871887207031
550.5084872140272,-346.26537560965903,536.7795551529192,-337.85542702708267,540.915283203125,-340.38885498046875
549.7695592319842,-347.1716506466226,535.4280671487353,-339.0124542387716,540.1651000976562,-341.70745849609375
548.919332013517,-348.0421656302056,534.1117316377706,-340.2128363097876,539.4601440429688,-343.0407409667969
548.0299157078076,-348.957680802262,532.6786841999135,-341.42437590281753,538.7832641601562,-344.4200744628906
547.0797419514488,-349.85522967571325,531.2303594765976,-342.67483108626425,538.153076171875,-345.81109619140625
546.071883259976,-350.73410653621704,529.7655529662733,-343.9793163971401,537.572265625,-347.21319580078125
545.0487917206495,-351.626610959811,528.3347516939101,-345.36047154804,537.0429077148438,-348.62518310546875
544.8629589665951,-352.84005797442325,526.0250163863612,-346.58258350101084,536.55908203125,-350.08172607421875
543.761253241588,-353.7770602203994,524.1338457958584,-348.03518897556046,536.1310424804688,-351.5448913574219
542.6985437362764,-354.75158452630023,522.2798998187443,-349.63461906945054,535.7630004882812,-353.0135192871094
541.5744429581234,-355.7613335868285,520.4292672679846,-351.35185073122614,535.4560546875,-354.4854431152344
540.4379040951181,-356.8531576112833,518.4333627008558,-353.2349477566678,535.2081298828125,-355.99322509765625
539.4492457009541,-358.02205174693825,516.21111718284,-355.27447343231046,535.030029296875,-357.4995422363281
538.6645523337198,-359.2654636564285,513.8265719778586,-357.50967626028444,534.9238891601562,-359.00103759765625
538.1401122166864,-360.60270403989006,511.09647522741994,-360.01967193615235,534.890869140625,-360.53265380859375
537.8854340306784,-361.970902408704,508.0490372487274,-362.86778927857097,534.936767578125,-362.0595397949219
537.804026761875,-363.35145819257787,504.5695315900026,-366.1225003824969,535.0635375976562,-363.5799560546875
537.8966659665916,-364.7287709042518,503.6696289159968,-369.44029691946116,535.2714233398438,-365.09014892578125
538.2550863370981,-366.083836744919,506.3588396535954,-372.0521707636047,535.552001953125,-366.5896301269531
538.7733972891743,-367.40272888349483,508.8387987783379,-374.43648461193584,535.901611328125,-368.0775146484375
539.4933740352997,-368.6602997210057,511.09439319747787,-376.6440998837579,536.3165283203125,-369.55340576171875
540.348323554769,-369.8257372873876,513.1975818884573,-378.65377895109714,536.7821044921875,-370.98529052734375
541.2467247673956,-370.9538063461975,515.1623306471179,-380.56838652659616,537.305908203125,-372.4063720703125
542.1864696431684,-372.0520962901889,517.0206526109148,-382.37287523626213,537.8842163085938,-373.8164978027344
543.1646599698998,-373.12274182950375,518.8166923167523,-384.0801238263423,538.513916015625,-375.2157287597656
544.205638926385,-374.10246168272135,520.5061520653721,-385.7340068130018,539.178466796875,-376.56976318359375
545.1875717377956,-375.0895683718709,522.1918811880302,-387.32884658155433,539.8910522460938,-377.9085998535156
546.1997825464853,-376.0429327043236,523.7822627675716,-388.9144936104146,540.6495971679688,-379.2297058105469
546.4752764962122,-377.4404054731001,525.3477841818176,-390.4276751080211,541.448974609375,-380.5301208496094
547.5206996666843,-378.4030626132444,526.8531904330871,-391.83723945689815,542.2804565429688,-381.8092956542969
548.5618604872271,-379.40709023223394,528.2162714172202,-393.14610054748584,543.1336059570312,-383.07269287109375
549.5525072229284,-380.48738852360106,529.4832101342761,-394.3648704916763,544.0005493164062,-384.3264465332031
550.557247564481,-381.5631559308055,530.7062525611381,-395.57848480506243,544.8796997070312,-385.5716552734375
551.5320952456448,-382.66007084163135,531.9325034250954,-396.76964866506233,545.7698974609375,-386.8082275390625
552.5287363786357,-383.7760151043837,533.1150407707778,-397.8866616329615,546.6641845703125,-388.0386047363281
553.5909875845031,-384.9069266638695,534.1656775949357,-398.9162795997475,547.5484619140625,-389.2647399902344
554.1696369231399,-386.41623726293494,535.1518890231256,-399.8779403989381,548.4153442382812,-390.4894104003906
555.3231293357569,-387.5514253231806,536.1821330048783,-400.8373092839707,549.2850952148438,-391.7424621582031
556.5040112519491,-388.6634308692564,537.1614611918891,-401.8326464386723,550.13916015625,-392.99688720703125
557.639349299152,-389.8299727072875,538.1455066415904,-402.7741829953626,550.9747924804688,-394.2553405761719
558.8232225983526,-391.0325004919326,539.0533374674242,-403.6442663356789,551.7836303710938,-395.52325439453125
560.0636394601247,-392.30774228100165,539.9049094071936,-404.48274236522803,552.5736694335938,-396.83135986328125
564.36272752605,-391.8693973468928,540.7684373846156,-405.3020303245756,553.3259887695312,-398.1528015136719
569.3885705116619,-391.29324310466376,541.6470759422053,-406.1092987956865,554.0403442382812,-399.4903564453125
575.3597486014583,-390.59808462018333,542.4863329407697,-406.91452475921886,554.713134765625,-400.8458557128906
576.7189444662064,-392.46271572797826,543.2874167923426,-407.7235320036782,555.3410034179688,-402.2213134765625
577.2439806772836,-394.7274744153883,544.1557705827,-408.5256729104209,555.923583984375,-403.61834716796875
577.7368488269652,-396.98164749329584,545.004995664164,-409.3761429967439,556.461181640625,-405.0380554199219
578.2961187599137,-399.2025380871635,545.9256287739717,-410.2383530725231,556.9524536132812,-406.47906494140625
578.8202446552491,-401.39055122573524,546.8801162199647,-411.15713034929297,557.3993530273438,-407.9405822753906
579.2684606246887,-403.56355747760847,547.8668186373981,-412.1331130120087,557.803466796875,-409.42138671875
579.6942977048778,-405.72235488204603,548.8680453719512,-413.113568504447,558.1548461914062,-410.8868713378906
580.0501068079986,-407.87231768340877,549.9461323351541,-414.14217022183857,558.46337890625,-412.3682556152344
580.3400974117809,-410.01955369642724,551.049903178287,-415.22962171559317,558.7293701171875,-413.8636169433594
580.6139821118414,-412.1323374345771,552.2792066481953,-416.3703419715702,558.9549560546875,-415.3718566894531
580.7768180267788,-414.1927209249782,553.5876751791706,-417.58508566787106,559.1445922851562,-416.8917541503906
573.5728899502549,-416.9593191301727,555.0650813853999,-418.8092687184608,559.2940063476562,-418.3865661621094
580.8963886584995,-418.2647894296194,556.6657431525374,-420.09882117075125,559.4078979492188,-419.8912658691406
580.9072976878786,-420.3077720109283,557.8875071304293,-421.48667936451665,559.4854125976562,-421.40484619140625
580.8684084984214,-422.3563799925142,557.8766509365789,-422.9705755938213,559.5260620117188,-422.926513671875
580.7799784230077,-424.39939333655093,557.7800970026084,-424.45999424571886,559.5300903320312,-424.45538330078125
580.6933949376879,-426.4332126912406,557.5484721141931,-425.95022181428953,559.498046875,-425.99090576171875
580.5633871097762,-428.40740007066614,557.2851070737622,-427.4024463273277,559.43310546875,-427.49517822265625
580.3386834063103,-430.3839059158617,556.8393615679669,-428.84031788562856,559.333984375,-429.0041809082031
580.0748594870707,-432.3241548513891,556.3138168599359,-430.2665647667377,559.2030029296875,-430.5167541503906
579.7100004834803,-434.31476881396156,555.6562504683973,-431.65855026184573,559.0357055664062,-432.03173828125
579.3442159499871,-436.3206648594757,554.8667915455109,-433.0124787872616,558.8307495117188,-433.5482177734375
578.8813768202525,-438.3055364011101,554.0461259402177,-434.3392530761492,558.5885620117188,-435.064697265625
578.4288965265447,-440.24401678560406,553.1038695323341,-435.58523154829294,558.31640625,-436.54412841796875
577.9371103042253,-442.15022791140984,552.1838836726073,-436.815410701334,558.0101928710938,-438.0223388671875
577.4026882801901,-444.04634300755475,551.1897644461035,-438.0055001340234,557.669921875,-439.4988708496094
576.767744636497,-445.94827064959765,550.1722454023378,-439.1525856884852,557.29345703125,-440.9721984863281
576.1337175550285,-447.85504821622874,549.1789277804472,-440.27620039034906,556.8803100585938,-442.44158935546875
575.4503799644151,-449.75653004983883,548.1622278188919,-441.3625381503113,556.429931640625,-443.9057312011719
574.7099861316098,-451.6671541490863,547.2195560737777,-442.43263680660704,555.940673828125,-445.3622131347656
573.9336844409922,-453.5231713571941,546.3595210504855,-443.46890561430376,555.4256591796875,-446.774658203125
573.1138621938954,-455.3516574331111,545.4738802844468,-444.4832701607606,554.8733520507812,-448.17926025390625
572.2426798364011,-457.17103639734,544.6125019873043,-445.4845526895501,554.2830810546875,-449.5748291015625
571.2315452161625,-458.93175664389133,543.7737147853345,-446.47820513701305,553.6549072265625,-450.9598388671875
570.1775688352297,-460.66244448010644,543.5853485471157,-447.7761226783779,552.9893798828125,-452.3332214355469
568.9888775288058,-462.32330298259836,542.6024591068318,-448.6906850722525,552.286376953125,-453.69390869140625
567.7562315905107,-463.9552856090681,541.688047415566,-449.6195269569899,551.5457763671875,-455.0406188964844
566.562005948696,-465.52079178696306,540.7646001018766,-450.5035228258018,550.7897338867188,-456.3393859863281
565.3463512011036,-467.0342282255945,539.8566717859063,-451.4044950634844,550.0014038085938,-457.6250305175781
564.1385985931129,-468.54605730286136,538.9296097254435,-452.28231064988455,549.1812744140625,-458.896240234375
562.9004701420117,-470.0249304258165,538.0229590372886,-453.1692263119197,548.3299560546875,-460.1527099609375
561.6721214553584,-471.50205159709066,537.1366199337002,-454.0658199678147,547.4480590820312,-461.3936767578125
560.4030877825226,-472.96042701495725,536.2343978227168,-454.935440940222,546.53515625,-462.61773681640625
559.1402061895087,-474.42017922991243,535.3125390392904,-455.7839745566256,545.5919189453125,-463.82373046875
557.8817334230893,-475.88357912064185,534.4105390079155,-456.64224415454953,544.6187744140625,-465.01080322265625
556.6056041933997,-477.30286293901594,533.4781846666741,-457.4955789952957,543.6177978515625,-466.1795654296875
555.3749930267712,-478.68699775321653,532.583074519146,-458.3440747371251,542.6174926757812,-467.30029296875
554.1094389763174,-480.05224994066987,531.6729459847234,-459.1709213576483,541.5918579101562,-468.4023132324219
552.8971301395449,-481.45247998191,530.7376526490083,-459.9889385362696,540.5424194335938,-469.48577880859375
551.639445985281,-482.7787714458033,529.807007578909,-460.84134535760535,539.4711303710938,-470.55194091796875
550.4587340437117,-484.1286372103185,528.8367678660035,-461.70506700273853,538.3809814453125,-471.6031188964844
549.261868234188,-485.3929434503307,527.8232926748308,-462.58766263361434,537.2754516601562,-472.64239501953125
548.0451236811003,-486.70822426871115,526.8200345007673,-463.43272569854975,536.15234375,-473.66656494140625
546.8004152159842,-487.9494052098999,525.8172200137054,-464.3216952622618,535.0139770507812,-474.6775207519531
545.4996322493395,-489.32606674761763,524.8349495268025,-465.0898048868776,533.8534545898438,-475.6670227050781
544.2068854537656,-490.5918998159835,523.8200617765285,-465.9265336316431,532.6755981445312,-476.64056396484375
542.9066808611221,-491.83043969360324,522.7796819172765,-466.75995608350155,531.4815673828125,-477.5991516113281
541.5974082507482,-493.0453150195563,521.747743292642,-467.6276856148251,530.2723388671875,-478.5434875488281
540.2443270797232,-494.20152339881673,520.6662463909371,-468.4483925341027,529.0482177734375,-479.4740905761719
538.9043552954669,-495.3816987905213,519.5710041424708,-469.25749758221986,527.8099975585938,-480.39044189453125
537.6027762513612,-496.50854247204404,518.5124240427989,-470.08278508061255,526.5936279296875,-481.2691650390625
536.3068718964412,-497.60976834046085,517.3987427498478,-470.8694015975799,525.3661499023438,-482.1371154785156
535.0161219113422,-498.68882630699323,516.289549647934,-471.6992005960126,524.1279296875,-482.9962463378906
533.7176875935854,-499.75573993115586,515.1379434949182,-472.4831369820626,522.8795166015625,-483.84674072265625
532.415215836109,-500.80905951609464,513.9999796923595,-473.3046838395806,521.6220092773438,-484.6886901855469
531.1160475958736,-501.84568254355673,512.8441703544047,-474.1260154124423,520.3565673828125,-485.5228271484375
529.8069683141775,-502.8745626972984,511.6531456819607,-474.89845643706343,519.0834350585938,-486.3489685058594
528.4906894561851,-503.89412397615007,510.4812143097421,-475.70614000062625,517.803466796875,-487.166748046875
527.1724398465724,-504.9018036035136,509.2714269455596,-476.4674102733146,516.51708984375,-487.9765930175781
525.8461586878814,-505.90153056331474,508.05569709788176,-477.22117468574385,515.224609375,-488.7783203125
524.5088213847109,-506.89480363674954,506.86262254178337,-478.0082178596285,513.9263305664062,-489.5714111328125
523.1475982829724,-507.88762180376716,505.64801832982977,-478.73688904689715,512.6221313476562,-490.3543395996094
521.7654372875197,-508.8765468086571,504.4606817552923,-479.49363022113903,511.3115539550781,-491.1261901855469
520.3895535107906,-509.79145762391994,503.21782476583576,-480.2149132045877,509.99615478515625,-491.889892578125
519.0476502544576,-510.67877780109853,501.94728368822354,-480.9455033896087,508.6777648925781,-492.64813232421875
517.4254406423647,-511.74503106999805,500.87288377575254,-481.58922176345726,507.3447570800781,-493.37982177734375
515.9215372646726,-512.6633121105689,499.6894700316137,-482.277092392027,506.0032653808594,-494.096435546875
514.4099205362476,-513.5633797619766,498.495868708152,-482.95304341624876,504.6539306640625,-494.7979431152344
512.8652109172222,-514.456244483035,497.3067580416943,-483.6076357314816,503.2959899902344,-495.4828186035156
511.3030933750725,-515.3328055740266,496.11135529474745,-484.2463038000659,501.92901611328125,-496.1508483886719
509.73345525173954,-516.1885150472369,494.9041198911753,-484.8721823832503,500.55340576171875,-496.80224609375
508.16280520187655,-517.021469942349,493.70244110628164,-485.5330654606804,499.16943359375,-497.43780517578125
506.5872107116809,-517.8343469852656,492.4876726278714,-486.18273343678555,497.7775573730469,-498.0578308105469
505.0052792884248,-518.6282778241584,491.24208775328066,-486.77449386125716,496.3785095214844,-498.6623229980469
503.4120401675057,-519.4053473547547,490.00932916513426,-487.398220032778,494.97259521484375,-499.25103759765625
501.8213729284897,-520.1607863663789,488.7620467591201,-488.0120269929536,493.5605163574219,-499.82464599609375
500.21373045145145,-520.9020543840209,487.51192741609947,-488.6103712979756,492.1424255371094,-500.3824462890625
498.60682211253544,-521.6228404375961,486.2666004641035,-489.24476323757193,490.7183532714844,-500.9252014160156
496.98536773343477,-522.3286666018641,484.99839197992515,-489.8181570148282,489.2881164550781,-501.4525451660156
495.3560670756496,-523.016988832024,483.72187805996384,-490.3785707470109,487.8517761230469,-501.96453857421875
493.71447678900415,-523.689078702226,482.45579644665753,-490.9721081285393,486.40936279296875,-502.4609069824219
492.05327554519926,-524.2948818322218,481.1786196340118,-491.5536262224443,484.96112060546875,-502.9419250488281
490.3957550092356,-524.9317517408394,479.88002604168184,-492.07346096414926,483.5072021484375,-503.4072265625
488.72662409178946,-525.5516937668443,478.5902974985579,-492.62670219100295,482.04754638671875,-503.8565979003906
487.0340947824957,-526.1058865003123,477.29161869010994,-493.1664836269642,480.5816650390625,-504.2901611328125
485.33208934446566,-526.6421446413805,475.98508957250124,-493.69227949977534,479.10986328125,-504.7076721191406
483.6287282659813,-527.2094980380383,474.68584075865977,-494.25127248598125,477.63189697265625,-505.10870361328125
481.8943562818769,-527.7113735702951,473.3684915676986,-494.74609765507057,476.1478576660156,-505.4925231933594
480.1448662431516,-528.1944015692304,472.057359255594,-495.27329246698156,474.65777587890625,-505.85858154296875
478.39686340524884,-528.7055780918064,470.72556316055625,-495.7363392705867,473.16180419921875,-506.2066650390625
476.63513031895695,-529.1965865574664,469.39781831394816,-496.2317458170735,471.66015625,-506.5363464355469
474.8466707691037,-529.6182271846824,468.0636590615007,-496.71005838929324,470.153076171875,-506.84698486328125
473.0542972677711,-530.0670745603445,466.722870197643,-497.1708786000699,468.6412048339844,-507.1379699707031
471.24100370548393,-530.4941877355766,465.3869708201196,-497.6620491230892,467.124755859375,-507.4083557128906
469.42102881903014,-530.9468346205232,464.0344450238765,-498.085443233812,465.603515625,-507.65771484375
467.5829472534717,-531.3251704848025,462.6800278727166,-498.5398069434101,464.07769775390625,-507.8858947753906
465.7880708951877,-531.7217488092974,461.35601289651066,-498.97033143410874,462.5897521972656,-508.0872497558594
463.9838662444532,-532.0937429357166,460.02129302205543,-499.382945175136,461.0976257324219,-508.26800537109375
462.17233146851856,-532.4408661945226,458.67552523023005,-499.77757758797884,459.60162353515625,-508.42816162109375
460.3426092555732,-532.7634681987711,457.32189427861937,-500.15314531515685,458.1012878417969,-508.567138671875
458.5121907514265,-533.1100451323141,455.95963844989615,-500.56005136274774,456.5968017578125,-508.68511962890625
456.66270860913085,-533.4311472901572,454.58799244634355,-500.9474142491641,455.0883483886719,-508.7814636230469
454.8064842103255,-533.7257423245778,453.2036006813834,-501.31543736936993,453.5765380859375,-508.8562316894531
452.94906126076,-533.9940521119067,451.80496492169954,-501.6643770191276,452.0613708496094,-508.90985107421875
451.0753408193811,-534.2860289115437,450.39860553356755,-502.0432225402284,450.54339599609375,-508.94171142578125
449.195257034574,-534.5013079722729,448.9782010312993,-502.40213872834556,449.0224914550781,-508.9519958496094
447.3006537105273,-534.6893737856774,447.5470894105764,-502.74042548294875,447.499267578125,-508.94024658203125
445.39186456213423,-534.8994751575717,446.10352450169125,-503.10754600787016,445.9737243652344,-508.9060974121094
443.49048853279095,-535.0327946732832,444.64488993074286,-503.4039655669454,444.44610595703125,-508.850341796875
441.5842939156345,-535.1894476621015,443.1722037219773,-503.7296127528134,442.9176330566406,-508.773193359375
439.6714794450791,-535.3192788509946,441.68405399008964,-504.08417177491634,441.3882751464844,-508.6746520996094
437.73579522341464,-535.3695488564172,440.1899511010183,-504.36665780887637,439.8585205078125,-508.5535583496094
435.80245383804845,-535.4426880269721,438.74717332633617,-503.930103978991,438.3284912109375,-508.41058349609375
433.85497777377816,-535.4865544402611,437.24986603457137,-504.06958037462226,436.79864501953125,-508.2452697753906
431.9267289943582,-535.5060774898149,435.7352300831068,-504.2372974102971,435.2697448730469,-508.0590515136719
430.0269630151658,-535.4544259652862,434.21473173546354,-504.33507932491307,433.74127197265625,-507.8533630371094
428.1954302312861,-535.3904092674707,432.7274108956617,-504.42038911060655,432.2568359375,-507.6361389160156
426.3916488380307,-535.3112110655657,431.22288134341386,-504.5382917442998,430.7731018066406,-507.4031982421875
424.57790975214766,-535.2109977480249,429.8537250065875,-503.801147150483,429.29052734375,-507.1541748046875
422.79967343114487,-535.0483218058085,428.35240068538945,-503.8385864777823,427.80938720703125,-506.8906555175781
421.0043808787922,-534.8640716407524,426.86718066270777,-503.7619765296913,426.3299865722656,-506.6117858886719
419.24099316860594,-534.6691732821455,425.3860109536604,-503.62160715855475,424.8520812988281,-506.31927490234375
417.4936221638224,-534.3589035267073,423.92405877391894,-503.36919482356774,423.37548828125,-506.01287841796875
415.8213653287578,-534.0004931961817,422.4772802558838,-503.0072868719016,421.8998718261719,-505.69598388671875
414.0861058464116,-533.5085709078451,421.06371974486035,-502.53494473713624,420.4263916015625,-505.3640441894531
412.3292598700824,-532.9394511840452,419.67123561597793,-501.9987720723311,418.95550537109375,-505.0150146484375
410.7200060473031,-532.3409991135582,418.31584464188586,-501.25573608983024,417.48504638671875,-504.65570068359375
409.04155957013126,-531.6567585120732,416.9675682150193,-500.5508278643634,416.0169372558594,-504.2816162109375
407.36592389146057,-530.9546784980619,415.65452722246897,-499.7364173988438,414.55108642578125,-503.8924255371094
405.6885001102968,-530.2327724941603,414.11461615791995,-499.7770385108107,413.0880126953125,-503.4876403808594
404.03747968014113,-529.4470698951184,412.8029296735804,-498.9831839141429,411.62774658203125,-503.0674743652344
402.3914473531671,-528.643236627172,411.5029036049789,-498.1766452708863,410.1705627441406,-502.6316833496094
400.7384777325947,-527.8696815582855,410.2145201831582,-497.35740130803896,408.71673583984375,-502.18017578125
399.1074326968691,-527.0304536698437,409.88916748432086,-493.57497140753986,407.2665710449219,-501.71282958984375
397.48521389052536,-526.173702440335,408.6250654842388,-492.83574798660504,405.8202819824219,-501.22955322265625
395.8567306736474,-525.3470552114309,407.3710399223616,-492.0836515615084,404.3779602050781,-500.73028564453125
394.2547251423358,-524.4560280325286,406.1103194572958,-491.365831272727,402.9398193359375,-500.21502685546875
392.66367530536616,-523.5481606038777,404.8592866054597,-490.6350750544381,401.50634765625,-499.6838684082031
391.11307762712363,-522.58203225073,403.6129688429559,-489.890331281448,400.0772705078125,-499.137451171875
389.5530366838964,-521.6456728704692,402.35907603265065,-489.1801475075293,398.65301513671875,-498.5756530761719
388.06176534116526,-520.6103604249671,401.16134830833585,-488.3161050125254,397.23333740234375,-497.9997863769531
386.5761220329548,-519.6139676211349,399.948909431958,-487.4860277316883,395.81793212890625,-497.41064453125
385.1785556012023,-518.4202548159722,398.76609922691216,-486.59989468425675,394.4070739746094,-496.8081970214844
383.67737705014537,-517.4912576196036,397.57252612938595,-485.7494188008089,393.0009460449219,-496.1926574707031
381.5747832702288,-517.9193173297165,396.3867327550623,-484.8883966687967,391.59942626953125,-495.5641784667969
377.16457704628846,-523.3229216945189,395.1884748152127,-484.0627000599341,390.2026672363281,-494.9229431152344
371.9089266104294,-530.302574180422,394.0125732306303,-483.17932251164376,388.8104248046875,-494.2698974609375
369.0810083685209,-531.9439869301733,392.81693819006955,-482.3297850917855,387.42236328125,-493.6058349609375
376.658117355038,-512.1654520043325,391.6275191544763,-481.47117187996514,386.03863525390625,-492.9309997558594
375.2455612273763,-511.1848485843853,390.445598553724,-480.60411913684754,384.6593322753906,-492.24542236328125
373.8440615103106,-510.1957306512235,389.2467320506155,-479.77258648099564,383.2843933105469,-491.54931640625
372.4701584181884,-509.20862570046484,388.06363835831667,-478.88283355029296,381.9131164550781,-490.8442077636719
371.08628433745764,-508.26147593679644,386.85907423441915,-478.02855273695826,380.5453186035156,-490.130615234375
369.7115641710956,-507.30832339257836,385.6342681848349,-477.21063595279855,379.1809997558594,-489.4088439941406
368.3523404477275,-506.3536545252761,384.4304038008808,-476.33866775325157,377.8197326660156,-488.6796569824219
367.0044975636134,-505.3960935256481,383.2266063935174,-475.4587089203659,376.46142578125,-487.9436340332031
365.68224969676277,-504.50109397296404,382.03902846935136,-474.6370722258147,375.1456298828125,-487.22296142578125
364.3716661778394,-503.60514926844377,380.87331394161924,-473.763779692764,373.832275390625,-486.4967041015625
363.0694727999043,-502.7070739441398,379.6828467894766,-472.9277570131441,372.52105712890625,-485.76519775390625
361.7702019648787,-501.80381924417003,378.49592074038037,-472.0874527307679,371.2121276855469,-485.0284729003906
360.4997053442649,-500.852619725187,377.3118536704361,-471.2425450937882,369.9056091308594,-484.2866516113281
359.23208839649664,-499.8961691463774,376.1319008699414,-470.3936449771136,368.6015319824219,-483.5396423339844
357.9694910227856,-498.93583501519237,374.9290026405049,-469.58301939508965,367.2997131347656,-482.7874755859375
356.7084729160565,-497.969367361661,373.75649975244124,-468.72572974063723,366.0005187988281,-482.03009033203125
355.42839683290407,-497.0428713281057,372.5345154044459,-467.9491189735289,364.7037048339844,-481.2676086425781
354.1742499405008,-496.0664428888847,371.3181280446052,-467.1691962069703,363.40948486328125,-480.4997863769531
352.8984225651344,-495.12806403382893,370.10468559840467,-466.3844022869532,362.1178894042969,-479.72662353515625
351.64989385801044,-494.14023003474523,368.8961320099177,-465.59564126472657,360.82891845703125,-478.9478454589844
350.374918085486,-493.18666147996015,367.69531225944206,-464.80408975607486,359.5429992675781,-478.1631164550781
349.1020479978953,-492.22586448008065,366.49991170243584,-464.00812319751077,358.26019287109375,-477.3721923828125
347.804873398682,-491.2999965913866,365.28312012047957,-463.2497280607093,356.98028564453125,-476.5746765136719
346.55058643076234,-490.3347336787756,364.08321714998146,-462.4364598262439,355.7026672363281,-475.7717590332031
345.28435008744,-489.3527170760188,362.874683280044,-461.6683418343145,354.4281005859375,-474.9619140625
344.0002176190687,-488.40980370634776,361.6646653262953,-460.89141298738787,353.15655517578125,-474.14569091796875
342.6650736099902,-487.41738698551035,360.51563525754585,-460.1387859394245,351.8915100097656,-473.31787109375
341.3605810254639,-486.4308565643745,359.3497680761409,-459.36346178001946,350.6319274902344,-472.4807434082031
340.079212843765,-485.44813134376244,358.1717036572175,-458.5701371532943,349.3767395019531,-471.6358337402344
338.77898139748123,-484.50204028473007,356.99436663025006,-457.7676602036189,348.1259765625,-470.78363037109375
337.50836254657804,-483.5040826311515,355.96724220879173,-456.75478879508586,346.8797912597656,-469.9236755371094
336.22580874001267,-482.5487030455073,354.79133573671857,-455.93425756316924,345.6372985839844,-469.05694580078125
334.95025336892024,-481.58875783966585,353.64450400171023,-455.06457087236765,344.398193359375,-468.1836242675781
333.6760473221731,-480.6199057428683,352.4749044668424,-454.23112000375215,343.1625061035156,-467.3033447265625
332.3809884716064,-479.68832085344246,351.30403076042677,-453.3884441756673,341.93011474609375,-466.4166259765625
331.1279248452908,-478.7174402141739,350.1272897041964,-452.5343976241851,340.7010192871094,-465.5247497558594
329.8522346599717,-477.78445499768526,348.95128182635915,-451.67403597295316,339.4755554199219,-464.62835693359375
328.6166675770407,-476.81250781649624,347.7411259187649,-450.84478246078754,338.2530212402344,-463.7279968261719
327.3542319051023,-475.87648185245024,346.5635725453762,-449.9714842809432,337.0333557128906,-462.8235778808594
326.0925974481194,-474.934367898237,345.36033891171616,-449.13515575855297,335.81622314453125,-461.9145812988281
324.84178899312866,-473.9948863210653,344.1809773299066,-448.2491876004818,334.6014709472656,-461.0021057128906
323.5954865260802,-473.05368817208193,342.9715943734029,-447.3983937384976,333.3890075683594,-460.0863952636719
322.3544676802777,-472.1118658270913,341.7607680691628,-446.5421440318107,332.17852783203125,-459.1676940917969
321.08799171423107,-471.20936995838423,340.57841564145156,-445.6408150207112,330.9696044921875,-458.24615478515625
319.85338465835764,-470.26426742396364,339.36605970965473,-444.7756303755035,329.7616882324219,-457.3214416503906
318.59094778279893,-469.35697762405084,338.1536881951076,-443.9067471225361,328.5551452636719,-456.3940124511719
317.3318465319571,-468.4487118778941,336.9405061173635,-443.03384510552604,327.3499755859375,-455.46417236328125
316.07977123867613,-467.54328045974853,335.7219089480394,-442.15427991278074,326.1455993652344,-454.53240966796875
314.8380242351351,-466.6447553499772,334.49417513301387,-441.26660346255034,324.941650390625,-453.59991455078125
313.62183945642244,-465.76901134895934,333.23831394643264,-440.3601796422824,323.7356262207031,-452.6688232421875
312.35060863075665,-464.9133422855231,332.00513621324757,-439.4707256212952,322.5293884277344,-451.73699951171875
311.03555111901585,-463.9480687838422,330.85001021046077,-438.6298076507035,321.3279724121094,-450.7967529296875
309.7601465901731,-463.07508300978554,329.5981960829941,-437.77530424454847,320.12652587890625,-449.85467529296875
308.5174294333622,-462.16264905415323,328.3753575970768,-436.8784713737755,318.9250793457031,-448.91107177734375
307.27400255064396,-461.2479976652609,327.15333219525365,-435.98064435139537,317.7237854003906,-447.9659423828125
306.0031689474661,-460.3742907878815,325.927724217818,-435.0789081229836,316.5223388671875,-447.01959228515625
304.7617633654371,-459.45879588220055,324.6723892104973,-434.2161002040318,315.3208923339844,-446.0719299316406
303.49524801396177,-458.58682662833723,323.44130001930716,-433.3083948724958,314.1186828613281,-445.1233215332031
302.262109344187,-457.67766813027396,322.20602463901935,-432.3975517553346,312.9153747558594,-444.17401123046875
300.99486529533584,-456.80501868847097,320.94227360180463,-431.52766083130047,311.7119445800781,-443.2243347167969
299.76334693293086,-455.897374135218,319.7042099938294,-430.6148537435681,310.50787353515625,-442.274658203125
298.5054560293225,-455.0339934600331,318.45925312265587,-429.6980065285346,309.3021545410156,-441.3250732421875
297.27674019607963,-454.1312722921252,317.1822978886042,-428.82094938491866,308.094970703125,-440.37567138671875
296.0154637749684,-453.26788017812896,315.9345872111002,-427.90462744440373,306.88604736328125,-439.4262390136719
294.7864479339754,-452.3679261661064,314.6836260748534,-426.98745516541874,305.6759033203125,-438.4775390625
293.55015325250463,-451.46305173153735,313.43699305154354,-426.07448053342057,304.46478271484375,-437.52886962890625
292.2883487678537,-450.603500519015,312.15175571400573,-425.1965942504065,303.251708984375,-436.5804748535156
291.0545487689582,-449.70390440519486,310.8978882223867,-424.2813231146529,302.03759765625,-435.6328125
289.81829848296746,-448.80383546975037,309.6427432229093,-423.36651860300697,300.8216247558594,-434.6851501464844
288.5522218245673,-447.94569226482264,308.3839928057065,-422.4507132994763,299.6039733886719,-433.73797607421875
287.32169424721326,-447.0545713446535,307.11763956818777,-421.53176624934036,298.3841247558594,-432.7918395996094
286.08768978587165,-446.1632439491532,305.8505631920673,-420.6148231719781,297.1622314453125,-431.8466491699219
284.85226575370706,-445.27342005253684,304.58059390950694,-419.6983154379604,295.93798828125,-430.90228271484375
283.6521035342617,-444.4132965050496,303.3461055410479,-418.8117510200849,294.7490234375,-429.9876708984375
282.4500272552293,-443.5541484637472,302.1103621767008,-417.92674095869245,293.55841064453125,-429.07427978515625
281.24583824091957,-442.69572361333894,300.87388745786933,-417.04358126646815,292.3663635253906,-428.16217041015625
280.03698451569727,-441.8356260673933,299.63887874289236,-416.1634932353604,291.17303466796875,-427.2510070800781
278.82285750052284,-440.97283140505164,298.4064422278647,-415.2867299285864,289.97882080078125,-426.34051513671875
277.60800544950393,-440.1108587786334,297.20301188703826,-414.3706028123945,288.78350830078125,-425.4305725097656
276.42381771727946,-439.2109371764122,295.96729915749074,-413.4943108148358,287.5871887207031,-424.52142333984375
275.2092971457044,-438.3524109833367,294.7300848407655,-412.6185553767292,286.3899230957031,-423.61322021484375
273.9960165187598,-437.49679121234163,293.48968252858594,-411.7423857541042,285.1912841796875,-422.7059631347656
272.7755454767014,-436.63700499441296,292.28169115190235,-410.8293481793524,283.9908142089844,-421.7986145019531
271.5852350315628,-435.73885666597937,291.0403566553219,-409.95532323847465,282.7884826660156,-420.8913879394531
270.3621518774831,-434.88002885423765,289.7977781293062,-409.0817978297173,281.5842590332031,-419.9841613769531
269.16757755835135,-433.9815361477504,288.5831094857593,-408.16817891218557,280.3780822753906,-419.0769348144531
267.9396516221653,-433.12177179101366,287.33793821349406,-407.2954536734746,279.17022705078125,-418.1697082519531
266.7128147701788,-432.2643929864667,286.11949079992655,-406.38185814626735,277.96087646484375,-417.262939453125
265.51259947355436,-431.3657650577037,284.8715457595193,-405.5099462294911,276.7503662109375,-416.3565979003906
264.28370225790337,-430.50976960979824,283.64985358793206,-404.59690011918883,275.5382080078125,-415.45068359375
263.08345840330537,-429.61441764541945,282.39684810221763,-403.7245531167906,274.3246765136719,-414.54541015625
261.85081337578094,-428.7587846408566,281.17313254467797,-402.81321579360616,273.1097106933594,-413.6405944824219
260.6454490181999,-427.8624505131869,279.9195686904526,-401.94333871850796,271.8936462402344,-412.7362976074219
259.4090739255037,-427.00663015284255,278.6954722208414,-401.03434993021006,270.6768493652344,-411.8327331542969
258.20373304464187,-426.11309233578305,277.439335868813,-400.16538400250823,269.459228515625,-410.9300842285156
256.99829327611275,-425.2211108687835,276.2112532696146,-399.2566322095448,268.24053955078125,-410.0282897949219
255.7654962667031,-424.37318961951075,274.9788529139117,-398.34683059997576,267.0202941894531,-409.1274719238281
254.56241343828682,-423.48727812042887,273.71500002186247,-397.4782345142295,265.7989807128906,-408.2281188964844
253.3578796904065,-422.6024637451824,272.4800968669341,-396.57108398143845,264.5766296386719,-407.3302001953125
252.12007697795116,-421.75707731607355,271.24619357803675,-395.6665418757322,263.35333251953125,-406.4334411621094
250.95225451936483,-420.90373132463543,270.0387881301317,-394.78422500294465,262.1622619628906,-405.5630798339844
249.77736474838807,-420.0461475043532,268.82063903939587,-393.95696267959164,260.9792785644531,-404.6995849609375
248.61327950955803,-419.1982065537208,267.63096376651185,-393.09036202289184,259.8001403808594,-403.8406677246094
247.4466097153899,-418.34974554867847,266.44429092577263,-392.22734196149304,258.6217041015625,-402.983642578125
246.27088438180587,-417.49508810280395,265.26281562077344,-391.36850378036615,257.4425964355469,-402.12652587890625
245.07614086799998,-416.6899748948369,264.07472103536844,-390.50642537065914,256.26385498046875,-401.271240234375
243.9048725764518,-415.8410072810692,262.8903734029589,-389.6479724735542,255.0848846435547,-400.41668701171875
250.15134914832944,-404.7457490611569,261.70725424255625,-388.7910447233989,253.90554809570312,-399.5625
251.02535534549344,-401.05759388991925,260.5250085756721,-387.9351857926481,252.7259063720703,-398.7085266113281
249.84438346948704,-400.2024100244298,259.3458414527881,-387.0813086241457,251.54525756835938,-397.85357666015625
248.66515792905474,-399.34918287811115,258.16156337438156,-386.2244242371708,250.36512756347656,-396.99969482421875
247.48517579303822,-398.49568462721965,256.97956186478143,-385.36946510727944,249.18478393554688,-396.14593505859375
246.30307312375672,-397.6399359748466,255.7733628463694,-384.55799769836057,248.0036163330078,-395.2908630371094
245.12373598653102,-396.78707589004375,254.58757082458533,-383.7004672133069,246.8231201171875,-394.4371643066406
243.94282000609672,-395.93304428962807,253.4068681075817,-382.8465898411232,245.64224243164062,-393.5831604003906
242.76237158264078,-395.07279491939806,252.2292191870857,-381.98836521707005,244.45936584472656,-392.7273254394531
241.57972451619932,-394.21097745255196,251.04640520130516,-381.12642698235265,243.2737579345703,-391.8695373535156
240.3937854765988,-393.3478448871218,249.85275993282764,-380.2577224110959,242.08351135253906,-391.00946044921875
239.19817037691953,-392.4783073809446,248.6529305556164,-379.38514038952457,240.88421630859375,-390.1434326171875
237.98768853559358,-391.5980225096092,247.4425312554233,-378.50491600494956,239.6708221435547,-389.2672119140625
236.76102121185315,-390.70704665323734,246.20888407681178,-377.60890265937263,238.4399871826172,-388.37939453125
235.51574685421494,-389.8043184232263,244.95208379562888,-376.6978683345415,237.1897430419922,-387.479248046875
234.2498612126825,-388.88788243419657,243.6784898171988,-375.7758856702361,235.91957092285156,-386.5658874511719
232.96573590376448,-387.9586547014984,242.39218397617023,-374.84508993293963,234.63214111328125,-385.64044189453125
