pos_x,pos_y
-621.72705078125,-241.35813903808594
-623.1176147460938,-242.295654296875
-624.496826171875,-243.22618103027344
-625.854248046875,-244.1422119140625
-627.1834106445312,-245.03890991210938
-628.4825439453125,-245.91453552246094
-629.7532348632812,-246.7699737548828
-631.0005493164062,-247.6082000732422
-632.22998046875,-248.43276977539062
-633.4468383789062,-249.2472381591797
-634.655517578125,-250.05482482910156
-635.8599853515625,-250.85784912109375
-637.0623779296875,-251.65817260742188
-638.2640991210938,-252.45706176757812
-639.4662475585938,-253.25540161132812
-640.6696166992188,-254.05386352539062
-641.8746337890625,-254.85292053222656
-643.0813598632812,-255.65296936035156
-644.2901000976562,-256.4542236328125
-645.5012817382812,-257.2568664550781
-646.7146606445312,-258.0611572265625
-647.9304809570312,-258.8670959472656
-649.1488647460938,-259.6748046875
-650.3697509765625,-260.48431396484375
-651.59326171875,-261.295654296875
-656.6758422851562,-264.66668701171875
-657.9950561523438,-265.5416259765625
-659.3174438476562,-266.41827392578125
-660.6430053710938,-267.2966003417969
-661.9716186523438,-268.1769104003906
-663.3034057617188,-269.0589599609375
-664.6383056640625,-269.94287109375
-665.9765014648438,-270.8285827636719
-667.3177490234375,-271.7158203125
-668.6619262695312,-272.60467529296875
-670.0095825195312,-273.4955139160156
-671.3602905273438,-274.387939453125
-672.7139892578125,-275.2820739746094
-674.0709838867188,-276.1780700683594
-675.4307861328125,-277.0755310058594
-676.793701171875,-277.974609375
-678.1599731445312,-278.875732421875
-679.5291748046875,-279.7787170410156
-680.9011840820312,-280.68328857421875
-682.2763061523438,-281.58966064453125
-683.6543579101562,-282.49774169921875
-685.0353393554688,-283.4075012207031
-686.4195556640625,-284.3190002441406
-687.8064575195312,-285.2320861816406
-689.1961059570312,-286.14703369140625
-690.5888671875,-287.0638427734375
-691.9843139648438,-287.9823303222656
-693.3826293945312,-288.90283203125
-694.7835083007812,-289.82513427734375
-696.1869506835938,-290.7492980957031
-697.5934448242188,-291.6755065917969
-699.0023193359375,-292.60369873046875
-700.2568969726562,-293.4303894042969
-701.5137329101562,-294.2584228515625
-702.7725830078125,-295.0880432128906
-704.0311889648438,-295.9176940917969
-705.2877807617188,-296.74627685546875
-706.542724609375,-297.5736083984375
-707.7960815429688,-298.399658203125
-709.2047729492188,-299.328125
-710.45751953125,-300.1539306640625
-711.7115478515625,-300.9806213378906
-712.9669189453125,-301.80816650390625
-714.2239379882812,-302.6368103027344
-715.4825439453125,-303.4664611816406
-716.7427978515625,-304.2972717285156
-718.0044555664062,-305.129150390625
-719.267822265625,-305.96209716796875
-720.5333862304688,-306.7962951660156
-721.8004150390625,-307.6312255859375
-723.0694580078125,-308.4671630859375
-724.3406982421875,-309.30419921875
-725.6138305664062,-310.1421813964844
-726.8889770507812,-310.9809265136719
-728.1663208007812,-311.8206481933594
-729.4456787109375,-312.66156005859375
-730.7262573242188,-313.5032653808594
-732.008544921875,-314.3462219238281
-733.2930908203125,-315.1908264160156
-734.5794677734375,-316.0365905761719
-735.8677368164062,-316.8830871582031
-737.1577758789062,-317.73052978515625
-738.4494018554688,-318.5792541503906
-739.7428588867188,-319.4293518066406
-741.0380249023438,-320.2806091308594
-742.3351440429688,-321.13275146484375
-743.6341552734375,-321.9859313964844
-744.9346313476562,-322.8402404785156
-746.2366943359375,-323.69549560546875
-747.5410766601562,-324.55194091796875
-748.8471069335938,-325.409423828125
-750.154541015625,-326.2681579589844
-751.4634399414062,-327.128173828125
-752.7741088867188,-327.9897766113281
-754.08642578125,-328.8525695800781
-755.4002075195312,-329.7164306640625
-756.7156372070312,-330.5815734863281
-758.03271484375,-331.4481506347656
-759.35107421875,-332.3159484863281
-760.6710815429688,-333.18487548828125
-761.9926147460938,-334.0550842285156
-763.3157958984375,-334.9264831542969
-764.6405639648438,-335.7989807128906
-765.9668579101562,-336.6725158691406
-767.2948608398438,-337.5471496582031
-768.6243286132812,-338.4230041503906
-769.9551391601562,-339.3001708984375
-771.2874145507812,-340.1785583496094
-772.6214599609375,-341.05816650390625
-773.9568481445312,-341.9388732910156
-775.2937622070312,-342.82073974609375
-776.6321411132812,-343.703857421875
-777.971923828125,-344.5881042480469
-779.3130493164062,-345.4734802246094
-780.65576171875,-346.3600158691406
-781.9999389648438,-347.2476501464844
-783.3455810546875,-348.1363525390625
-784.6926879882812,-349.02618408203125
-786.0410766601562,-349.9173278808594
-787.390869140625,-350.809814453125
-788.7420043945312,-351.7035827636719
-790.0944213867188,-352.59844970703125
-791.4483032226562,-353.4945373535156
-792.8034057617188,-354.3919982910156
-794.1597290039062,-355.2906799316406
-795.5173950195312,-356.190673828125
-796.87646484375,-357.091796875
-798.23681640625,-357.9941101074219
-799.598388671875,-358.89776611328125
-800.961181640625,-359.8027648925781
-802.3250732421875,-360.7090759277344
-803.6902465820312,-361.61663818359375
-805.0565185546875,-362.5256042480469
-806.4241333007812,-363.435791015625
-807.7927856445312,-364.34716796875
-809.1626586914062,-365.2599182128906
-810.5337524414062,-366.1739501953125
-811.9059448242188,-367.08929443359375
-813.2794799804688,-368.0058288574219
-814.6542358398438,-368.9236145019531
-816.0301513671875,-369.84228515625
-817.4070434570312,-370.76171875
-818.7844848632812,-371.681396484375
-820.1610717773438,-372.60076904296875
-821.5347290039062,-373.5185241699219
-822.9037475585938,-374.4337158203125
-824.2669067382812,-375.3452453613281
-825.6216430664062,-376.2513122558594
-826.9655151367188,-377.1499328613281
-828.2972412109375,-378.0404968261719
-829.6159057617188,-378.922607421875
-830.922119140625,-379.79669189453125
-832.2154541015625,-380.6617431640625
-833.4946899414062,-381.51708984375
-834.7587890625,-382.3620910644531
-836.00634765625,-383.1960754394531
-837.3900756835938,-384.1210632324219
-838.7532958984375,-385.0321350097656
-840.0953979492188,-385.9288330078125
-841.4150390625,-386.8101501464844
-842.7114868164062,-387.67572021484375
-843.986083984375,-388.5263366699219
-845.2396240234375,-389.3623962402344
-846.6073608398438,-390.27386474609375
-847.9490356445312,-391.1673583984375
-849.2660522460938,-392.0434265136719
-850.5592041015625,-392.9028015136719
-851.82958984375,-393.74615478515625
-853.2001953125,-394.65509033203125
-854.5445556640625,-395.54559326171875
-855.862060546875,-396.4173889160156
-857.1537475585938,-397.270751953125
-858.4210815429688,-398.106689453125
-859.7747802734375,-398.99822998046875
-861.1051635742188,-399.8731994628906
-862.416259765625,-400.7342224121094
-863.7012329101562,-401.57745361328125
-864.9630737304688,-402.40478515625
-866.307373046875,-403.2855529785156
-867.6290893554688,-404.15069580078125
-868.9302978515625,-405.00177001953125
-870.2103881835938,-405.8384704589844
-871.4734497070312,-406.6633605957031
-872.8230590820312,-407.54376220703125
-874.1455688476562,-408.40570068359375
-875.4429321289062,-409.2503662109375
-876.7159423828125,-410.07891845703125
-878.0523681640625,-410.9479675292969
-879.3615112304688,-411.798583984375
-880.642822265625,-412.6302795410156
-881.9793090820312,-413.49761962890625
-883.2890625,-414.346923828125
-884.5816650390625,-415.1846008300781
-885.864013671875,-416.0144348144531
-887.1400756835938,-416.8402099609375
-888.47265625,-417.7023620605469
-889.78369140625,-418.5501708984375
-891.0728149414062,-419.3832092285156
-892.3414306640625,-420.2022705078125
-893.6618041992188,-421.0536804199219
-894.9589233398438,-421.889892578125
-896.2335815429688,-422.7094421386719
-897.5551147460938,-423.5586242675781
-898.8509521484375,-424.3904113769531
-900.122314453125,-425.2060852050781
-901.43359375,-426.04656982421875
-902.719482421875,-426.8708190917969
-903.9843139648438,-427.6820068359375
-905.2925415039062,-428.5237121582031
-906.5808715820312,-429.3564758300781
-907.8505859375,-430.181640625
-909.1610717773438,-431.036865234375
-910.4532470703125,-431.88275146484375
-911.7247314453125,-432.7204895019531
-912.9794311523438,-433.5504455566406
-914.2784423828125,-434.4090881347656
-915.567138671875,-435.2575378417969
-916.8463134765625,-436.0937194824219
-918.1167602539062,-436.91827392578125
-919.3783569335938,-437.730224609375
-920.685546875,-438.5653381347656
-921.9853515625,-439.3828125
-923.2842407226562,-440.1716613769531
-924.5916748046875,-440.912841796875
-925.96923828125,-441.620361328125
-927.365966796875,-442.2502136230469
-928.7802124023438,-442.79730224609375
-930.21142578125,-443.2467041015625
-931.7110595703125,-443.6158752441406
-933.21728515625,-443.87677001953125
-934.7222900390625,-444.0408630371094
-936.277587890625,-444.0985107421875
-937.8187866210938,-444.05078125
-939.3390502929688,-443.8982238769531
-940.833984375,-443.6492919921875
-942.298095703125,-443.307861328125
-943.781982421875,-442.8625183105469
-945.232421875,-442.33441162109375
-946.64794921875,-441.72705078125
-948.0248413085938,-441.04302978515625
-949.353759765625,-440.2767639160156
-950.62451171875,-439.4236145019531
-951.8297119140625,-438.48431396484375
-952.9664916992188,-437.46661376953125
-954.02685546875,-436.37298583984375
-955.013427734375,-435.20916748046875
-955.9276733398438,-433.98193359375
-956.7701416015625,-432.7000732421875
-957.5408935546875,-431.3708190917969
-958.2329711914062,-429.9965515136719
-958.856689453125,-428.58648681640625
-959.4092407226562,-427.1435546875
-959.9000854492188,-425.6739501953125
-960.3151245117188,-424.2320556640625
-960.6682739257812,-422.7645568847656
-960.9635620117188,-421.26947021484375
-961.2034301757812,-419.74176025390625
-961.3812255859375,-418.23724365234375
-961.5062255859375,-416.6972961425781
-961.5673828125,-415.1807861328125
-961.5736694335938,-413.6297912597656
-961.5314331054688,-412.1067199707031
-961.4432373046875,-410.5499572753906
-961.316162109375,-409.0240478515625
-961.1461181640625,-407.465087890625
-960.9429321289062,-405.94110107421875
-960.7119750976562,-404.45831298828125
-960.439208984375,-402.94696044921875
-960.1205444335938,-401.4117736816406
-959.7720336914062,-399.9253234863281
-959.380615234375,-398.4183654785156
-958.969970703125,-396.9672546386719
-958.521240234375,-395.4981384277344
-958.0371704101562,-394.0108947753906
-957.5459594726562,-392.58514404296875
-957.0266723632812,-391.1432800292969
-956.4796142578125,-389.68499755859375
-955.9077758789062,-388.2082824707031
-955.3464965820312,-386.7944641113281
-954.7631225585938,-385.3575439453125
-954.1571044921875,-383.894775390625
-953.5673217773438,-382.4943542480469
-952.9602661132812,-381.07000732421875
-952.3363037109375,-379.6229553222656
-951.736328125,-378.24395751953125
-951.1233520507812,-376.843994140625
-950.4971313476562,-375.4231872558594
-949.8575439453125,-373.9808654785156
-949.203857421875,-372.5185546875
-948.5821533203125,-371.1355285644531
-947.949462890625,-369.7342834472656
-947.3071899414062,-368.31500244140625
-946.6559448242188,-366.8761901855469
-945.9971923828125,-365.4203796386719
-945.3787841796875,-364.0517578125
-944.7538452148438,-362.6672668457031
-944.12060546875,-361.2676086425781
-943.4782104492188,-359.8557434082031
-942.8265991210938,-358.4305725097656
-942.1644897460938,-356.9908752441406
-941.4923095703125,-355.53851318359375
-940.8092041015625,-354.0744323730469
-940.1691284179688,-352.71337890625
-939.518798828125,-351.34075927734375
-938.8562622070312,-349.9564208984375
-938.1834716796875,-348.56414794921875
-937.5006713867188,-347.1636962890625
-936.80859375,-345.7578430175781
-936.1105346679688,-344.356689453125
-935.4053955078125,-342.9601745605469
-934.6911010742188,-341.560302734375
-933.967041015625,-340.1544494628906
-933.2314453125,-338.7421875
-932.4843139648438,-337.3237609863281
-931.7261352539062,-335.8989562988281
-930.956787109375,-334.4673156738281
-930.1755981445312,-333.0289611816406
-929.4490356445312,-331.704833984375
-928.7123413085938,-330.3748779296875
-927.9657592773438,-329.0393371582031
-927.209716796875,-327.6982116699219
-926.4439697265625,-326.3508605957031
-925.6688842773438,-324.9974365234375
-924.8853759765625,-323.6379089355469
-924.094482421875,-322.2718200683594
-923.2962646484375,-320.8988037109375
-922.4918212890625,-319.51849365234375
-921.6814575195312,-318.1307067871094
-920.8656616210938,-316.7355041503906
-920.0446166992188,-315.3323669433594
-919.21826171875,-313.9210510253906
-918.3869018554688,-312.5020751953125
-917.6271362304688,-311.20556640625
-916.8632202148438,-309.9024963378906
-916.0953979492188,-308.5931091308594
-915.3235473632812,-307.2768249511719
-914.5484008789062,-305.9541015625
-913.7704467773438,-304.6256408691406
-912.9888305664062,-303.2902526855469
-912.2031860351562,-301.9476318359375
-911.4146728515625,-300.5987548828125
-910.6234130859375,-299.24346923828125
-909.8287963867188,-297.8813171386719
-909.03076171875,-296.5126037597656
-908.2302856445312,-295.1398620605469
-907.4301147460938,-293.7684020996094
-906.630126953125,-292.3983154296875
-905.8300170898438,-291.02886962890625
-905.02783203125,-289.6577453613281
-904.22216796875,-288.2826232910156
-903.412353515625,-286.9030456542969
-902.5985107421875,-285.5190124511719
-901.781005859375,-284.1309814453125
-900.9599609375,-282.7391662597656
-900.1351318359375,-281.34356689453125
-899.3062744140625,-279.9438171386719
-898.473388671875,-278.53997802734375
-897.6368408203125,-277.1322937011719
-896.7967529296875,-275.72161865234375
-895.9521484375,-274.3081359863281
-895.10205078125,-272.8918762207031
-894.2466430664062,-271.4735412597656
-893.3867797851562,-270.0532531738281
-892.5228271484375,-268.6307678222656
-891.7413330078125,-267.3490295410156
-890.9569702148438,-266.0655212402344
-890.16943359375,-264.7796630859375
-889.3792114257812,-263.4922790527344
-888.5867919921875,-262.2035217285156
-887.7916870117188,-260.9126281738281
-886.9931030273438,-259.61968994140625
-886.1904296875,-258.3255920410156
-885.3829956054688,-257.0304870605469
-884.5711059570312,-255.73446655273438
-883.7548828125,-254.4375
-882.9345092773438,-253.13966369628906
-882.1102294921875,-251.84100341796875
-881.281982421875,-250.54177856445312
-880.449462890625,-249.24208068847656
-879.6127319335938,-247.94175720214844
-878.77197265625,-246.64108276367188
-877.927001953125,-245.3399200439453
-877.0780029296875,-244.03797912597656
-876.2254638671875,-242.73524475097656
-875.3698120117188,-241.43161010742188
-874.5107421875,-240.12718200683594
-873.6483154296875,-238.82208251953125
-872.7824096679688,-237.51625061035156
-871.9132080078125,-236.20962524414062
-871.0408935546875,-234.9021759033203
-870.1656494140625,-233.59393310546875
-869.2879028320312,-232.28506469726562
-868.4082641601562,-230.9759521484375
-867.52685546875,-229.66744995117188
-866.643310546875,-228.36007690429688
-865.7578735351562,-227.0541229248047
-864.8704223632812,-225.7498321533203
-863.9813232421875,-224.44696044921875
-863.0908203125,-223.14559936523438
-862.198486328125,-221.84622192382812
-861.3037719726562,-220.54905700683594
-860.4066162109375,-219.2539825439453
-859.5069580078125,-217.96096801757812
-858.6048583984375,-216.66998291015625
-857.7002563476562,-215.3809356689453
-856.7935791015625,-214.0936279296875
-855.884765625,-212.8082733154297
-854.9738159179688,-211.5249481201172
-854.0606689453125,-210.24356079101562
-853.1455078125,-208.964111328125
-852.2280883789062,-207.68667602539062
-851.3084106445312,-206.41143798828125
-850.386474609375,-205.13807678222656
-849.4624633789062,-203.86671447753906
-848.5361938476562,-202.5973663330078
-847.6077270507812,-201.3301239013672
-846.6774291992188,-200.06463623046875
-845.7451782226562,-198.80116271972656
-844.8108520507812,-197.5397186279297
-843.8741455078125,-196.2806396484375
-842.9349365234375,-195.0238494873047
-841.9932861328125,-193.76939392089844
-841.0491943359375,-192.51715087890625
-840.102783203125,-191.26739501953125
-839.1536254882812,-190.02040100097656
-838.201416015625,-188.77621459960938
-837.2462158203125,-187.5345916748047
-836.288330078125,-186.29527282714844
-835.3283081054688,-185.0583038330078
-834.3662109375,-183.8237762451172
-833.4017333984375,-182.59158325195312
-832.4345703125,-181.36183166503906
-831.465087890625,-180.13438415527344
-830.4934692382812,-178.90914916992188
-829.5198364257812,-177.68612670898438
-828.5438232421875,-176.46551513671875
-827.565185546875,-175.24758911132812
-826.5838012695312,-174.032470703125
-825.599853515625,-172.8199920654297
-824.6130981445312,-171.61012268066406
-823.6239013671875,-170.40272521972656
-822.6325073242188,-169.19772338867188
-821.6385498046875,-167.9954376220703
-820.6417846679688,-166.79588317871094
-819.6425170898438,-165.59902954101562
-818.6405029296875,-164.40545654296875
-817.6354370117188,-163.2147216796875
-816.6279296875,-162.0261993408203
-815.6187744140625,-160.83975219726562
-814.6080322265625,-159.65562438964844
-813.5947875976562,-158.47434997558594
-812.5783081054688,-157.29656982421875
-811.5584106445312,-156.1222686767578
-810.5352783203125,-154.9512176513672
-809.5092163085938,-153.7830810546875
-808.48046875,-152.61795043945312
-807.44921875,-151.4556427001953
-806.415283203125,-150.29632568359375
-805.3787231445312,-149.139892578125
-804.3394775390625,-147.9865264892578
-803.2971801757812,-146.83657836914062
-802.251953125,-145.68980407714844
-801.2034912109375,-144.54664611816406
-800.15185546875,-143.40684509277344
-799.0969848632812,-142.27072143554688
-798.038818359375,-141.13816833496094
-796.9774169921875,-140.0093231201172
-795.912841796875,-138.88414001464844
-794.8449096679688,-137.7627716064453
-793.7735595703125,-136.64512634277344
-792.6992797851562,-135.5307159423828
-791.6224975585938,-134.41946411132812
-790.5433959960938,-133.31088256835938
-789.4619140625,-132.20521545410156
-788.3782958984375,-131.1021728515625
-787.2926025390625,-130.001708984375
-786.204833984375,-128.9037322998047
-785.115234375,-127.80814361572266
-784.02392578125,-126.71491241455078
-782.9306640625,-125.62419128417969
-781.8353881835938,-124.53596496582031
-780.73828125,-123.45001983642578
-779.6393432617188,-122.3664779663086
-778.538818359375,-121.28510284423828
-777.4365234375,-120.20602416992188
-776.3325805664062,-119.12918090820312
-775.2269897460938,-118.05448913574219
-774.11962890625,-116.98221588134766
-773.0105590820312,-115.9121322631836
-771.8998413085938,-114.84440612792969
-770.787353515625,-113.77879333496094
-769.6732177734375,-112.71546173095703
-768.557373046875,-111.65442657470703
-767.4398803710938,-110.59550476074219
-766.3209838867188,-109.53845977783203
-765.2007446289062,-108.48338317871094
-764.078857421875,-107.43065643310547
-762.9552001953125,-106.38009643554688
-761.8300170898438,-105.3317642211914
-760.703369140625,-104.28555297851562
-759.5750732421875,-103.24149322509766
-758.4451293945312,-102.19950103759766
-757.3136596679688,-101.15957641601562
-756.1806030273438,-100.12187194824219
-755.0460205078125,-99.08631134033203
-753.9099731445312,-98.05287170410156
-752.7724609375,-97.0213394165039
-751.6334838867188,-95.99177551269531
-750.4931640625,-94.96409606933594
-749.3514404296875,-93.9385986328125
-748.2085571289062,-92.91499328613281
-747.0646362304688,-91.89319610595703
-745.9198608398438,-90.87313842773438
-744.7745361328125,-89.85465240478516
-743.6287231445312,-88.8378677368164
-742.4824829101562,-87.82252502441406
-741.3364868164062,-86.80841827392578
-740.1909790039062,-85.79508209228516
-739.0459594726562,-84.78253173828125
-737.9014892578125,-83.77080535888672
-736.757568359375,-82.75972747802734
-735.6146240234375,-81.74916076660156
-734.4722290039062,-80.7391586303711
-733.3303833007812,-79.72997283935547
-732.1892700195312,-78.72151184082031
-731.0486450195312,-77.7138442993164
-729.9086303710938,-76.70698547363281
-728.7692260742188,-75.70097351074219
-727.6304931640625,-74.69590759277344
-726.4923095703125,-73.69154357910156
-725.354736328125,-72.68792724609375
-724.2177734375,-71.68498229980469
-723.0816040039062,-70.68270874023438
-721.946533203125,-69.68089294433594
-720.8125,-68.67940521240234
-719.6795654296875,-67.67816162109375
-718.5475463867188,-66.67718505859375
-717.4166870117188,-65.67647552490234
-716.2869262695312,-64.67596435546875
-715.1583251953125,-63.675655364990234
-714.0309448242188,-62.67536926269531
-712.9048461914062,-61.67521667480469
-711.77978515625,-60.67543411254883
-710.6556396484375,-59.676116943359375
-709.5321655273438,-58.67744827270508
-708.4093627929688,-57.67951583862305
-707.287109375,-56.68257522583008
-706.1651611328125,-55.686767578125
-704.9190063476562,-54.58150100708008
-703.6732788085938,-53.477542877197266
-702.4281616210938,-52.37470626831055
-701.1837158203125,-51.2730712890625
-699.93994140625,-50.17229461669922
-698.6969604492188,-49.0723991394043
-697.4546508789062,-47.97334289550781
-696.2132568359375,-46.87523651123047
-694.97265625,-45.77801513671875
-693.7328491210938,-44.68168258666992
-692.4940185546875,-43.58619689941406
-691.2559814453125,-42.49160385131836
-690.0186767578125,-41.39783477783203
-688.7823486328125,-40.30482482910156
-687.546875,-39.21255874633789
-686.3125,-38.12100601196289
-685.0790405273438,-37.03020477294922
-683.846435546875,-35.94000244140625
-682.6153564453125,-34.85010528564453
-681.3858032226562,-33.76032638549805
-680.1575927734375,-32.670841217041016
-678.9307250976562,-31.581546783447266
-677.705322265625,-30.492334365844727
-676.481689453125,-29.40290069580078
-675.2600708007812,-28.313081741333008
-674.0403442382812,-27.22287368774414
-672.822509765625,-26.132339477539062
-671.6070556640625,-25.041019439697266
-670.394287109375,-23.94863510131836
-669.1838989257812,-22.85526466369629
-667.9758911132812,-21.760982513427734
-666.7700805664062,-20.665908813476562
-665.5661010742188,-19.570598602294922
-664.3638305664062,-18.475170135498047
-663.1632690429688,-17.379596710205078
-661.9642333984375,-16.2841796875
-660.7667236328125,-15.188728332519531
-659.5711669921875,-14.093084335327148
-658.377685546875,-12.996920585632324
-657.1866455078125,-11.899951934814453
-655.9981079101562,-10.801980018615723
-654.8121948242188,-9.70284652709961
-653.6293334960938,-8.602279663085938
-652.4495239257812,-7.500095844268799
-651.27294921875,-6.396324634552002
-650.0994262695312,-5.290956974029541
-648.9295654296875,-4.183698654174805
-647.7631225585938,-3.074445962905884
-646.6001586914062,-1.9632415771484375
-645.4406127929688,-0.8502148389816284
-644.2846069335938,0.2646859586238861
-643.13232421875,1.381736397743225
-641.9835205078125,2.5007264614105225
-640.8380737304688,3.6215107440948486
-639.6959838867188,4.744063854217529
-638.5574951171875,5.868445873260498
-637.422607421875,6.994694709777832
-636.2914428710938,8.122957229614258
-635.1637573242188,9.253127098083496
-634.0396728515625,10.385144233703613
-632.9190673828125,11.51893424987793
-631.8018798828125,12.654475212097168
-630.6881713867188,13.791702270507812
-629.5778198242188,14.93053150177002
-628.4702758789062,16.07063865661621
-627.3654174804688,17.211814880371094
-626.2632446289062,18.353952407836914
-625.1637573242188,19.497051239013672
-624.06689453125,20.64104652404785
-622.97265625,21.78592872619629
-621.8806762695312,22.931556701660156
-620.7909545898438,24.077722549438477
-619.7035522460938,25.224565505981445
-618.6187133789062,26.37209701538086
-617.5362548828125,27.5203914642334
-616.4561767578125,28.66943359375
-615.37841796875,29.819211959838867
-614.3031005859375,30.96976089477539
-613.230224609375,32.121070861816406
-612.15966796875,33.273155212402344
-611.091552734375,34.4260368347168
-610.0258178710938,35.579566955566406
-608.9624633789062,36.73381423950195
-607.9016723632812,37.888954162597656
-606.843017578125,39.04475402832031
-605.7866821289062,40.201194763183594
-604.7329711914062,41.358585357666016
-603.6820068359375,42.51699447631836
-602.6339111328125,43.676570892333984
-601.5887451171875,44.837371826171875
-600.5463256835938,45.99925231933594
-599.5066528320312,47.16217803955078
-598.4701538085938,48.326332092285156
-597.4368286132812,49.491878509521484
-596.4066772460938,50.65874481201172
-595.3797607421875,51.827186584472656
-594.3562622070312,52.997093200683594
-593.3363037109375,54.16861343383789
-592.320068359375,55.341800689697266
-591.3075561523438,56.516788482666016
-590.2987670898438,57.693328857421875
-589.2935180664062,58.871337890625
-588.291748046875,60.0509033203125
-587.2940063476562,61.232139587402344
-586.301025390625,62.41565704345703
-585.3126831054688,63.601409912109375
-584.3289794921875,64.78956604003906
-583.3504028320312,65.98021697998047
-582.3773193359375,67.1734848022461
-581.4102172851562,68.36923217773438
-580.4484252929688,69.56722259521484
-579.4927978515625,70.76698303222656
-578.5439453125,71.96975708007812
-577.60107421875,73.17578125
-576.6658325195312,74.38520812988281
-575.7401123046875,75.59880065917969
-574.823974609375,76.81685638427734
-573.91748046875,78.03766632080078
-573.0187377929688,79.26261138916016
-572.129638671875,80.491943359375
-571.2479248046875,81.72490692138672
-570.3741455078125,82.9609603881836
-569.5077514648438,84.19996643066406
-568.6475830078125,85.44114685058594
-567.7933959960938,86.68383026123047
-566.9447021484375,87.92801666259766
-566.1007080078125,89.17316436767578
-565.2601928710938,90.41851806640625
-564.4223022460938,91.6632308959961
-563.5033569335938,93.03138732910156
-562.5867919921875,94.3982925415039
-561.6716918945312,95.76351928710938
-560.7576293945312,97.12659454345703
-559.8441162109375,98.48707580566406
-558.9296264648438,99.84374237060547
-558.0127563476562,101.1954574584961
-557.0924072265625,102.54134368896484
-556.1671752929688,103.88021087646484
-555.236083984375,105.21158599853516
-554.2988891601562,106.53524017333984
-553.356201171875,107.85151672363281
-552.406982421875,109.158935546875
-551.450927734375,110.45716094970703
-550.4873657226562,111.74540710449219
-549.5169677734375,113.02398681640625
-548.5399780273438,114.2929916381836
-547.5570068359375,115.55313873291016
-546.568359375,116.8039779663086
-545.5740966796875,118.04576873779297
-544.5734252929688,119.27761840820312
-543.5662231445312,120.49956512451172
-542.552734375,121.71149444580078
-541.5328369140625,122.91339111328125
-540.5062866210938,124.1044921875
-539.4725952148438,125.28436279296875
-538.4319458007812,126.45272064208984
-537.3836669921875,127.60851287841797
-536.3281860351562,128.75164794921875
-535.265380859375,129.88226318359375
-534.1956787109375,131.00094604492188
-533.1192016601562,132.10733032226562
-532.0355224609375,133.20045471191406
-530.944091796875,134.27972412109375
-529.845703125,135.34530639648438
-528.739990234375,136.39707946777344
-527.6275024414062,137.43504333496094
-526.5076293945312,138.4585418701172
-525.3807983398438,139.46725463867188
-524.246826171875,140.46109008789062
-523.1062622070312,141.4394073486328
-521.85546875,142.48974609375
-520.5975952148438,143.5224151611328
-519.3330688476562,144.53890991210938
-518.0621337890625,145.54165649414062
-516.7844848632812,146.53125
-515.499267578125,147.50860595703125
-514.2058715820312,148.4724578857422
-512.9050903320312,149.42408752441406
-511.5962829589844,150.36436462402344
-510.2790222167969,151.29212951660156
-508.9529724121094,152.20684814453125
-507.6181335449219,153.10939025878906
-506.2749938964844,154.00022888183594
-504.9238586425781,154.88014221191406
-503.56475830078125,155.74954223632812
-502.1980285644531,156.60958862304688
-500.8236389160156,157.4598846435547
-499.4421081542969,158.30020141601562
-498.0535583496094,159.13082885742188
-496.6581115722656,159.95166015625
-495.25567626953125,160.76187133789062
-493.84649658203125,161.56146240234375
-492.4310302734375,162.35110473632812
-491.0099182128906,163.13185119628906
-489.5835266113281,163.90512084960938
-488.15228271484375,164.67153930664062
-486.71588134765625,165.431396484375
-485.274169921875,166.1834716796875
-483.8264465332031,166.92657470703125
-482.373046875,167.66050720214844
-480.91400146484375,168.38616943359375
-479.4498291015625,169.103759765625
-477.98016357421875,169.8140411376953
-476.505126953125,170.51658630371094
-475.02471923828125,171.2115936279297
-473.6629638671875,171.84193420410156
-472.2966003417969,172.46633911132812
-470.926025390625,173.0846710205078
-469.55133056640625,173.69708251953125
-468.17205810546875,174.30300903320312
-466.7886657714844,174.9022674560547
-465.4012451171875,175.49557495117188
-464.0101318359375,176.08351135253906
-462.6156311035156,176.6671142578125
-461.2174377441406,177.24517822265625
-459.81524658203125,177.81747436523438
-458.40960693359375,178.38427734375
-457.0005187988281,178.9458465576172
-455.5879211425781,179.5026397705078
-454.1717834472656,180.05462646484375
-452.7524108886719,180.60243225097656
-451.3291931152344,181.14614868164062
-449.9023132324219,181.6851806640625
-448.47125244140625,182.21875
-447.0358581542969,182.74559020996094
-445.5956726074219,183.2658233642578
-444.1514587402344,183.77978515625
-442.7027893066406,184.2877960205078
-441.24957275390625,184.7887420654297
-439.79107666015625,185.28134155273438
-438.3276672363281,185.76486206054688
-436.85955810546875,186.23956298828125
-435.38623046875,186.70579528808594
-433.90826416015625,187.1626739501953
-432.4252624511719,187.6103515625
-430.9376525878906,188.04934692382812
-429.4456787109375,188.48057556152344
-427.9491882324219,188.90460205078125
-426.4486083984375,189.3206787109375
-424.9437255859375,189.72869873046875
-423.4347839355469,190.12850952148438
-421.9221496582031,190.521484375
-420.4061279296875,190.9088592529297
-418.8871765136719,191.29286193847656
-417.36614990234375,191.67628479003906
-415.84326171875,192.06106567382812
-414.3189392089844,192.44857788085938
-412.79351806640625,192.83912658691406
-411.2673034667969,193.2334442138672
-409.74005126953125,193.63201904296875
-408.2124938964844,194.03689575195312
-406.6854553222656,194.44952392578125
-405.1583251953125,194.87071228027344
-403.6306457519531,195.2999267578125
-402.1040954589844,195.736328125
-400.57861328125,196.1813507080078
-399.05279541015625,196.63739013671875
-397.5276184082031,197.10414123535156
-396.0043029785156,197.5803680419922
-394.4808349609375,198.06556701660156
-392.9578552246094,198.5605926513672
-391.4383544921875,199.0696258544922
-389.9215393066406,199.59324645996094
-388.40753173828125,200.13031005859375
-386.8952331542969,200.67874145507812
-385.385986328125,201.2396240234375
-383.8775939941406,201.81106567382812
-382.3718566894531,202.39422607421875
-380.86895751953125,202.9903564453125
-379.36956787109375,203.60252380371094
-377.8753356933594,204.23077392578125
-376.3852233886719,204.874755859375
-374.89947509765625,205.53343200683594
-373.4172058105469,206.20555114746094
-371.9386291503906,206.89059448242188
-370.4630432128906,207.58717346191406
-368.9900817871094,208.2945098876953
-367.5194396972656,209.01174926757812
-366.0510559082031,209.7383575439453
-364.5845947265625,210.4739990234375
-363.1200256347656,211.21810913085938
-361.65716552734375,211.97059631347656
-360.1961669921875,212.7313995361328
-358.73712158203125,213.50070190429688
-357.41229248046875,214.207275390625
-356.0889587402344,214.9203338623047
-354.7670593261719,215.6397705078125
-353.4466247558594,216.36610412597656
-352.12774658203125,217.09909057617188
-350.8102722167969,217.83816528320312
-349.4939270019531,218.5829620361328
-348.17877197265625,219.33375549316406
-346.8650817871094,220.09063720703125
-345.552734375,220.85342407226562
-344.24163818359375,221.62181091308594
-342.9313659667969,222.395263671875
-341.62200927734375,223.17401123046875
-340.3138427734375,223.95816040039062
-339.0067443847656,224.74757385253906
-337.70074462890625,225.5421905517578
-336.3957214355469,226.3421630859375
-335.0915222167969,227.14698791503906
-333.7884521484375,227.95643615722656
-332.48583984375,228.7706298828125
-331.18426513671875,229.58958435058594
-329.88360595703125,230.41317749023438
-328.5836181640625,231.24110412597656
-327.2841796875,232.0731964111328
-325.98504638671875,232.9091796875
-324.6858825683594,233.7484893798828
-323.3867492675781,234.59100341796875
-322.0872802734375,235.436279296875
-320.7872314453125,236.28427124023438
-319.4873046875,237.13543701171875
-318.1873779296875,237.9898681640625
-316.88763427734375,238.84780883789062
-315.5881652832031,239.70925903320312
-314.2887268066406,240.57395935058594
-312.9892883300781,241.4417724609375
-311.6897277832031,242.3124237060547
-310.3897399902344,243.1856689453125
-309.0892639160156,244.06118774414062
-307.78826904296875,244.93905639648438
-306.4866943359375,245.81900024414062
-305.184326171875,246.70089721679688
-303.8812561035156,247.58460998535156
-302.5776672363281,248.470458984375
-301.2735290527344,249.358642578125
-299.968994140625,250.24923706054688
-298.6641540527344,251.14230346679688
-297.3592224121094,252.0381622314453
-296.0542907714844,252.9370574951172
-294.7497253417969,253.8391876220703
-293.4454040527344,254.7447509765625
-292.1412353515625,255.65350341796875
-290.83734130859375,256.5654602050781
-289.5337219238281,257.4809875488281
-288.2303771972656,258.40008544921875
-286.9281005859375,259.3225402832031
-285.6265563964844,260.2486572265625
-284.3260498046875,261.1790771484375
-283.02642822265625,262.1130065917969
-281.7267761230469,263.0493469238281
-280.4261779785156,263.98736572265625
-279.12445068359375,264.92657470703125
-277.82171630859375,265.8670349121094
-276.5178527832031,266.808349609375
-275.2125549316406,267.7503967285156
-273.90557861328125,268.6928405761719
-272.5970153808594,269.6358337402344
-271.2872314453125,270.5796813964844
-269.9762878417969,271.5245666503906
-268.6640930175781,272.4703063964844
-267.3504943847656,273.416748046875
-266.03564453125,274.3637390136719
-264.719482421875,275.3116455078125
-263.40203857421875,276.2602233886719
-262.0833740234375,277.20947265625
-260.76312255859375,278.15924072265625
-259.4417724609375,279.1101379394531
-258.1197814941406,280.0623779296875
-256.7969665527344,281.0158386230469
-255.47308349609375,281.9701843261719
-254.14810180664062,282.9251403808594
-252.8218994140625,283.8810119628906
-251.4947052001953,284.837890625
-250.16656494140625,285.7958068847656
-248.83734130859375,286.7549743652344
-247.50772094726562,287.7158203125
-246.17803955078125,288.67919921875
-244.84861755371094,289.64508056640625
-243.51995849609375,290.6142883300781
-242.19189453125,291.5866394042969
-240.86488342285156,292.5625305175781
-239.53858947753906,293.5419006347656
-238.21302795410156,294.52423095703125
-236.8876953125,295.50927734375
-235.56271362304688,296.4967956542969
-234.23768615722656,297.48651123046875
-232.9121551513672,298.477783203125
-231.5858612060547,299.4700012207031
-230.25830078125,300.4629211425781
-228.9293670654297,301.4559631347656
-227.5987091064453,302.4488830566406
-226.26625061035156,303.4414367675781
-224.93186950683594,304.43359375
-223.5953369140625,305.42498779296875
-222.25637817382812,306.4151611328125
-220.91476440429688,307.4039306640625
-219.70501708984375,308.2923889160156
-218.4930419921875,309.1795654296875
-217.27879333496094,310.0654296875
-216.06243896484375,310.95013427734375
-214.8439483642578,311.83349609375
-213.6232147216797,312.715576171875
-212.40003967285156,313.59600830078125
-211.1746063232422,314.4747314453125
-209.94679260253906,315.3518981933594
-208.71649169921875,316.227294921875
-207.48382568359375,317.100830078125
-206.24867248535156,317.97247314453125
-205.01092529296875,318.84228515625
-203.77081298828125,319.7103271484375
-202.5283966064453,320.5768127441406
-201.28355407714844,321.4414978027344
-200.03622436523438,322.30438232421875
-198.78652954101562,323.1654968261719
-197.5344696044922,324.0248107910156
-196.27996826171875,324.88226318359375
-195.02294921875,325.7379150390625
-193.7635498046875,326.5915832519531
-192.5018768310547,327.443603515625
-191.23776245117188,328.29388427734375
-189.9713134765625,329.1422119140625
-188.7025146484375,329.988525390625
-187.43116760253906,330.8329162597656
-186.15744018554688,331.67529296875
-184.88124084472656,332.515625
-183.6025848388672,333.3540344238281
-182.32142639160156,334.1900939941406
-181.03746032714844,335.023681640625
-179.75082397460938,335.85479736328125
-178.46168518066406,336.68353271484375
-177.1699676513672,337.5099792480469
-175.8755645751953,338.33404541015625
-174.5787811279297,339.15594482421875
-173.27984619140625,339.97564697265625
-171.9785614013672,340.7927551269531
-170.67532348632812,341.6073303222656
-169.37042236328125,342.4193115234375
-168.06402587890625,343.2290344238281
-166.75653076171875,344.0368347167969
-165.44805908203125,344.8427429199219
-164.13848876953125,345.6466064453125
-162.82801818847656,346.44891357421875
-161.51705932617188,347.250244140625
-160.20559692382812,348.05035400390625
-158.89340209960938,348.8489990234375
-157.58045959472656,349.6459045410156
-156.26649475097656,350.4407653808594
-154.95135498046875,351.2328796386719
-153.63487243652344,352.0224914550781
-152.31671142578125,352.8088073730469
-150.9971160888672,353.5923767089844
-149.67628479003906,354.3736267089844
-148.35435485839844,355.1527099609375
-147.03131103515625,355.929443359375
-145.70704650878906,356.7037353515625
-144.38168334960938,357.47552490234375
-143.05496215820312,358.2444152832031
-141.72689819335938,359.0104675292969
-140.39743041992188,359.7735595703125
-139.0666961669922,360.5340881347656
-137.73521423339844,361.2928161621094
-136.40338134765625,362.0506896972656
-135.0709686279297,362.8072204589844
-133.73739624023438,363.5610656738281
-132.40216064453125,364.3116455078125
-131.06512451171875,365.0585021972656
-129.72630310058594,365.80169677734375
-128.3857421875,366.5409851074219
-127.04354095458984,367.2765197753906
-125.69960021972656,368.0083923339844
-124.35400390625,368.73663330078125
-123.00691986083984,369.4614562988281
-121.65823364257812,370.1825866699219
-120.30784606933594,370.89990234375
-118.9558334350586,371.6136169433594
-117.60228729248047,372.32342529296875
-116.24698638916016,373.0296325683594
-114.8900146484375,373.732177734375
-113.5313491821289,374.4309997558594
-112.17086029052734,375.1257019042969
-110.80854797363281,375.8161926269531
-109.4444580078125,376.5025329589844
-108.07856750488281,377.1845397949219
-106.71086883544922,377.8624267578125
-105.3414077758789,378.5359802246094
-103.97017669677734,379.2051086425781
-102.59703826904297,379.86956787109375
-101.22209930419922,380.5294494628906
-99.84527587890625,381.1846008300781
-98.46656036376953,381.8353271484375
-97.08619689941406,382.4815368652344
-95.70401000976562,383.1234130859375
-94.32012176513672,383.7607727050781
-92.93464660644531,384.3940124511719
-91.54769134521484,385.023193359375
-90.15924835205078,385.6483154296875
-88.76937866210938,386.2696838378906
-87.37828063964844,386.8876647949219
-85.98596954345703,387.50244140625
-84.5924072265625,388.1136474609375
-83.19751739501953,388.721435546875
-81.8014907836914,389.3257141113281
-80.40425872802734,389.927001953125
-79.00611114501953,390.524658203125
-77.60677337646484,391.119140625
-76.20631408691406,391.7104797363281
-74.80490112304688,392.299072265625
-73.4027099609375,392.8852844238281
-71.99962615966797,393.4692077636719
-70.59571075439453,394.0504150390625
-69.19097900390625,394.6288757324219
-67.785400390625,395.20477294921875
-66.37895965576172,395.77825927734375
-64.97180938720703,396.3492736816406
-63.563846588134766,396.9179992675781
-62.15510559082031,397.4843444824219
-60.745582580566406,398.0482177734375
-59.33522415161133,398.60986328125
-57.924171447753906,399.16925048828125
-56.512413024902344,399.7263488769531
-55.099849700927734,400.2811584472656
-53.68655776977539,400.8336181640625
-52.272605895996094,401.384033203125
-50.85800552368164,401.9324951171875
-49.4427375793457,402.47900390625
-48.02689743041992,403.02362060546875
-46.610435485839844,403.5660705566406
-45.19322967529297,404.10626220703125
-43.77535629272461,404.6446838378906
-42.35707092285156,405.18182373046875
-40.938270568847656,405.7171936035156
-39.51894760131836,406.2510986328125
-38.09947204589844,406.7840270996094
-36.679874420166016,407.3163757324219
-35.260196685791016,407.84808349609375
-33.84035873413086,408.3793640136719
-32.42053985595703,408.9105529785156
-31.00083351135254,409.44189453125
-29.5813045501709,409.9732666015625
-28.161773681640625,410.5042724609375
-26.742259979248047,411.03509521484375
-25.32276153564453,411.5657653808594
-23.903141021728516,412.0964050292969
-22.483062744140625,412.6268310546875
-21.062349319458008,413.1569519042969
-19.64137840270996,413.6866455078125
-18.219867706298828,414.216064453125
-16.79794692993164,414.7450866699219
-15.375481605529785,415.2734680175781
-13.952497482299805,415.8009948730469
-12.528857231140137,416.3277587890625
-11.10460090637207,416.85382080078125
-9.679755210876465,417.379150390625
-8.254137992858887,417.9034118652344
-6.827804088592529,418.42645263671875
-5.400800704956055,418.948486328125
-3.973137140274048,419.4695739746094
-2.544769763946533,419.9894714355469
-1.115554928779602,420.5081787109375
0.31437015533447266,421.0256652832031
1.745069146156311,421.54205322265625
3.176525831222534,422.0570983886719
4.608722686767578,422.5710144042969
6.041607856750488,423.08343505859375
7.475283622741699,423.59423828125
8.909850120544434,424.1034851074219
10.345182418823242,424.611328125
11.781206130981445,425.11810302734375
13.217961311340332,425.6236877441406
14.655389785766602,426.12811279296875
16.093488693237305,426.6314392089844
17.53223419189453,427.13336181640625
18.9716739654541,427.63427734375
20.41165542602539,428.1342468261719
21.852066040039062,428.63348388671875
23.292978286743164,429.1319580078125
24.73451042175293,429.62957763671875
26.176530838012695,430.1265869140625
27.618940353393555,430.6231384277344
29.0618839263916,431.11932373046875
30.505239486694336,431.6151123046875
31.948923110961914,432.1104736328125
33.39302444458008,432.6054382324219
34.83763122558594,433.0997619628906
36.28269577026367,433.5933532714844
37.72821807861328,434.08636474609375
39.17412185668945,434.578857421875
40.620445251464844,435.07080078125
42.06722640991211,435.56207275390625
43.51443099975586,436.0527038574219
44.96208572387695,436.5427551269531
46.410194396972656,437.03216552734375
47.85871124267578,437.5210266113281
49.30768585205078,438.0091857910156
50.75724411010742,438.49664306640625
52.207157135009766,438.9834289550781
53.65753936767578,439.46954345703125
55.108367919921875,439.955078125
56.559593200683594,440.4400939941406
58.011138916015625,440.9247131347656
59.463050842285156,441.408935546875
60.91545104980469,441.8927307128906
62.368106842041016,442.3761291503906
63.82114791870117,442.8591613769531
65.27449035644531,443.3418273925781
66.7281265258789,443.82421875
68.18212890625,444.30615234375
69.63641357421875,444.78759765625
71.09112548828125,445.2685546875
72.5461196899414,445.7490539550781
74.00151824951172,446.2291259765625
75.45726013183594,446.7087707519531
76.9134292602539,447.18798828125
78.37000274658203,447.6668395996094
79.82677459716797,448.14532470703125
81.28398132324219,448.6234436035156
82.74148559570312,449.1012268066406
84.19930267333984,449.57855224609375
85.6574478149414,450.0555114746094
87.11589050292969,450.53204345703125
88.57466125488281,451.0082092285156
90.03380584716797,451.48419189453125
91.49327087402344,451.95989990234375
92.95297241210938,452.435302734375
94.41300964355469,452.91046142578125
95.87325286865234,453.3854064941406
97.33370208740234,453.8601379394531
98.79452514648438,454.33477783203125
100.25545501708984,454.8092041015625
101.71675109863281,455.283447265625
103.17826843261719,455.75750732421875
104.64000701904297,456.2313232421875
106.10213470458984,456.70489501953125
107.56441497802734,457.17840576171875
109.02684783935547,457.65191650390625
110.48947143554688,458.12542724609375
111.95222473144531,458.5987243652344
113.41510772705078,459.07196044921875
114.87837982177734,459.5449523925781
116.34195709228516,460.0179138183594
117.80561828613281,460.4908752441406
119.26976013183594,460.9637145996094
120.7340316772461,461.4365234375
122.198486328125,461.9091796875
123.66319274902344,462.381591796875
125.12818145751953,462.85400390625
126.59331512451172,463.326416015625
128.05874633789062,463.79876708984375
129.52455139160156,464.2709655761719
130.9904022216797,464.7429504394531
132.4564666748047,465.2150573730469
133.92276000976562,465.6869201660156
135.38919067382812,466.1585388183594
136.85585021972656,466.630126953125
138.32275390625,467.1014709472656
139.7899169921875,467.57275390625
141.257080078125,468.0437927246094
142.72471618652344,468.5146789550781
144.19261169433594,468.9854431152344
145.6605682373047,469.4562072753906
147.12884521484375,469.9270935058594
148.59739685058594,470.39801025390625
150.06597900390625,470.86883544921875
151.53488159179688,471.3397521972656
153.00375366210938,471.8104248046875
154.47288513183594,472.2809753417969
155.94232177734375,472.7513122558594
157.41189575195312,473.2215270996094
158.8817138671875,473.6917419433594
160.3517608642578,474.1617736816406
161.82211303710938,474.6315612792969
163.2926788330078,475.1013488769531
164.76345825195312,475.5710754394531
166.23439025878906,476.041015625
167.70545959472656,476.51092529296875
169.17666625976562,476.9804992675781
170.6480255126953,477.4497985839844
172.11964416503906,477.91876220703125
173.59152221679688,478.38787841796875
175.06346130371094,478.8568420410156
176.53558349609375,479.32611083984375
178.00790405273438,479.7952880859375
179.4804229736328,480.264404296875
180.95306396484375,480.7334289550781
182.4258270263672,481.2024841308594
183.89871215820312,481.6716003417969
185.37176513671875,482.1408996582031
186.8444366455078,482.6103515625
188.31768798828125,483.0797424316406
189.79098510742188,483.5491027832031
191.26409912109375,484.0179748535156
192.73797607421875,484.48681640625
194.21197509765625,484.9556579589844
195.68569946289062,485.42449951171875
197.15951538085938,485.89349365234375
198.63340759277344,486.36297607421875
200.10723876953125,486.8328857421875
201.5812225341797,487.3031005859375
203.05531311035156,487.7736511230469
204.52943420410156,488.2446594238281
206.0035400390625,488.7161560058594
207.4776153564453,489.1880798339844
208.95152282714844,489.6605224609375
210.42523193359375,490.1332092285156
211.89877319335938,490.6061706542969
213.37185668945312,491.07940673828125
214.84445190429688,491.5528564453125
216.31649780273438,492.0265197753906
217.78782653808594,492.5004577636719
219.25843811035156,492.9745178222656
220.72825622558594,493.4485778808594
222.19717407226562,493.9224853515625
223.6651611328125,494.3962707519531
225.13209533691406,494.8697814941406
226.5979461669922,495.3432922363281
228.06263732910156,495.8165588378906
229.52621459960938,496.28961181640625
230.98834228515625,496.7626037597656
232.44894409179688,497.2355651855469
233.90782165527344,497.7085266113281
235.36488342285156,498.181396484375
236.8197479248047,498.65399169921875
238.27182006835938,499.1263122558594
239.72056579589844,499.59814453125
241.1653594970703,500.0694274902344
242.60592651367188,500.5400695800781
244.04176330566406,501.00994873046875
245.4729766845703,501.4791564941406
246.89959716796875,501.9476623535156
248.47958374023438,502.4675598144531
250.05410766601562,502.9866638183594
251.6232452392578,503.5047912597656
253.18702697753906,504.0220031738281
254.7454071044922,504.5382385253906
256.2983093261719,505.0534973144531
257.84588623046875,505.56768798828125
259.3883056640625,506.080810546875
260.92572021484375,506.5926208496094
262.4578552246094,507.1031188964844
263.98492431640625,507.6123352050781
265.50689697265625,508.1202087402344
267.0238037109375,508.6266174316406
268.5356750488281,509.1317138671875
270.042724609375,509.6355285644531
271.544677734375,510.1376953125
273.0417175292969,510.638427734375
274.5338134765625,511.137939453125
276.0210876464844,511.635986328125
277.5034484863281,512.1326904296875
278.9810791015625,512.6280517578125
280.45367431640625,513.1220092773438
281.9215087890625,513.6148071289062
283.38458251953125,514.1061401367188
284.8427734375,514.5963134765625
286.2961120605469,515.0855102539062
287.74468994140625,515.5734252929688
289.1886901855469,516.0602416992188
290.6278991699219,516.5458984375
292.0622863769531,517.0303344726562
293.4920654296875,517.5134887695312
294.9172058105469,517.9953002929688
296.4795837402344,518.5237426757812
298.0365295410156,519.0501708984375
299.5879211425781,519.5748291015625
301.1340026855469,520.0978393554688
302.674560546875,520.6192626953125
304.2098693847656,521.1389770507812
305.7398681640625,521.6568603515625
307.2644348144531,522.1731567382812
308.7837829589844,522.687744140625
310.29779052734375,523.2003173828125
311.806640625,523.711181640625
313.3104248046875,524.2203369140625
314.8091125488281,524.727783203125
316.30255126953125,525.2335205078125
317.790771484375,525.7374877929688
319.2739562988281,526.23974609375
320.7520446777344,526.7405395507812
322.22503662109375,527.2399291992188
323.6929626464844,527.7374877929688
325.15606689453125,528.2333984375
326.6141357421875,528.7275390625
328.06732177734375,529.2199096679688
329.5155029296875,529.7107543945312
330.9586486816406,530.1998291015625
332.39703369140625,530.6873779296875
333.8304138183594,531.17333984375
335.259033203125,531.6578369140625
336.6827697753906,532.140625
338.2303771972656,532.6656494140625
339.7723388671875,533.1887817382812
341.3086242675781,533.7095336914062
342.8393859863281,534.2285766601562
344.364501953125,534.745361328125
345.88427734375,535.2598876953125
347.3985900878906,535.7725219726562
348.9074401855469,536.2830200195312
350.4108581542969,536.79150390625
351.9089050292969,537.2978515625
353.4015808105469,537.8023071289062
354.88885498046875,538.3045654296875
356.3708190917969,538.8048706054688
357.8475036621094,539.3031005859375
359.3189697265625,539.79931640625
360.7851257324219,540.2935791015625
362.2460632324219,540.7857055664062
363.7018127441406,541.2756958007812
365.1524658203125,541.763671875
366.5980529785156,542.2494506835938
368.0386657714844,542.7330932617188
369.4740295410156,543.21484375
370.90447998046875,543.694580078125
372.32989501953125,544.1721801757812
373.8686828613281,544.6871337890625
375.4019470214844,545.1998291015625
376.93048095703125,545.7105102539062
378.45458984375,546.218994140625
379.9742431640625,546.7254638671875
381.48974609375,547.2301025390625
383.001220703125,547.732666015625
384.50885009765625,548.2334594726562
386.01263427734375,548.7326049804688
387.5127868652344,549.2301025390625
389.00933837890625,549.725830078125
390.5021667480469,550.219970703125
391.9913330078125,550.712646484375
393.47698974609375,551.20361328125
394.95904541015625,551.69287109375
396.4376220703125,552.1803588867188
397.912841796875,552.6660766601562
399.3853759765625,553.150390625
400.8561096191406,553.6334228515625
402.3257751464844,554.1155395507812
403.7954406738281,554.59716796875
405.26556396484375,555.0791015625
406.73651123046875,555.5614624023438
408.2084655761719,556.0440063476562
409.6815185546875,556.527587890625
411.15594482421875,557.0122680664062
412.6319580078125,557.4983520507812
414.10986328125,557.9859008789062
415.58984375,558.4750366210938
417.0723571777344,558.9661865234375
418.5575866699219,559.45947265625
420.0458068847656,559.954833984375
421.5371398925781,560.4527587890625
423.0311584472656,560.9537353515625
424.5283508300781,561.458251953125
426.02801513671875,561.9668579101562
427.5305480957031,562.4793701171875
429.03564453125,562.9957275390625
430.5435791015625,563.5155639648438
432.0545349121094,564.0382080078125
433.5686340332031,564.562744140625
435.0863952636719,565.0887451171875
436.6073303222656,565.6159057617188
438.1318664550781,566.1439819335938
439.6593933105469,566.6727905273438
441.1899719238281,567.2023315429688
442.72308349609375,567.7323608398438
444.25897216796875,568.2623901367188
445.6787109375,568.7516479492188
447.10028076171875,569.2409057617188
448.5238037109375,569.729736328125
449.9489440917969,570.2182006835938
451.37579345703125,570.7059936523438
452.80419921875,571.193115234375
454.2339782714844,571.6799926757812
455.6648254394531,572.166259765625
457.0965576171875,572.65185546875
458.5292663574219,573.13671875
459.96246337890625,573.620849609375
461.3961486816406,574.1044311523438
462.830322265625,574.587158203125
464.2648620605469,575.0691528320312
465.6996765136719,575.550537109375
467.13421630859375,576.0311279296875
468.5684814453125,576.5107421875
470.0016174316406,576.9893188476562
471.4330749511719,577.4666137695312
472.8619384765625,577.9427490234375
474.2879638671875,578.4176025390625
475.8289489746094,578.9302368164062
477.3650207519531,579.4413452148438
478.8954162597656,579.9505004882812
480.4198303222656,580.457763671875
481.9383850097656,580.962890625
483.4511413574219,581.4660034179688
484.9580078125,581.967041015625
486.4591369628906,582.4658203125
487.9544677734375,582.962646484375
489.4439697265625,583.45751953125
490.9277038574219,583.9502563476562
492.40576171875,584.4407958984375
493.87823486328125,584.92919921875
495.3451232910156,585.4156494140625
496.8062744140625,585.9002685546875
498.26171875,586.38330078125
499.71142578125,586.8651123046875
501.1553039550781,587.345703125
502.5935363769531,587.8248291015625
504.0262451171875,588.3023681640625
505.4533386230469,588.7784423828125
506.9847106933594,589.2896118164062
508.5122375488281,589.799560546875
510.03619384765625,590.3080444335938
511.55908203125,590.8154907226562
513.08544921875,591.3231201171875
514.6034545898438,591.82763671875
516.114013671875,592.3291015625
517.6172485351562,592.827880859375
519.113037109375,593.3237915039062
520.6014404296875,593.8170776367188
522.0825805664062,594.3078002929688
523.5564575195312,594.795654296875
525.02392578125,595.2811279296875
526.4878540039062,595.7652587890625
527.9483642578125,596.2478637695312
529.4072265625,596.7293701171875
530.8657836914062,597.2098388671875
532.314453125,597.6864624023438
533.7534790039062,598.1592407226562
535.1834716796875,598.6287841796875
536.7052001953125,599.1281127929688
538.2164306640625,599.6239013671875
539.7174072265625,600.1160278320312
541.2076416015625,600.60498046875
542.6878051757812,601.0904541015625
544.1575317382812,601.572509765625
545.6170654296875,602.0513305664062
547.0665283203125,602.526611328125
548.506103515625,602.9986572265625
549.935791015625,603.46728515625
551.4498901367188,603.9637451171875
552.9530639648438,604.4562377929688
554.4453735351562,604.9450073242188
555.9268188476562,605.4300537109375
557.397705078125,605.9113159179688
558.8577880859375,606.388916015625
560.3074340820312,606.86279296875
561.7464599609375,607.332763671875
563.1754760742188,607.799072265625
564.6826782226562,608.2902221679688
566.1785888671875,608.7772827148438
567.6631469726562,609.260498046875
569.1363525390625,609.7401123046875
570.5986328125,610.2159423828125
572.0496826171875,610.6880493164062
573.4898681640625,611.15673828125
574.9188232421875,611.6218872070312
576.41943359375,612.1109008789062
577.907470703125,612.595947265625
579.38330078125,613.0772705078125
580.84765625,613.5547485351562
582.3004150390625,614.0281372070312
583.74169921875,614.4974365234375
585.1720581054688,614.9619750976562
586.670654296875,615.4458618164062
588.158203125,615.9208374023438
589.6353149414062,616.3860473632812
591.1029052734375,616.839599609375
592.5609741210938,617.2801513671875
594.01025390625,617.707275390625
595.526611328125,618.1407470703125
597.0338134765625,618.5563354492188
598.5326538085938,618.9510498046875
600.0233154296875,619.324462890625
601.5057983398438,619.6763305664062
602.97998046875,620.0070190429688
604.5189208984375,620.3296508789062
606.0486450195312,620.6266479492188
607.5692138671875,620.8980712890625
609.0803833007812,621.142822265625
610.5818481445312,621.3616943359375
612.0736083984375,621.5548706054688
613.6253051757812,621.7305908203125
615.1659545898438,621.8800659179688
616.694091796875,622.0030517578125
618.2105712890625,622.1000366210938
619.7146606445312,622.1734008789062
621.2734985351562,622.222900390625
622.818359375,622.2457275390625
624.3489990234375,622.2418823242188
625.8648071289062,622.2109375
627.3657836914062,622.153076171875
628.91552734375,622.061279296875
630.44775390625,621.9376220703125
631.9617919921875,621.7822875976562
633.457763671875,621.5978393554688
634.9966430664062,621.3771362304688
636.5154418945312,621.1280517578125
638.0136108398438,620.8507080078125
639.490966796875,620.5465087890625
641.0042114257812,620.19921875
642.4931030273438,619.8198852539062
643.9569091796875,619.408935546875
645.3950805664062,618.96728515625
646.859375,618.4728393554688
648.2942504882812,617.9454345703125
649.6985473632812,617.3843994140625
651.1224365234375,616.7698364257812
652.5132446289062,616.1243286132812
653.870849609375,615.44970703125
655.2410888671875,614.7205810546875
656.5755615234375,613.964111328125
657.8743896484375,613.1813354492188
659.1384887695312,612.373779296875
660.4096069335938,611.5133666992188
661.6439208984375,610.6293334960938
662.8426513671875,609.7247924804688
664.0472412109375,608.7710571289062
665.2247314453125,607.7942504882812
666.3819580078125,606.7919921875
667.5224609375,605.7635498046875
668.6492309570312,604.7098388671875
669.7279663085938,603.6671752929688
670.7969360351562,602.6032104492188
671.857177734375,601.5191650390625
672.91015625,600.416015625
673.958251953125,599.296142578125
675.0049438476562,598.1622924804688
676.0172119140625,597.0545043945312
677.0328979492188,595.9381103515625
678.0551147460938,594.8151245117188
679.0857543945312,593.6876220703125
680.126708984375,592.5570068359375
681.1824340820312,591.4276123046875
682.2189331054688,590.3411254882812
683.2776489257812,589.2637939453125
684.361572265625,588.199462890625
685.4738159179688,587.1515502929688
686.6152954101562,586.1221923828125
687.787841796875,585.1143798828125
688.9931030273438,584.1319580078125
690.1851196289062,583.2080688476562
691.4055786132812,582.307373046875
692.6549682617188,581.4324951171875
693.9338989257812,580.5857543945312
695.2440795898438,579.7721557617188
696.5831298828125,578.9896240234375
697.8980712890625,578.2644653320312
699.2374877929688,577.5676879882812
700.600341796875,576.8990478515625
701.9859008789062,576.2589111328125
703.3939819335938,575.6489868164062
704.8241577148438,575.0704345703125
706.2759399414062,574.5250854492188
707.7484130859375,574.012451171875
709.1832275390625,573.5520629882812
710.6356201171875,573.1240234375
712.1052856445312,572.7291870117188
713.5914306640625,572.3697509765625
715.0932006835938,572.0458984375
716.609375,571.754638671875
718.1392822265625,571.498291015625
719.6821899414062,571.2754516601562
721.1744384765625,571.0924682617188
722.6774291992188,570.939697265625
724.1900634765625,570.8173828125
725.7120971679688,570.7235717773438
727.24267578125,570.6547241210938
728.7814331054688,570.6087646484375
730.3280639648438,570.5872192382812
731.8820190429688,570.5892333984375
733.443359375,570.6138916015625
734.9457397460938,570.6594848632812
736.4544067382812,570.7244262695312
737.968994140625,570.8087158203125
739.4891357421875,570.912353515625
741.0150146484375,571.034912109375
742.546142578125,571.1764526367188
744.0824584960938,571.3377075195312
745.6235961914062,571.5189819335938
747.1696166992188,571.7196044921875
748.7200927734375,571.9403076171875
750.2073364257812,572.1696166992188
751.6984252929688,572.4169921875
753.1931762695312,572.6826171875
754.69140625,572.966796875
756.1926879882812,573.270263671875
757.6968383789062,573.5934448242188
759.2032470703125,573.9375
760.7118530273438,574.3028564453125
762.2224731445312,574.6892700195312
763.73486328125,575.0962524414062
765.1798095703125,575.5042724609375
766.6256103515625,575.9320678710938
768.0726928710938,576.3788452148438
769.520263671875,576.8450317382812
770.9669799804688,577.33056640625
772.4064331054688,577.8336791992188
773.8297119140625,578.3504028320312
775.23681640625,578.8778076171875
776.6943969726562,579.4391479492188
778.1354370117188,580.0081176757812
779.5614013671875,580.5823974609375
780.9716796875,581.1629028320312
782.3663940429688,581.7496337890625
783.7460327148438,582.3417358398438
785.1730346679688,582.9644165039062
786.5855712890625,583.5888671875
787.9837036132812,584.2144775390625
789.3685913085938,584.839111328125
790.7413330078125,585.4610595703125
792.1624145507812,586.10400390625
793.572998046875,586.7381591796875
794.974853515625,587.35986328125
796.3698120117188,587.965576171875
797.7591552734375,588.55224609375
799.2024536132812,589.1375732421875
800.6427001953125,589.6943359375
802.0797729492188,590.2206420898438
803.5144653320312,590.71533203125
804.9464721679688,591.1768188476562
806.4375,591.6239624023438
807.9332885742188,592.03564453125
809.4331665039062,592.4116821289062
810.9364624023438,592.7516479492188
812.4427490234375,593.0560302734375
813.9512329101562,593.3242797851562
815.4603881835938,593.5615234375
816.9700927734375,593.7669677734375
818.4794311523438,593.943359375
819.9883422851562,594.09228515625
821.495849609375,594.213134765625
823.0018310546875,594.3059692382812
824.50634765625,594.3711547851562
826.0084838867188,594.4080200195312
827.5658569335938,594.416748046875
829.1199951171875,594.3950805664062
830.6705322265625,594.3431396484375
832.216796875,594.2620849609375
833.75830078125,594.1511840820312
835.294677734375,594.010986328125
836.8248901367188,593.83984375
838.3487548828125,593.6395263671875
839.8656616210938,593.409912109375
841.3750610351562,593.1514892578125
842.8763427734375,592.8634033203125
844.368896484375,592.5464477539062
845.8521728515625,592.2005615234375
847.3255004882812,591.8253784179688
848.7884521484375,591.4214477539062
850.240478515625,590.989501953125
851.6810302734375,590.5294799804688
853.1094970703125,590.0411987304688
854.525634765625,589.5260009765625
855.929443359375,588.9846801757812
857.3220825195312,588.4175415039062
858.7036743164062,587.8240356445312
860.0748291015625,587.2049560546875
861.435546875,586.5592651367188
862.7858276367188,585.8875732421875
864.1261596679688,585.1898193359375
865.4588623046875,584.4678344726562
866.7869262695312,583.723388671875
868.112060546875,582.956298828125
869.43701171875,582.1648559570312
870.7147827148438,581.3782958984375
871.99609375,580.5670166015625
873.2821044921875,579.7303466796875
874.57421875,578.8683471679688
875.822998046875,578.0150146484375
877.0775756835938,577.1353759765625
878.337158203125,576.2277221679688
879.5512084960938,575.328857421875
880.7711181640625,574.4037475585938
881.9965209960938,573.4515380859375
883.1765747070312,572.5133666992188
884.3617553710938,571.5492553710938
885.5518798828125,570.5587158203125
886.6951904296875,569.5865478515625
887.8427124023438,568.5892333984375
888.9943237304688,567.566650390625
890.1502075195312,566.5183715820312
891.2581176757812,565.494384765625
892.3710327148438,564.4478759765625
893.4891357421875,563.378662109375
894.6123046875,562.2865600585938
895.6864013671875,561.224365234375
896.7643432617188,560.139892578125
897.8458251953125,559.0331420898438
898.9297485351562,557.9027709960938
899.961669921875,556.806884765625
900.9960327148438,555.6903076171875
902.0336303710938,554.5535278320312
903.0745239257812,553.3966064453125
904.119140625,552.2203979492188
905.1126708984375,551.0892333984375
906.110107421875,549.94189453125
907.1119995117188,548.7794799804688
908.1190185546875,547.6026000976562
909.1317138671875,546.4124145507812
910.1505737304688,545.20947265625
911.1182250976562,544.0613403320312
912.0907592773438,542.9016723632812
913.0681762695312,541.7305297851562
914.0505981445312,540.5480346679688
915.0374145507812,539.3539428710938
916.0283203125,538.1477661132812
917.0230712890625,536.9296264648438
918.0214233398438,535.6994018554688
918.96337890625,534.52978515625
919.9071044921875,533.3486328125
920.852294921875,532.1555786132812
921.7988891601562,530.9507446289062
922.7466430664062,529.7341918945312
923.6956787109375,528.5059814453125
924.6456298828125,527.2660522460938
925.5958251953125,526.0138549804688
926.5460205078125,524.7495727539062
927.4965209960938,523.473388671875
928.3882446289062,522.2664184570312
929.2810668945312,521.0496215820312
930.17578125,519.823974609375
931.073486328125,518.5899658203125
931.9742431640625,517.347900390625
932.878173828125,516.0979614257812
933.7852783203125,514.8397827148438
934.6967163085938,513.5750732421875
935.6131591796875,512.3036499023438
936.5335693359375,511.02496337890625
937.4580688476562,509.73956298828125
938.3866577148438,508.4468688964844
939.3192138671875,507.1474304199219
940.1934204101562,505.9283142089844
941.0713500976562,504.703369140625
941.9531860351562,503.4732971191406
942.83935546875,502.2379455566406
943.7293701171875,500.9982604980469
944.6228637695312,499.75482177734375
945.519287109375,498.5079345703125
946.4183959960938,497.25872802734375
947.3197021484375,496.0076599121094
948.222412109375,494.7552795410156
949.125732421875,493.5021667480469
950.0301513671875,492.2490539550781
950.9360961914062,490.9961242675781
951.8429565429688,489.7431335449219
952.7504272460938,488.48968505859375
953.6578979492188,487.23614501953125
954.5660400390625,485.98260498046875
955.4740600585938,484.72869873046875
956.381591796875,483.47442626953125
957.2891845703125,482.2200012207031
958.1968994140625,480.9651794433594
959.1043701171875,479.7103576660156
960.01220703125,478.4559326171875
960.9202270507812,477.2013854980469
961.8278198242188,475.9466247558594
962.7352905273438,474.6920471191406
963.6427612304688,473.4376525878906
964.55029296875,472.183349609375
965.4585571289062,470.92938232421875
966.3668823242188,469.6755676269531
967.2753295898438,468.4222106933594
968.1845092773438,467.1694641113281
969.093994140625,465.91705322265625
970.0044555664062,464.66558837890625
970.9160766601562,463.41534423828125
971.82958984375,462.16668701171875
972.7451171875,460.91986083984375
973.662841796875,459.6752014160156
974.5825805664062,458.4342346191406
975.5034790039062,457.19757080078125
976.4254150390625,455.96588134765625
977.3475952148438,454.7396545410156
978.2689819335938,453.5208435058594
979.1886596679688,452.3102111816406
980.1061401367188,451.1077575683594
981.021484375,449.9130554199219
981.9995727539062,448.6421203613281
982.9747924804688,447.379638671875
983.9459228515625,446.1248474121094
984.91259765625,444.8774108886719
985.8745727539062,443.6368713378906
986.8313598632812,442.40277099609375
987.7833251953125,441.1751403808594
988.7308349609375,439.95452880859375
989.673828125,438.7406921386719
990.6123657226562,437.53363037109375
991.5465698242188,436.3331604003906
992.4761352539062,435.138916015625
993.4013671875,433.9510498046875
994.3833618164062,432.6910400390625
995.35986328125,431.4378967285156
996.3310546875,430.1916198730469
997.297119140625,428.95184326171875
998.2578735351562,427.7187194824219
999.2135009765625,426.4920349121094
1000.1640014648438,425.2718200683594
1001.109130859375,424.0579833984375
1002.0489501953125,422.85015869140625
1002.983154296875,421.64813232421875
1003.9117431640625,420.451904296875
1004.8348999023438,419.2610778808594
1005.8096313476562,418.001953125
1006.7786254882812,416.7492980957031
1007.7415161132812,415.5028991699219
1008.6987915039062,414.2628479003906
1009.6502075195312,413.0289306640625
1010.59619140625,411.8011169433594
1011.5369262695312,410.5798034667969
1012.4718627929688,409.3643798828125
1013.4014892578125,408.1549072265625
1014.3257446289062,406.9512023925781
1015.244384765625,405.7532653808594
1016.1574096679688,404.5607604980469
1017.1179809570312,403.3039855957031
1018.0723266601562,402.0533447265625
1019.020263671875,400.8084411621094
1019.9618530273438,399.56915283203125
1020.8978271484375,398.336181640625
1021.82861328125,397.1094970703125
1022.7535400390625,395.8885498046875
1023.6730346679688,394.6734924316406
1024.586669921875,393.4638671875
1025.4952392578125,392.2603759765625
1026.3990478515625,391.06292724609375
1027.3477783203125,389.8056640625
1028.2918701171875,388.5552062988281
1029.23095703125,387.3116455078125
1030.16552734375,386.0749816894531
1031.095703125,384.84527587890625
1032.0211181640625,383.6226806640625
1032.9420166015625,382.4066467285156
1033.858642578125,381.1979675292969
1034.7708740234375,379.9970703125
1035.7266845703125,378.7416687011719
1036.677734375,377.4953918457031
1037.624755859375,376.25653076171875
1038.567138671875,375.0245361328125
1039.504638671875,373.7985534667969
1040.4368896484375,372.5786437988281
1041.3648681640625,371.3652038574219
1042.2882080078125,370.1579284667969
1043.207275390625,368.95697021484375
1044.1219482421875,367.76226806640625
1045.0772705078125,366.5155944824219
1046.0224609375,365.2817687988281
1046.95458984375,364.0639953613281
1047.8736572265625,362.8624572753906
1048.821533203125,361.62054443359375
1049.7613525390625,360.3861083984375
1050.6944580078125,359.1564636230469
1051.6202392578125,357.9307556152344
1052.537109375,356.70721435546875
1053.443603515625,355.48529052734375
1054.33740234375,354.262451171875
1055.2161865234375,353.0380554199219
1056.0787353515625,351.81036376953125
1056.9625244140625,350.52325439453125
1057.826904296875,349.2318115234375
1058.671630859375,347.9365539550781
1059.4925537109375,346.6344909667969
1060.289306640625,345.3260192871094
1061.058349609375,344.0091247558594
1061.8021240234375,342.68548583984375
1062.5164794921875,341.353759765625
1063.2008056640625,340.01385498046875
1063.87890625,338.60595703125
1064.517822265625,337.1880798339844
1065.1187744140625,335.76129150390625
1065.681640625,334.3265686035156
1066.2039794921875,332.8843688964844
1066.6846923828125,331.4350891113281
1067.1243896484375,329.97998046875
1067.52197265625,328.52001953125
1067.8797607421875,327.0565185546875
1068.19775390625,325.5904235839844
1068.487548828125,324.0616760253906
1068.7327880859375,322.53228759765625
1068.933837890625,321.0035400390625
1069.0906982421875,319.4759216308594
1069.204345703125,317.95147705078125
1069.2734375,316.4307861328125
1069.2991943359375,314.9151611328125
1069.2821044921875,313.4056396484375
1069.222412109375,311.9034118652344
1069.117919921875,310.3495178222656
1068.9718017578125,308.80548095703125
1068.7828369140625,307.27227783203125
1068.5531005859375,305.7508544921875
1068.2830810546875,304.2423095703125
1067.9736328125,302.7467956542969
1067.6256103515625,301.2660217285156
1067.2398681640625,299.8005065917969
1066.815673828125,298.3515625
1066.3543701171875,296.9198303222656
1065.836669921875,295.45208740234375
1065.2796630859375,294.0053405761719
1064.6845703125,292.5802001953125
1064.049560546875,291.1786804199219
1063.3759765625,289.80206298828125
1062.66455078125,288.4510498046875
1061.9146728515625,287.1271667480469
1061.1314697265625,285.829345703125
1060.3154296875,284.5579528808594
1059.465576171875,283.31573486328125
1058.54833984375,282.05950927734375
1057.5933837890625,280.83880615234375
1056.6026611328125,279.65478515625
1055.575927734375,278.5090026855469
1054.5155029296875,277.4023742675781
1053.42236328125,276.3351745605469
1052.3013916015625,275.3050537109375
1051.1534423828125,274.31304931640625
1049.979736328125,273.35919189453125
1048.7796630859375,272.4432373046875
1047.554931640625,271.56475830078125
1046.3055419921875,270.72515869140625
1045.032958984375,269.9256896972656
1043.73828125,269.166748046875
1042.375,268.4252624511719
1040.9906005859375,267.7286071777344
1039.5870361328125,267.0771789550781
1038.1654052734375,266.4723205566406
1036.72705078125,265.9142150878906
1035.2744140625,265.4021911621094
1033.8082275390625,264.9375305175781
1032.3302001953125,264.51788330078125
1030.83642578125,264.1446533203125
1029.3228759765625,263.81597900390625
1027.8399658203125,263.54278564453125
1026.3369140625,263.3131103515625
1024.8145751953125,263.1286926269531
1023.274658203125,262.9891662597656
1021.7741088867188,262.8983459472656
1020.2597045898438,262.8497314453125
1018.732666015625,262.845947265625
1017.194091796875,262.88671875
1015.6454467773438,262.97216796875
1014.1458129882812,263.0989685058594
1012.6390991210938,263.26776123046875
1011.1266479492188,263.481201171875
1009.6097412109375,263.7379455566406
1008.0895385742188,264.03924560546875
1006.6260375976562,264.3708190917969
1005.16162109375,264.7425537109375
1003.6984252929688,265.1573486328125
1002.2369384765625,265.61297607421875
1000.7780151367188,266.1093444824219
999.3225708007812,266.6460266113281
997.8713989257812,267.2219543457031
996.4833984375,267.8115539550781
995.0997924804688,268.4342956542969
993.7220458984375,269.0907897949219
992.3507690429688,269.7799072265625
990.989013671875,270.5064697265625
989.6372680664062,271.2693176269531
988.2963256835938,272.0676574707031
987.0223999023438,272.8659973144531
985.76171875,273.69903564453125
984.5152587890625,274.56591796875
983.2833251953125,275.4664306640625
982.0679931640625,276.4016418457031
980.8689575195312,277.3691711425781
979.6868286132812,278.3692321777344
978.52197265625,279.4006042480469
977.3760986328125,280.4637451171875
976.296875,281.5086669921875
975.2344360351562,282.5802001953125
974.1884155273438,283.6772766113281
973.1578369140625,284.7984313964844
972.1408081054688,285.9413146972656
971.136962890625,287.1053466796875
970.1452026367188,288.2892150878906
969.1641235351562,289.49151611328125
968.1919555664062,290.7104797363281
967.22900390625,291.9457702636719
966.3167724609375,293.13885498046875
965.41064453125,294.3448791503906
964.5107421875,295.5628967285156
963.6174926757812,296.7931213378906
962.732177734375,298.0361022949219
961.856689453125,299.29302978515625
960.984619140625,300.55950927734375
960.1173095703125,301.8359375
959.2567138671875,303.12396240234375
958.4063110351562,304.42559814453125
957.56005859375,305.73699951171875
956.7194213867188,307.05902099609375
955.8847045898438,308.39239501953125
955.0971069335938,309.6737060546875
954.3126220703125,310.9638366699219
953.533935546875,312.264404296875
952.7608032226562,313.57537841796875
951.9907836914062,314.89520263671875
951.22412109375,316.2238464355469
950.46337890625,317.5627136230469
949.7081909179688,318.91162109375
948.9594116210938,320.27001953125
948.2196044921875,321.6327819824219
947.4915771484375,322.9947814941406
946.7760620117188,324.3553161621094
946.0714721679688,325.7131042480469
945.3788452148438,327.06939697265625
944.6969604492188,328.423095703125
944.0260620117188,329.7744140625
943.3656005859375,331.1231994628906
942.6834106445312,332.53631591796875
942.0111694335938,333.94610595703125
941.3486328125,335.35198974609375
940.6934204101562,336.7532043457031
940.0438232421875,338.148681640625
939.399658203125,339.5388488769531
938.7601318359375,340.9230651855469
938.1250610351562,342.3013610839844
937.4923095703125,343.67291259765625
936.8617553710938,345.0377197265625
936.2028198242188,346.4599304199219
935.5459594726562,347.8746337890625
934.8907470703125,349.28179931640625
934.2373046875,350.6813659667969
933.5824584960938,352.0720520019531
932.921630859375,353.4517517089844
932.2536010742188,354.819580078125
931.5762939453125,356.1746826171875
930.8895263671875,357.5166015625
930.1929321289062,358.84552001953125
929.4550170898438,360.2209167480469
928.7061767578125,361.58184814453125
927.9448852539062,362.92681884765625
927.17138671875,364.2562255859375
926.3842163085938,365.5694885253906
925.58447265625,366.8663024902344
924.7726440429688,368.14691162109375
923.9456176757812,369.409423828125
923.1016845703125,370.6520690917969
922.2023315429688,371.92669677734375
921.2823486328125,373.17718505859375
920.3397216796875,374.40118408203125
919.373046875,375.5971984863281
918.3839111328125,376.7651062011719
917.3727416992188,377.90447998046875
916.3409423828125,379.01593017578125
915.287841796875,380.0975341796875
914.2135009765625,381.1486511230469
913.0717163085938,382.2099914550781
911.908935546875,383.23822021484375
910.7281494140625,384.236083984375
909.5308227539062,385.2039489746094
908.3181762695312,386.14276123046875
907.0908813476562,387.0521545410156
905.8490600585938,387.9316101074219
904.5930786132812,388.78070068359375
903.324462890625,389.6001892089844
902.0443725585938,390.3914489746094
900.7010498046875,391.18316650390625
899.344970703125,391.9407043457031
897.9766235351562,392.6644592285156
896.5975952148438,393.3550109863281
895.20849609375,394.0124816894531
893.8104248046875,394.63726806640625
892.4044799804688,395.2301330566406
890.9913940429688,395.79193115234375
889.5714111328125,396.3226013183594
888.1452026367188,396.8220520019531
886.713134765625,397.29107666015625
885.2750854492188,397.7294616699219
883.8311157226562,398.1391906738281
882.3792724609375,398.5184631347656
880.91796875,398.8679504394531
879.4447631835938,399.1852722167969
877.9606323242188,399.475341796875
876.4658813476562,399.7416687011719
874.9607543945312,399.98516845703125
873.4457397460938,400.211669921875
871.9200439453125,400.4145812988281
870.3839721679688,400.5919189453125
868.8380126953125,400.7449645996094
867.3428344726562,400.8669738769531
865.8396606445312,400.96551513671875
864.3290405273438,401.04132080078125
862.8114624023438,401.09393310546875
861.287109375,401.12506103515625
859.7567138671875,401.1318664550781
858.220703125,401.1180114746094
856.6792602539062,401.07525634765625
855.1326904296875,401.0071105957031
853.5819702148438,400.92132568359375
852.0275268554688,400.8065185546875
850.531982421875,400.6737976074219
849.0335693359375,400.5179138183594
847.5326538085938,400.33941650390625
846.0293579101562,400.13861083984375
844.524169921875,399.9161071777344
843.0172119140625,399.6717224121094
841.5089111328125,399.40435791015625
839.9998168945312,399.11505126953125
838.4896240234375,398.80316162109375
836.9786376953125,398.46978759765625
835.4664306640625,398.1184387207031
833.9532470703125,397.748291015625
832.4382934570312,397.3621826171875
830.9844360351562,396.9794006347656
829.5286254882812,396.5841369628906
828.0711669921875,396.17559814453125
826.6118774414062,395.7549133300781
825.1508178710938,395.32220458984375
823.68798828125,394.8774719238281
822.2236328125,394.4206848144531
820.758056640625,393.95123291015625
819.2911376953125,393.4687805175781
817.8231811523438,392.97393798828125
816.3536376953125,392.46734619140625
814.8826904296875,391.94952392578125
813.409912109375,391.4216003417969
811.9993896484375,390.9073791503906
810.5866088867188,390.38592529296875
809.1708374023438,389.8591613769531
807.752197265625,389.3266906738281
806.3306274414062,388.7886962890625
804.90576171875,388.2463073730469
803.4778442382812,387.69915771484375
802.0466918945312,387.1475524902344
800.6121826171875,386.5919494628906
799.1735229492188,386.0342102050781
797.7311401367188,385.4739685058594
796.284912109375,384.91107177734375
794.8349609375,384.34521484375
793.3816528320312,383.7759704589844
791.9248046875,383.2034912109375
790.4647216796875,382.6273498535156
789.0677490234375,382.07427978515625
787.667724609375,381.5184631347656
786.2642822265625,380.96051025390625
784.857177734375,380.4008483886719
783.447021484375,379.83892822265625
782.0336303710938,379.2747802734375
780.6171264648438,378.7080078125
779.1982421875,378.1373291015625
777.774658203125,377.56256103515625
776.3449096679688,376.9859924316406
774.9081420898438,376.40643310546875
773.463623046875,375.8240966796875
772.011474609375,375.238037109375
770.551513671875,374.64788818359375
769.1539306640625,374.08148193359375
767.749267578125,373.5109558105469
766.3373413085938,372.9361572265625
764.9178466796875,372.3577575683594
763.4907836914062,371.77587890625
762.05615234375,371.1902770996094
760.6141967773438,370.60064697265625
759.16455078125,370.00799560546875
757.70703125,369.41278076171875
756.3154296875,368.8439636230469
754.9169921875,368.2728271484375
753.511474609375,367.70001220703125
752.0982666015625,367.1263122558594
750.6780395507812,366.5509033203125
749.2500610351562,365.9757995605469
747.81396484375,365.4014892578125
746.3698120117188,364.8286437988281
744.9173583984375,364.2574462890625
743.4570922851562,363.68743896484375
741.9888305664062,363.1189880371094
740.5123291015625,362.5526123046875
739.1061401367188,362.0177917480469
737.6929321289062,361.4842224121094
736.2725830078125,360.9527893066406
734.8450317382812,360.42340087890625
733.4105224609375,359.8956298828125
731.9691162109375,359.3697814941406
730.5205688476562,358.84649658203125
729.0648803710938,358.3259582519531
727.6021118164062,357.8081970214844
726.1322631835938,357.29315185546875
724.655517578125,356.780517578125
723.171875,356.270751953125
721.6813354492188,355.7635192871094
720.184326171875,355.25811767578125
718.6807250976562,354.7548828125
717.2545776367188,354.281494140625
715.8226928710938,353.8097839355469
714.3851928710938,353.33953857421875
712.94189453125,352.87091064453125
711.4928588867188,352.4039611816406
710.038330078125,351.9383544921875
708.5780029296875,351.4742736816406
707.1124267578125,351.0111999511719
705.64111328125,350.54962158203125
704.1640014648438,350.09002685546875
702.68115234375,349.63226318359375
701.1927490234375,349.17608642578125
699.69873046875,348.7216491699219
698.1990356445312,348.26910400390625
696.6935424804688,347.8180236816406
695.1824340820312,347.3685607910156
693.6656494140625,346.9205627441406
692.143310546875,346.4741516113281
690.6151733398438,346.03009033203125
689.171630859375,345.61407470703125
687.7230224609375,345.1996765136719
686.2695922851562,344.78662109375
684.8112182617188,344.3751220703125
683.3478393554688,343.9658508300781
681.87939453125,343.5586242675781
680.4060668945312,343.1529846191406
678.927734375,342.7491760253906
677.4444580078125,342.34716796875
675.9561767578125,341.947509765625
674.4628295898438,341.550048828125
672.9644775390625,341.1549377441406
671.4611206054688,340.7620544433594
669.9528198242188,340.3715515136719
668.439453125,339.9837341308594
666.9210815429688,339.5985412597656
665.3975830078125,339.2157287597656
663.8693237304688,338.8346862792969
662.3362426757812,338.4556884765625
660.7982177734375,338.0787658691406
659.2554321289062,337.70318603515625
657.7081298828125,337.3284606933594
656.15625,336.95428466796875
654.697265625,336.6039733886719
653.234375,336.2535705566406
651.7674560546875,335.9037780761719
650.296630859375,335.5540466308594
648.8218994140625,335.2044677734375
647.34326171875,334.8551330566406
645.8607788085938,334.505859375
644.3743286132812,334.15679931640625
642.8839721679688,333.8079833984375
641.3898315429688,333.45947265625
639.8917846679688,333.1117858886719
638.3897094726562,332.7649841308594
636.8836669921875,332.41925048828125
635.3736572265625,332.07440185546875
633.8597412109375,331.7303771972656
632.3419799804688,331.3868103027344
630.8203735351562,331.0436096191406
629.2948608398438,330.7010803222656
627.765625,330.3588562011719
626.232666015625,330.01715087890625
624.6965942382812,329.67572021484375
623.1573486328125,329.3348388671875
621.614990234375,328.9944763183594
620.0697021484375,328.65435791015625
618.5214233398438,328.3142395019531
616.970458984375,327.9741516113281
615.4168090820312,327.6339111328125
613.8604125976562,327.2933349609375
612.3017578125,326.9521179199219
610.742919921875,326.6108703613281
609.1865844726562,326.27044677734375
607.6356811523438,325.9307861328125
606.0916137695312,325.5926208496094
604.5535888671875,325.2560119628906
603.0218505859375,324.92071533203125
601.49658203125,324.5867919921875
599.9783935546875,324.2544860839844
598.46728515625,323.92352294921875
596.9635620117188,323.5937194824219
595.4669189453125,323.265625
593.9774780273438,322.93927001953125
592.4949340820312,322.6149597167969
591.0193481445312,322.2923583984375
589.5508422851562,321.9713134765625
587.9917602539062,321.63043212890625
586.4404907226562,321.2911071777344
584.897216796875,320.9534606933594
583.361572265625,320.6173400878906
581.8336791992188,320.2821350097656
580.31298828125,319.9482727050781
578.7998046875,319.615966796875
577.2939453125,319.2857360839844
575.795654296875,318.9571838378906
574.304443359375,318.6300048828125
572.8203125,318.30389404296875
571.3434448242188,317.9783630371094
569.8736572265625,317.65423583984375
568.3197021484375,317.3114318847656
566.7734375,316.97027587890625
565.23486328125,316.6308898925781
563.7037963867188,316.2933044433594
562.1802368164062,315.95684814453125
560.6642456054688,315.6219177246094
559.155517578125,315.28857421875
557.654052734375,314.95654296875
556.159912109375,314.6260070800781
554.6727294921875,314.2973937988281
553.1925048828125,313.9703369140625
551.719482421875,313.64495849609375
550.2532348632812,313.3207702636719
548.70849609375,312.9790344238281
547.17138671875,312.63970947265625
545.6417236328125,312.3016357421875
544.119384765625,311.9655456542969
542.6045532226562,311.63177490234375
541.0968017578125,311.30029296875
539.5962524414062,310.9712829589844
538.1026000976562,310.6443786621094
536.6159057617188,310.3202209472656
535.1361694335938,309.9985656738281
533.6632080078125,309.6787109375
532.1970825195312,309.3605041503906
530.6570434570312,309.026611328125
529.1246337890625,308.69476318359375
527.5996704101562,308.3650207519531
526.0819091796875,308.0373229980469
524.5712890625,307.7122802734375
523.0680541992188,307.3902282714844
521.5718383789062,307.070556640625
520.08251953125,306.7535705566406
518.6001586914062,306.4388732910156
517.1246337890625,306.1265563964844
515.6558837890625,305.8169860839844
514.116943359375,305.49365234375
512.58544921875,305.1728210449219
511.0612487792969,304.8542785644531
509.5443420410156,304.5378112792969
508.0343017578125,304.22369384765625
506.5314636230469,303.9120788574219
505.0355224609375,303.60223388671875
503.5465087890625,303.29449462890625
502.064453125,302.9886169433594
500.58929443359375,302.6837158203125
499.0479736328125,302.3646240234375
497.514404296875,302.04510498046875
495.9885559082031,301.72589111328125
494.4705505371094,301.4065856933594
492.9600524902344,301.08709716796875
491.45745849609375,300.76629638671875
489.96221923828125,300.4450378417969
488.47442626953125,300.1234130859375
486.99420166015625,299.8013916015625
485.52130126953125,299.478515625
484.0558776855469,299.1535339355469
482.528564453125,298.81109619140625
481.00909423828125,298.4674987792969
479.4958801269531,298.1240234375
477.98638916015625,297.78173828125
476.479736328125,297.44000244140625
474.97509765625,297.0981140136719
473.47174072265625,296.7552490234375
471.96905517578125,296.4107666015625
470.46478271484375,296.0630187988281
468.955810546875,295.71270751953125
467.44049072265625,295.3583984375
465.9176940917969,295.000732421875
464.4567565917969,294.6538391113281
462.9883728027344,294.30181884765625
461.5124816894531,293.94390869140625
460.0290832519531,293.5784912109375
458.5381774902344,293.20513916015625
457.03985595703125,292.8228759765625
455.5339050292969,292.43206787109375
454.0202941894531,292.0321044921875
452.4994201660156,291.6221923828125
451.044189453125,291.221435546875
449.58251953125,290.8101501464844
448.1146240234375,290.3879089355469
446.640625,289.95477294921875
445.1607666015625,289.50946044921875
443.6751708984375,289.05218505859375
442.18402099609375,288.58251953125
440.6873474121094,288.1005554199219
439.2607727050781,287.63043212890625
437.8298645019531,287.14776611328125
436.3953857421875,286.6510314941406
434.957763671875,286.13922119140625
433.5176086425781,285.61126708984375
432.07550048828125,285.0661315917969
430.6316833496094,284.50360107421875
429.1858825683594,283.9250183105469
427.738525390625,283.3297119140625
426.28924560546875,282.71893310546875
424.8390197753906,282.09124755859375
423.46429443359375,281.48065185546875
422.0895690917969,280.8540344238281
420.7156677246094,280.2102966308594
419.3433837890625,279.5494384765625
417.9740905761719,278.8704528808594
416.60833740234375,278.1734924316406
415.2463073730469,277.4593505859375
413.88861083984375,276.7285461425781
412.5359191894531,275.9819641113281
411.188720703125,275.2210693359375
409.8475036621094,274.4460754394531
408.51275634765625,273.6564636230469
407.1850280761719,272.8526611328125
405.86529541015625,272.0347595214844
404.5549011230469,271.20281982421875
403.25384521484375,270.3577880859375
401.9632263183594,269.5002136230469
400.6837158203125,268.6314392089844
399.4162292480469,267.75177001953125
398.16217041015625,266.8621520996094
396.922607421875,265.9627685546875
395.69891357421875,265.0539245605469
394.4918518066406,264.13519287109375
393.301513671875,263.206298828125
392.12799072265625,262.2676696777344
390.9076843261719,261.2662658691406
389.7056579589844,260.2546081542969
388.52264404296875,259.2328186035156
387.35906982421875,258.2003479003906
386.2141418457031,257.1581726074219
385.087646484375,256.10711669921875
383.9796142578125,255.04664611816406
382.8892822265625,253.97727966308594
381.818359375,252.8977813720703
380.76556396484375,251.8087158203125
379.733154296875,250.70822143554688
378.71893310546875,249.59800720214844
377.6688232421875,248.4210662841797
376.63555908203125,247.23670959472656
375.61859130859375,246.04466247558594
374.6177978515625,244.8445587158203
373.63116455078125,243.63735961914062
372.6556701660156,242.42445373535156
371.6936950683594,241.20237731933594
370.7474060058594,239.968505859375
369.8174133300781,238.7217559814453
368.9022521972656,237.46237182617188
368.0032653808594,236.18963623046875
367.1193542480469,234.90423583984375
366.2512512207031,233.60601806640625
365.3993225097656,232.29498291015625
364.56317138671875,230.9716033935547
363.7434387207031,229.63568115234375
362.94036865234375,228.2875213623047
362.1538391113281,226.92735290527344
361.3840026855469,225.55538940429688
360.6322326660156,224.17127990722656
359.8967590332031,222.77626037597656
359.2152404785156,221.43995666503906
358.5500793457031,220.09352111816406
357.90087890625,218.73739624023438
357.2677307128906,217.3717803955078
356.6504821777344,215.99713134765625
356.050537109375,214.6131134033203
355.46734619140625,213.22021484375
354.8999938964844,211.8190155029297
354.3492431640625,210.4095458984375
353.81451416015625,208.99217224121094
353.2969970703125,207.56687927246094
352.7969665527344,206.13380432128906
352.31451416015625,204.69317626953125
351.847412109375,203.24566650390625
351.3983459472656,201.7911376953125
350.9648742675781,200.33016967773438
350.54742431640625,198.86322021484375
350.1466064453125,197.39002990722656
349.76153564453125,195.9112548828125
349.3901062011719,194.42745971679688
349.0317077636719,192.9390106201172
348.685302734375,191.44625854492188
348.35235595703125,189.94908142089844
348.0317077636719,188.44784545898438
347.72528076171875,186.9422607421875
347.4317932128906,185.4326629638672
347.1507263183594,183.91944885253906
346.8825988769531,182.40235900878906
346.6268310546875,180.8818817138672
346.3840637207031,179.35792541503906
346.15484619140625,177.83067321777344
345.9393310546875,176.300048828125
345.73828125,174.7660675048828
345.5508728027344,173.22898864746094
345.37664794921875,171.68902587890625
345.2147216796875,170.14633178710938
345.06427001953125,168.60110473632812
344.92559814453125,167.05345153808594
344.7984313964844,165.50352478027344
344.6839599609375,163.95120239257812
344.58251953125,162.39671325683594
344.4950256347656,160.8400421142578
344.42279052734375,159.28134155273438
344.3658447265625,157.72071838378906
344.3236999511719,156.15821838378906
344.2969970703125,154.5941162109375
344.28594970703125,153.0284881591797
344.2919921875,151.46156311035156
344.3154602050781,149.89356994628906
344.3563537597656,148.32469177246094
344.4143981933594,146.75515747070312
344.4896240234375,145.18504333496094
344.58203125,143.61465454101562
344.6922302246094,142.04409790039062
344.8189697265625,140.47344970703125
344.9628601074219,138.90309143066406
345.12469482421875,137.3332977294922
345.3038024902344,135.7639923095703
345.5009765625,134.19561767578125
345.7149353027344,132.62811279296875
345.9474182128906,131.06216430664062
346.1834716796875,129.57981872558594
346.4356384277344,128.09901428222656
346.7018737792969,126.61959075927734
346.98345947265625,125.14212036132812
347.2788391113281,123.66619110107422
347.58770751953125,122.1920394897461
347.90985107421875,120.71965026855469
348.2463684082031,119.2493896484375
348.5965881347656,117.78138732910156
348.9608459472656,116.3157958984375
349.3392028808594,114.852783203125
349.7315979003906,113.39224243164062
350.13751220703125,111.93439483642578
350.5569763183594,110.4794692993164
350.9901428222656,109.02750396728516
351.4375305175781,107.57897186279297
351.89794921875,106.13336181640625
352.37152099609375,104.69114685058594
352.85772705078125,103.25200653076172
353.3560791015625,101.81636810302734
353.86785888671875,100.38443756103516
354.3924865722656,98.95616912841797
354.9301452636719,97.53189849853516
355.47991943359375,96.11144256591797
356.0408935546875,94.6945571899414
356.61395263671875,93.28162384033203
357.1990966796875,91.872802734375
357.7958068847656,90.46769714355469
358.40338134765625,89.06612396240234
359.0216369628906,87.66803741455078
359.6496887207031,86.2730712890625
360.28741455078125,84.88128662109375
360.9345397949219,83.49275970458984
361.591552734375,82.10762786865234
362.2579345703125,80.72590637207031
362.933837890625,79.34771728515625
363.6189880371094,77.97303009033203
364.31402587890625,76.60221099853516
365.0188903808594,75.2354736328125
365.734375,73.87312316894531
366.4599914550781,72.51537322998047
367.1961975097656,71.16224670410156
367.94293212890625,69.81414031982422
368.70098876953125,68.47154998779297
369.4704284667969,67.13456726074219
370.2506408691406,65.80294036865234
371.04229736328125,64.47737121582031
371.84588623046875,63.1582145690918
372.6603088378906,61.844886779785156
373.486328125,60.53818130493164
374.32452392578125,59.23841857910156
375.173095703125,57.94464874267578
376.0328369140625,56.657588958740234
376.9033508300781,55.3770751953125
377.7847900390625,54.103511810302734
378.67724609375,52.83694839477539
379.58074951171875,51.57765197753906
380.4937438964844,50.3245735168457
381.41632080078125,49.07783126831055
382.3482666015625,47.83744812011719
383.289306640625,46.603458404541016
384.2394104003906,45.37583541870117
385.19879150390625,44.15498733520508
386.1673278808594,42.94105911254883
387.1457214355469,41.734527587890625
388.13427734375,40.53615188598633
389.1328430175781,39.34557342529297
390.14215087890625,38.16399002075195
391.16192626953125,36.991024017333984
392.19171142578125,35.8266716003418
393.230224609375,34.6696662902832
394.27655029296875,33.51939392089844
395.331298828125,32.376922607421875
396.394287109375,31.241796493530273
397.4657287597656,30.11489486694336
398.545654296875,28.995729446411133
399.63458251953125,27.88556671142578
400.7322692871094,26.78406524658203
401.83929443359375,25.69202423095703
402.95465087890625,24.608409881591797
404.0780029296875,23.53302574157715
405.20928955078125,22.466344833374023
406.3487243652344,21.40833854675293
407.4955749511719,20.358383178710938
408.6500549316406,19.317020416259766
409.8125915527344,18.28495216369629
410.9827575683594,17.261688232421875
412.1604919433594,16.247499465942383
413.3455505371094,15.242108345031738
414.5381774902344,14.246068954467773
415.7380676269531,13.2590913772583
416.9457702636719,12.282269477844238
418.16082763671875,11.314898490905762
419.38323974609375,10.357369422912598
420.6129455566406,9.409770965576172
421.85015869140625,8.472484588623047
423.0946960449219,7.545462608337402
424.346923828125,6.629522323608398
425.606201171875,5.724217891693115
426.8730163574219,4.829965591430664
428.1471862792969,3.9471232891082764
429.4286193847656,3.0755109786987305
430.7172546386719,2.2151777744293213
432.0128173828125,1.3664898872375488
433.3151550292969,0.5288047194480896
434.62451171875,-0.29724183678627014
435.93994140625,-1.11307692527771
437.26190185546875,-1.917500376701355
438.5898132324219,-2.711141586303711
439.92376708984375,-3.493910312652588
441.2638244628906,-4.2652130126953125
442.609375,-5.026228904724121
443.9601135253906,-5.776825428009033
445.31610107421875,-6.51709508895874
446.67718505859375,-7.247109413146973
448.0430603027344,-7.967084884643555
449.4139404296875,-8.676466941833496
450.78955078125,-9.375724792480469
452.17022705078125,-10.064013481140137
453.5553894042969,-10.742362022399902
454.9448547363281,-11.411025047302246
456.3384094238281,-12.070197105407715
457.7357177734375,-12.720333099365234
459.1363220214844,-13.362473487854004
460.5404968261719,-13.995853424072266
461.9486999511719,-14.619375228881836
463.361083984375,-15.232585906982422
464.77734375,-15.835742950439453
466.1974182128906,-16.428863525390625
467.6212158203125,-17.012086868286133
469.0487060546875,-17.585262298583984
470.47991943359375,-18.148418426513672
471.91412353515625,-18.703012466430664
473.3507995605469,-19.25040626525879
474.7896423339844,-19.79112434387207
476.2302551269531,-20.326457977294922
477.6725769042969,-20.856327056884766
479.1163330078125,-21.38151741027832
480.5611572265625,-21.903108596801758
482.0069274902344,-22.421016693115234
483.4543762207031,-22.935606002807617
484.9048767089844,-23.447124481201172
486.3590393066406,-23.956029891967773
487.81732177734375,-24.462848663330078
489.2799987792969,-24.96796417236328
490.74749755859375,-25.47146987915039
492.2204895019531,-25.973861694335938
493.69976806640625,-26.474632263183594
495.18585205078125,-26.97412872314453
496.67864990234375,-27.47439193725586
498.1786193847656,-27.976295471191406
499.60260009765625,-28.45241355895996
501.033935546875,-28.93079376220703
502.4735107421875,-29.41073989868164
503.9214782714844,-29.8919677734375
505.378173828125,-30.375146865844727
506.8434143066406,-30.86102294921875
508.3171691894531,-31.350515365600586
509.7998962402344,-31.84291648864746
511.2916259765625,-32.338077545166016
512.7926635742188,-32.83563232421875
514.3029174804688,-33.33546447753906
515.732666015625,-33.80784606933594
517.170654296875,-34.28216552734375
518.6166381835938,-34.75837326049805
520.0704345703125,-35.23686218261719
521.5322265625,-35.71742248535156
523.00146484375,-36.20060348510742
524.4783325195312,-36.68599319458008
525.9636840820312,-37.17090606689453
527.4577026367188,-37.654319763183594
528.9605102539062,-38.136390686035156
530.470703125,-38.6194953918457
531.9880981445312,-39.105194091796875
533.41748046875,-39.5621337890625
534.8533935546875,-40.020111083984375
536.2957153320312,-40.47917938232422
537.744384765625,-40.939491271972656
539.1993408203125,-41.40104293823242
540.6604614257812,-41.863441467285156
542.1278686523438,-42.32707214355469
543.6012573242188,-42.79167938232422
545.080810546875,-43.257102966308594
546.5665283203125,-43.723487854003906
548.0579223632812,-44.191192626953125
549.55517578125,-44.66009521484375
551.0582275390625,-45.12983703613281
552.5671997070312,-45.600162506103516
554.0821533203125,-46.07081604003906
555.6029663085938,-46.54195785522461
557.1295776367188,-47.013587951660156
558.661865234375,-47.48572540283203
560.0971069335938,-47.92664337158203
561.5374145507812,-48.36764144897461
562.982666015625,-48.80842971801758
564.43310546875,-49.24882507324219
565.888671875,-49.68837356567383
567.349609375,-50.126399993896484
568.8157958984375,-50.56222915649414
570.28759765625,-50.995948791503906
571.7645874023438,-51.42802429199219
573.2465209960938,-51.858428955078125
574.7337646484375,-52.28755569458008
576.2255859375,-52.71580505371094
577.7221069335938,-53.14383316040039
579.2230224609375,-53.57211685180664
580.72802734375,-54.0009651184082
582.2374267578125,-54.4302978515625
583.7508544921875,-54.86012268066406
585.2684936523438,-55.29072570800781
586.7900390625,-55.72200393676758
588.3155517578125,-56.15409469604492
589.8448486328125,-56.58734893798828
591.3779296875,-57.02158737182617
592.9148559570312,-57.45673370361328
594.4554443359375,-57.89335632324219
595.9995727539062,-58.33100509643555
597.5473022460938,-58.769798278808594
599.0986938476562,-59.20942306518555
600.5422973632812,-59.61869812011719
601.9888916015625,-60.029075622558594
603.4382934570312,-60.44050216674805
604.8905639648438,-60.852867126464844
606.3458251953125,-61.26613998413086
607.8036499023438,-61.68035125732422
609.264404296875,-62.095550537109375
610.7278442382812,-62.511783599853516
612.1937866210938,-62.928794860839844
613.6625366210938,-63.346805572509766
615.1337280273438,-63.76557540893555
616.607666015625,-64.18499755859375
618.084228515625,-64.60523223876953
619.5628662109375,-65.02589416503906
621.04248046875,-65.44693756103516
622.5198974609375,-65.86773681640625
623.9913330078125,-66.28751373291016
625.4542846679688,-66.70558166503906
626.908935546875,-67.12220001220703
628.3549194335938,-67.53773498535156
629.9028930664062,-67.98377990722656
631.4407958984375,-68.42878723144531
632.9691772460938,-68.87284851074219
634.48779296875,-69.3156967163086
635.9967651367188,-69.75792694091797
637.49609375,-70.19977569580078
638.98583984375,-70.64109802246094
640.4658203125,-71.08219909667969
641.93603515625,-71.52393341064453
643.3967895507812,-71.96588134765625
644.84814453125,-72.4078369140625
646.2901000976562,-72.8498764038086
647.8247680664062,-73.32311248779297
649.348876953125,-73.79570007324219
650.8629760742188,-74.26737976074219
652.3668823242188,-74.73812103271484
653.8605346679688,-75.20777893066406
655.3441162109375,-75.67656707763672
656.8173828125,-76.14484405517578
658.2807006835938,-76.61273193359375
659.7341918945312,-77.07963562011719
661.1781616210938,-77.54524230957031
662.612548828125,-78.0095443725586
664.1320190429688,-78.50333404541016
665.6405029296875,-78.99606323242188
667.138671875,-79.48705291748047
668.6260986328125,-79.97676849365234
670.103271484375,-80.4655532836914
671.570068359375,-80.95256805419922
673.02685546875,-81.43821716308594
674.4732055664062,-81.92225646972656
675.909423828125,-82.40534210205078
677.3355102539062,-82.8874740600586
678.83935546875,-83.3991928100586
680.3325805664062,-83.90973663330078
681.81494140625,-84.41741180419922
683.2869262695312,-84.92280578613281
684.747802734375,-85.4259262084961
686.1982421875,-85.92681121826172
687.6383666992188,-86.4255142211914
689.0684814453125,-86.92142486572266
690.4887084960938,-87.41456604003906
691.9818115234375,-87.93351745605469
693.464111328125,-88.44934844970703
694.9354858398438,-88.96195983886719
696.396240234375,-89.4715347290039
697.8463134765625,-89.9784164428711
699.2860107421875,-90.48228454589844
700.71533203125,-90.98312377929688
702.13427734375,-91.48091125488281
703.6209716796875,-92.00352478027344
705.0961303710938,-92.52420806884766
706.5598754882812,-93.04315948486328
708.0116577148438,-93.56085205078125
709.4520263671875,-94.07746124267578
710.8806762695312,-94.5939712524414
712.2975463867188,-95.11042022705078
713.7767333984375,-95.65399169921875
715.242919921875,-96.19833374023438
716.6962280273438,-96.74307250976562
718.1369018554688,-97.28829956054688
719.5648803710938,-97.83392333984375
720.9805297851562,-98.38096618652344
722.382568359375,-98.93133544921875
723.8397216796875,-99.51454162597656
725.2808227539062,-100.1057357788086
726.7044067382812,-100.70780181884766
728.1100463867188,-101.32164764404297
729.4973754882812,-101.94799041748047
730.8665771484375,-102.58607482910156
732.2820434570312,-103.26681518554688
733.6776733398438,-103.9596176147461
735.0535278320312,-104.6648941040039
736.4086303710938,-105.38380432128906
737.7428588867188,-106.1167221069336
739.0571899414062,-106.86361694335938
740.3516235351562,-107.62547302246094
741.6846313476562,-108.43852233886719
742.9984130859375,-109.26790618896484
744.292724609375,-110.1146240234375
745.5676879882812,-110.97809600830078
746.8216552734375,-111.859619140625
748.0556640625,-112.75797271728516
749.2693481445312,-113.6725082397461
750.46484375,-114.60285186767578
751.6438598632812,-115.54886627197266
752.8084716796875,-116.51126861572266
753.9600830078125,-117.4915542602539
755.0990600585938,-118.49126434326172
756.2266845703125,-119.51068878173828
757.3429565429688,-120.5506362915039
758.4468383789062,-121.61183166503906
759.5377807617188,-122.69500732421875
760.61474609375,-123.80058288574219
761.6774291992188,-124.92861938476562
762.7265014648438,-126.07820129394531
763.760986328125,-127.24982452392578
764.7361450195312,-128.39134216308594
765.697021484375,-129.55308532714844
766.6427001953125,-130.73538208007812
767.5734252929688,-131.93765258789062
768.4867553710938,-133.16123962402344
769.3815307617188,-134.40621948242188
770.257568359375,-135.6724853515625
771.11328125,-136.96017456054688
771.9498901367188,-138.26820373535156
772.7665405273438,-139.5963592529297
773.5632934570312,-140.94412231445312
774.3035888671875,-142.24923706054688
775.0241088867188,-143.57215881347656
775.7234497070312,-144.9128875732422
776.4024047851562,-146.2707061767578
777.0595092773438,-147.64561462402344
777.6949462890625,-149.0372314453125
778.307861328125,-150.4452667236328
778.8984985351562,-151.8691864013672
779.4649658203125,-153.30807495117188
780.006103515625,-154.76026916503906
780.5213623046875,-156.22476196289062
781.0106201171875,-157.70089721679688
781.4733276367188,-159.18800354003906
781.9078979492188,-160.6857147216797
782.3134765625,-162.19363403320312
782.68798828125,-163.71139526367188
783.031005859375,-165.23817443847656
783.3430786132812,-166.77328491210938
783.6242065429688,-168.31591796875
783.8762817382812,-169.864990234375
784.0993041992188,-171.41998291015625
784.2921752929688,-172.98031616210938
784.45703125,-174.54537963867188
784.5875244140625,-176.03981018066406
784.6915283203125,-177.53746032714844
784.7686767578125,-179.0380401611328
784.818603515625,-180.541015625
784.8442993164062,-182.0460662841797
784.843505859375,-183.5522918701172
784.8179931640625,-185.05967712402344
784.7655639648438,-186.5675506591797
784.6880493164062,-188.07542419433594
784.584716796875,-189.58303833007812
784.4539184570312,-191.0892791748047
784.2979736328125,-192.59422302246094
784.114501953125,-194.09539794921875
783.906982421875,-195.59024047851562
783.6744384765625,-197.0734100341797
783.4056396484375,-198.6140899658203
783.1141967773438,-200.13796997070312
782.798095703125,-201.64413452148438
782.4586181640625,-203.13259887695312
782.0978393554688,-204.6038818359375
781.7142333984375,-206.05670166015625
781.2915649414062,-207.56024169921875
780.8458251953125,-209.0437774658203
780.3809204101562,-210.5083465576172
779.8959350585938,-211.95347595214844
779.390380859375,-213.3786163330078
778.8665161132812,-214.78460693359375
778.298828125,-216.23329162597656
777.7125244140625,-217.6610870361328
777.108642578125,-219.0680389404297
776.48828125,-220.45468139648438
775.8549194335938,-221.82225036621094
775.1822509765625,-223.23001098632812
774.5006713867188,-224.6196746826172
773.8137817382812,-225.9927978515625
773.125,-227.3511962890625
772.4369506835938,-228.6967315673828
771.7236328125,-230.08590698242188
771.015625,-231.46412658691406
770.315673828125,-232.8336944580078
769.6264038085938,-234.19830322265625
768.9498901367188,-235.56137084960938
768.287841796875,-236.92689514160156
767.641845703125,-238.29776000976562
767.01416015625,-239.67666625976562
766.4065551757812,-241.06687927246094
765.8211669921875,-242.47021484375
765.2598266601562,-243.8883056640625
764.7243041992188,-245.32223510742188
764.2139282226562,-246.7722625732422
763.728515625,-248.23866271972656
763.2682495117188,-249.7210693359375
762.8338623046875,-251.2196044921875
762.4421997070312,-252.6731414794922
762.0758666992188,-254.14120483398438
761.7362060546875,-255.62355041503906
761.42626953125,-257.1203308105469
761.1474609375,-258.6312255859375
760.8997802734375,-260.15606689453125
760.6801147460938,-261.6943054199219
760.4871215820312,-263.2459411621094
760.3272094726562,-264.7457275390625
760.1925048828125,-266.2583312988281
760.0843505859375,-267.7839660644531
760.0015258789062,-269.32281494140625
759.944580078125,-270.8745422363281
759.9134521484375,-272.43890380859375
759.9105224609375,-273.9468078613281
759.9320068359375,-275.4657897949219
759.980712890625,-276.9954833984375
760.05419921875,-278.53582763671875
760.1546630859375,-280.0859680175781
760.2833251953125,-281.6457824707031
760.4345092773438,-283.1429748535156
760.6126708984375,-284.64794921875
760.8201904296875,-286.1599426269531
761.056396484375,-287.6787414550781
761.3212280273438,-289.203857421875
761.6109619140625,-290.7355651855469
761.927490234375,-292.2732849121094
762.2537231445312,-293.7430419921875
762.6052856445312,-295.2173156738281
762.9821166992188,-296.6958923339844
763.3855590820312,-298.17779541015625
763.8167114257812,-299.66253662109375
764.276611328125,-301.14898681640625
764.765625,-302.63665771484375
765.2839965820312,-304.1250305175781
765.80322265625,-305.5386657714844
766.3493041992188,-306.95208740234375
766.9234008789062,-308.36285400390625
767.5255737304688,-309.76953125
768.1556396484375,-311.17034912109375
768.813232421875,-312.56439208984375
769.4976806640625,-313.95098876953125
770.2083129882812,-315.329833984375
770.9459838867188,-316.6997375488281
771.7089233398438,-318.0609130859375
772.4970092773438,-319.4126892089844
773.3092041015625,-320.7552185058594
774.1441650390625,-322.08856201171875
775.0023193359375,-323.4119873046875
775.8831176757812,-324.7252502441406
776.7386474609375,-325.9593505859375
777.6156616210938,-327.182373046875
778.5139770507812,-328.3941955566406
779.4342041015625,-329.5933532714844
780.3757934570312,-330.7799072265625
781.3389282226562,-331.95318603515625
782.323486328125,-333.1127624511719
783.328857421875,-334.25823974609375
784.3544311523438,-335.3895263671875
785.3994140625,-336.50738525390625
786.4634399414062,-337.6112365722656
787.5458374023438,-338.701171875
788.6467895507812,-339.77655029296875
789.7660522460938,-340.8369445800781
790.9036865234375,-341.8818664550781
792.0588989257812,-342.9116516113281
793.23193359375,-343.9252624511719
794.4228515625,-344.9219055175781
795.6314086914062,-345.9017028808594
796.8568725585938,-346.8648681640625
798.0977172851562,-347.81298828125
799.353271484375,-348.7465515136719
800.623046875,-349.6658630371094
801.9059448242188,-350.57220458984375
803.20166015625,-351.4659423828125
804.50927734375,-352.34759521484375
805.8280029296875,-353.2185363769531
807.1571044921875,-354.0789794921875
808.4956665039062,-354.93084716796875
809.7669677734375,-355.7296447753906
811.0445556640625,-356.5232849121094
812.3280639648438,-357.3127746582031
813.6181640625,-358.0956726074219
814.9142456054688,-358.8736267089844
816.2160034179688,-359.646484375
817.5236206054688,-360.4140625
818.8375854492188,-361.17523193359375
820.1578369140625,-361.93060302734375
821.4828491210938,-362.6829833984375
822.8133544921875,-363.4306640625
824.1499633789062,-364.172607421875
825.4931030273438,-364.90814208984375
826.8411865234375,-365.6396179199219
828.1947021484375,-366.3668212890625
829.5538940429688,-367.08984375
830.9188842773438,-367.80816650390625
832.2885131835938,-368.5240783691406
833.6630249023438,-369.2367858886719
835.042724609375,-369.9461975097656
836.4270629882812,-370.6532287597656
837.81640625,-371.3570861816406
839.2106323242188,-372.05792236328125
840.609619140625,-372.7559814453125
842.013427734375,-373.4514465332031
843.4215698242188,-374.1444396972656
844.8342895507812,-374.8357238769531
846.2515258789062,-375.5243835449219
847.6731567382812,-376.2112121582031
849.098876953125,-376.89630126953125
850.5289306640625,-377.5799255371094
851.9627075195312,-378.26318359375
853.3999633789062,-378.9464111328125
854.755615234375,-379.58984375
856.114013671875,-380.2340393066406
857.4752197265625,-380.8788757324219
858.8392333984375,-381.5242004394531
860.2059326171875,-382.1704406738281
861.5751953125,-382.8175964355469
862.9471435546875,-383.4657287597656
864.3214721679688,-384.11517333984375
865.6983642578125,-384.7657470703125
867.0774536132812,-385.41754150390625
868.4588012695312,-386.07073974609375
869.84228515625,-386.7253112792969
871.2278442382812,-387.3812561035156
872.6152954101562,-388.0390319824219
874.0046997070312,-388.69842529296875
875.3958129882812,-389.3594970703125
876.7886352539062,-390.0218200683594
878.1821899414062,-390.68499755859375
879.5757446289062,-391.3491516113281
880.9692993164062,-392.013916015625
882.3614501953125,-392.67864990234375
883.7508544921875,-393.34320068359375
885.135986328125,-394.0062561035156
886.5142822265625,-394.66693115234375
887.884033203125,-395.3247985839844
889.2451171875,-395.98016357421875
890.5973510742188,-396.6331787109375
892.0249633789062,-397.3245544433594
893.4432373046875,-398.0133056640625
894.8518676757812,-398.6999816894531
896.2507934570312,-399.3841247558594
897.6403198242188,-400.0662536621094
899.0205078125,-400.74615478515625
900.3914184570312,-401.4241943359375
901.753173828125,-402.10003662109375
903.1058959960938,-402.7738952636719
904.4496459960938,-403.44561767578125
905.8627319335938,-404.15435791015625
907.2659301757812,-404.8608093261719
908.658935546875,-405.5659484863281
910.0415649414062,-406.26995849609375
911.4140014648438,-406.9734191894531
912.7763061523438,-407.67596435546875
914.128662109375,-408.3771057128906
915.4712524414062,-409.0770263671875
916.8043823242188,-409.77508544921875
918.2013549804688,-410.51043701171875
919.5877075195312,-411.244384765625
920.9638671875,-411.9759826660156
922.3306884765625,-412.7048034667969
923.6874389648438,-413.43121337890625
925.0338745117188,-414.156982421875
926.3701782226562,-414.8813781738281
927.6967163085938,-415.6038513183594
929.0142822265625,-416.32373046875
930.3916625976562,-417.0778503417969
931.7591552734375,-417.8292541503906
933.1155395507812,-418.58038330078125
934.4593505859375,-419.3341369628906
935.7899169921875,-420.0916748046875
937.1070556640625,-420.8536376953125
938.4094848632812,-421.62200927734375
939.6957397460938,-422.3992614746094
941.0288696289062,-423.22552490234375
942.3429565429688,-424.06292724609375
943.6387939453125,-424.9107360839844
944.9154663085938,-425.769775390625
946.1742553710938,-426.6383056640625
947.4144897460938,-427.516845703125
948.6360473632812,-428.4058532714844
949.8370971679688,-429.3067321777344
951.0736083984375,-430.26336669921875
952.286376953125,-431.23388671875
953.4752807617188,-432.2189025878906
954.6381225585938,-433.2196044921875
955.7754516601562,-434.2355041503906
956.8865356445312,-435.26629638671875
957.9711303710938,-436.31170654296875
959.0748901367188,-437.4209289550781
960.1486206054688,-438.5462341308594
961.191650390625,-439.6870422363281
962.204345703125,-440.8424987792969
963.1858520507812,-442.01202392578125
964.1372680664062,-443.1944580078125
965.0567626953125,-444.39007568359375
965.9814453125,-445.65216064453125
966.870361328125,-446.92779541015625
967.722900390625,-448.21722412109375
968.5404663085938,-449.5201110839844
969.324462890625,-450.8367004394531
970.0747680664062,-452.1671447753906
970.7921752929688,-453.5116882324219
971.4739379882812,-454.87109375
972.1206665039062,-456.2452087402344
972.7322387695312,-457.6350402832031
973.3099365234375,-459.0426025390625
973.8526611328125,-460.4700927734375
974.361572265625,-461.91790771484375
974.8366088867188,-463.3863220214844
975.278076171875,-464.87542724609375
975.6834716796875,-466.385498046875
976.038330078125,-467.85284423828125
976.3591918945312,-469.34014892578125
976.6448974609375,-470.84716796875
976.893798828125,-472.3735046386719
977.104248046875,-473.91864013671875
977.267822265625,-475.4134216308594
977.3936767578125,-476.9240417480469
977.4805908203125,-478.4495849609375
977.5282592773438,-479.9891052246094
977.5353393554688,-481.541748046875
977.5006103515625,-483.1065979003906
977.42822265625,-484.61065673828125
977.3163452148438,-486.1238098144531
977.1649169921875,-487.645263671875
976.975830078125,-489.17449951171875
976.75244140625,-490.7112121582031
976.49609375,-492.2549743652344
976.2230834960938,-493.7317199707031
975.9224243164062,-495.21405029296875
975.5948486328125,-496.7021789550781
975.240478515625,-498.19537353515625
974.8615112304688,-499.694091796875
974.459228515625,-501.1976318359375
974.0327758789062,-502.7058410644531
973.5839233398438,-504.2186279296875
973.1375122070312,-505.6603088378906
972.672119140625,-507.10601806640625
972.1871948242188,-508.5550537109375
971.6803588867188,-510.0067138671875
971.1488037109375,-511.4593505859375
970.5941162109375,-512.913330078125
970.0155029296875,-514.367919921875
969.4143676757812,-515.823486328125
968.8245239257812,-517.203369140625
968.2145385742188,-518.5834350585938
967.5862426757812,-519.9644165039062
966.9385986328125,-521.3453979492188
966.2730102539062,-522.727294921875
965.590087890625,-524.1099853515625
964.8892822265625,-525.4931030273438
964.170654296875,-526.8762817382812
963.4358520507812,-528.2599487304688
962.6863403320312,-529.64501953125
961.9237060546875,-531.0323486328125
961.1928100585938,-532.3453979492188
960.451904296875,-533.6610717773438
959.700927734375,-534.9794311523438
958.939453125,-536.3002319335938
958.1675415039062,-537.6234741210938
957.3857421875,-538.949462890625
956.5949096679688,-540.278564453125
955.7948608398438,-541.6107177734375
954.9868774414062,-542.9466552734375
954.1700439453125,-544.2858276367188
953.3450927734375,-545.6284790039062
952.5116577148438,-546.9745483398438
951.6690673828125,-548.32373046875
950.8680419921875,-549.596435546875
950.0590209960938,-550.8718872070312
949.2415161132812,-552.1497192382812
948.416015625,-553.4303588867188
947.5830078125,-554.7138671875
946.7423095703125,-556.0003051757812
945.8943481445312,-557.2900390625
945.0396728515625,-558.58349609375
944.17919921875,-559.880859375
943.3131103515625,-561.182373046875
942.4417724609375,-562.4883422851562
941.5653076171875,-563.7985229492188
940.6849975585938,-565.11376953125
939.8023681640625,-566.4349975585938
938.9176025390625,-567.7622680664062
938.086181640625,-569.011962890625
937.253173828125,-570.26708984375
936.4183959960938,-571.5271606445312
935.5810546875,-572.7918090820312
934.7401123046875,-574.0604248046875
933.8955078125,-575.3326416015625
933.0482177734375,-576.6092529296875
932.19775390625,-577.8897094726562
931.3424072265625,-579.1728515625
930.4805297851562,-580.4577026367188
929.610595703125,-581.7428588867188
928.7304077148438,-583.02685546875
927.8384399414062,-584.308349609375
926.93310546875,-585.5863037109375
926.0148315429688,-586.8606567382812
925.0828247070312,-588.1305541992188
924.1354370117188,-589.3946533203125
923.170654296875,-590.6511840820312
922.1864624023438,-591.8978881835938
921.182373046875,-593.13427734375
920.1591186523438,-594.360595703125
919.1194458007812,-595.578857421875
918.0642700195312,-596.7894897460938
917.0659790039062,-597.9126586914062
916.0546875,-599.0294189453125
915.030517578125,-600.1392822265625
913.9927978515625,-601.2413940429688
912.9413452148438,-602.3353271484375
911.8762817382812,-603.4212036132812
910.7978515625,-604.4987182617188
909.7059936523438,-605.5676879882812
908.6007080078125,-606.6277465820312
907.481689453125,-607.67822265625
906.3495483398438,-608.7197265625
905.2039794921875,-609.7513427734375
904.0451049804688,-610.7730102539062
902.8726806640625,-611.7841796875
901.6868896484375,-612.7845458984375
900.4879760742188,-613.7742309570312
899.2764282226562,-614.7534790039062
898.0523071289062,-615.7216186523438
896.8154296875,-616.6787719726562
895.5665893554688,-617.624755859375
894.3057861328125,-618.5598754882812
893.0330200195312,-619.4840087890625
891.748291015625,-620.3956909179688
890.4512329101562,-621.2947387695312
889.14111328125,-622.1791381835938
887.8177490234375,-623.0482177734375
886.4817504882812,-623.90283203125
885.1339721679688,-624.743408203125
883.77490234375,-625.5703125
882.4038696289062,-626.3817749023438
881.0208740234375,-627.1773681640625
879.6259155273438,-627.9564208984375
878.218505859375,-628.7177734375
876.7987670898438,-629.4605712890625
875.3675537109375,-630.1856079101562
873.9251098632812,-630.8932495117188
872.4722900390625,-631.58447265625
871.0095825195312,-632.2597045898438
869.5370483398438,-632.9183959960938
868.0554809570312,-633.562255859375
866.6718139648438,-634.1463623046875
865.2806396484375,-634.7167358398438
863.8818359375,-635.2730102539062
862.4757080078125,-635.8136596679688
861.064208984375,-636.3402709960938
859.6488647460938,-636.8518676757812
858.2312622070312,-637.3479614257812
856.70263671875,-637.8635864257812
855.17236328125,-638.3599853515625
853.6407470703125,-638.8370971679688
852.1082153320312,-639.2952270507812
850.5752563476562,-639.7352905273438
849.0422973632812,-640.1574096679688
847.5093383789062,-640.56103515625
845.9766235351562,-640.9454345703125
844.4445190429688,-641.3115844726562
842.9132080078125,-641.6600952148438
841.3831787109375,-641.9906005859375
839.8546752929688,-642.3018798828125
838.3275146484375,-642.5930786132812
836.8020629882812,-642.8650512695312
835.2787475585938,-643.1206665039062
833.7578125,-643.3590698242188
832.2393798828125,-643.5795288085938
830.7236328125,-643.7826538085938
829.2109375,-643.9677124023438
827.7014770507812,-644.1353759765625
826.1951293945312,-644.28564453125
824.6922607421875,-644.4187622070312
823.1930541992188,-644.535400390625
821.5911254882812,-644.6409301757812
819.9938354492188,-644.7271728515625
818.4014282226562,-644.7947387695312
816.8140258789062,-644.8439331054688
815.2318115234375,-644.874755859375
813.6550903320312,-644.88671875
812.083984375,-644.8803100585938
810.5188598632812,-644.8545532226562
808.9596557617188,-644.8108520507812
807.4066162109375,-644.7491455078125
805.8596801757812,-644.6689453125
804.319091796875,-644.5703735351562
802.7852172851562,-644.4529418945312
801.2572631835938,-644.3185424804688
799.7354125976562,-644.1663208007812
798.2191772460938,-643.9971923828125
796.7090454101562,-643.8108520507812
795.2044067382812,-643.6077270507812
793.7054443359375,-643.3875122070312
792.2122802734375,-643.14990234375
790.724853515625,-642.8953857421875
789.2431030273438,-642.6238403320312
787.7667236328125,-642.3363647460938
786.2957763671875,-642.0323486328125
784.8300170898438,-641.712890625
783.2717895507812,-641.3563842773438
781.7186889648438,-640.9851684570312
780.1701049804688,-640.6005249023438
778.6260375976562,-640.2033081054688
777.0858154296875,-639.7946166992188
775.5490112304688,-639.376220703125
774.0147705078125,-638.9488525390625
772.48291015625,-638.51416015625
770.9539794921875,-638.0711059570312
769.4290161132812,-637.6187744140625
767.906494140625,-637.1572875976562
766.3865356445312,-636.6871337890625
764.8688354492188,-636.2102661132812
763.3538208007812,-635.7259521484375
761.8419189453125,-635.231201171875
760.33251953125,-634.728271484375
758.8244018554688,-634.2188720703125
757.3181762695312,-633.7013549804688
755.8148803710938,-633.172119140625
754.3153686523438,-632.63232421875
752.81787109375,-632.0839233398438
751.322509765625,-631.5263061523438
749.8297729492188,-630.9576416015625
748.33935546875,-630.3790283203125
746.9436645507812,-629.8284912109375
745.5498046875,-629.2696533203125
744.15771484375,-628.7026977539062
742.7666015625,-628.1287231445312
741.3770141601562,-627.546875
739.9888916015625,-626.9572143554688
738.6019287109375,-626.3605346679688
737.2158203125,-625.7566528320312
735.8307495117188,-625.1450805664062
734.4466552734375,-624.5259399414062
733.0634155273438,-623.8994750976562
731.6809692382812,-623.2661743164062
730.2989501953125,-622.625732421875
728.9182739257812,-621.9774780273438
727.53857421875,-621.3217163085938
726.1594848632812,-620.6591186523438
724.7803955078125,-619.9910888671875
723.4006958007812,-619.3182983398438
722.02099609375,-618.6402587890625
720.6412353515625,-617.95751953125
719.2606201171875,-617.2694091796875
717.8804931640625,-616.5759887695312
716.5004272460938,-615.8766479492188
715.1198120117188,-615.172119140625
713.7396240234375,-614.4620971679688
712.3599243164062,-613.74609375
710.9795532226562,-613.0249633789062
709.5997924804688,-612.2987060546875
708.219970703125,-611.56689453125
706.8402099609375,-610.8297119140625
705.4598388671875,-610.0879516601562
704.0796508789062,-609.3411254882812
702.699951171875,-608.5886840820312
701.3202514648438,-607.8311157226562
699.9410400390625,-607.0681762695312
698.5619506835938,-606.2999877929688
697.1832885742188,-605.5264282226562
695.805419921875,-604.7471923828125
694.427978515625,-603.9622802734375
693.05126953125,-603.1712036132812
691.6751708984375,-602.37353515625
690.2991333007812,-601.5696411132812
688.9232788085938,-600.759521484375
687.5481567382812,-599.9430541992188
686.1730346679688,-599.1207885742188
684.7980346679688,-598.2921142578125
683.5152587890625,-597.5128173828125
682.232666015625,-596.7275390625
680.9500732421875,-595.9367065429688
679.66748046875,-595.1405639648438
678.3848876953125,-594.338623046875
677.1029663085938,-593.5309448242188
675.8212890625,-592.7174682617188
674.5402221679688,-591.898193359375
673.2592163085938,-591.0732421875
671.9789428710938,-590.2423706054688
670.6993408203125,-589.4053955078125
669.4205932617188,-588.5621337890625
668.1432495117188,-587.7119750976562
666.8671875,-586.8548583984375
665.5927734375,-585.99072265625
664.3197631835938,-585.1195068359375
663.048828125,-584.2411499023438
661.7796630859375,-583.3554077148438
660.5117797851562,-582.4627075195312
659.2462158203125,-581.5631103515625
657.9822998046875,-580.656494140625
656.7216186523438,-579.7418212890625
655.4633178710938,-578.8201293945312
654.2059326171875,-577.8925170898438
652.9492797851562,-576.9598999023438
651.6931762695312,-576.0224609375
650.4376220703125,-575.0802001953125
649.1827392578125,-574.1331787109375
647.9284057617188,-573.1815795898438
646.6748046875,-572.2255859375
645.4213256835938,-571.2654418945312
644.1688232421875,-570.3004760742188
642.9169921875,-569.3310546875
641.6659545898438,-568.3574829101562
640.4150390625,-567.3798828125
639.1649169921875,-566.398193359375
637.9149780273438,-565.4125366210938
636.6657104492188,-564.4229125976562
635.4166259765625,-563.4293212890625
634.168212890625,-562.4317016601562
632.9205932617188,-561.4298706054688
631.6734619140625,-560.4241333007812
630.4271850585938,-559.4142456054688
629.1815795898438,-558.4002685546875
627.9366455078125,-557.3824462890625
626.6925048828125,-556.3607177734375
625.4488525390625,-555.335205078125
624.2058715820312,-554.3058471679688
623.0521850585938,-553.3464965820312
621.8992309570312,-552.384033203125
620.7470092773438,-551.4180297851562
619.5958251953125,-550.4483642578125
618.445556640625,-549.4751586914062
617.2960205078125,-548.4986572265625
616.147216796875,-547.5187377929688
614.9990844726562,-546.53564453125
613.8516845703125,-545.5493774414062
612.7051391601562,-544.5596923828125
611.5591430664062,-543.5667724609375
610.4140625,-542.5706787109375
609.2697143554688,-541.5712280273438
608.1259155273438,-540.5687255859375
606.9829711914062,-539.5631103515625
605.840576171875,-538.5545043945312
604.698974609375,-537.54296875
603.5579833984375,-536.5284423828125
602.417724609375,-535.5110473632812
601.2778930664062,-534.4909057617188
600.1384887695312,-533.4678955078125
598.9998779296875,-532.4419555664062
597.862060546875,-531.413330078125
596.7246704101562,-530.3820190429688
595.587646484375,-529.3480224609375
594.451416015625,-528.3114624023438
593.315185546875,-527.2724609375
592.1795654296875,-526.2310791015625
591.0441284179688,-525.1871948242188
589.90869140625,-524.1409912109375
588.7739868164062,-523.0924072265625
587.6395874023438,-522.0413818359375
586.5057373046875,-520.9879760742188
585.3723754882812,-519.93212890625
584.239501953125,-518.873779296875
583.1070556640625,-517.8134155273438
581.9747314453125,-516.7510986328125
580.8424682617188,-515.6866455078125
579.7106323242188,-514.6201171875
578.5787353515625,-513.5515747070312
577.447265625,-512.4808959960938
576.3165283203125,-511.4076232910156
575.1869506835938,-510.3314208984375
574.0587158203125,-509.2519836425781
572.9320068359375,-508.16937255859375
571.8070068359375,-507.0832214355469
570.6837768554688,-505.9936828613281
569.56201171875,-504.9009094238281
568.4419555664062,-503.80487060546875
567.3233642578125,-502.70550537109375
566.2064819335938,-501.6028137207031
565.0914916992188,-500.4967346191406
563.9786376953125,-499.38690185546875
562.868408203125,-498.2730712890625
561.7609252929688,-497.1558532714844
560.658447265625,-496.0374755859375
559.5616455078125,-494.91802978515625
558.4669189453125,-493.79388427734375
557.3759765625,-492.6654052734375
556.2880249023438,-491.5325012207031
555.2033081054688,-490.3954162597656
554.12109375,-489.25439453125
553.04150390625,-488.109130859375
551.9649658203125,-486.95947265625
550.8905639648438,-485.8054504394531
549.8180541992188,-484.64752197265625
548.7476196289062,-483.4853210449219
547.679931640625,-482.3184814453125
546.6148681640625,-481.1468811035156
545.5518188476562,-479.9710388183594
544.4910278320312,-478.79119873046875
543.4326782226562,-477.6065673828125
542.3781127929688,-476.4167785644531
541.326904296875,-475.2216796875
540.279541015625,-474.02117919921875
539.236328125,-472.8150634765625
538.1976928710938,-471.6029357910156
537.1637573242188,-470.384765625
536.1345825195312,-469.1606750488281
535.1104125976562,-467.9303894042969
534.0914306640625,-466.69384765625
533.0775146484375,-465.45123291015625
532.0684204101562,-464.20257568359375
531.064208984375,-462.9480895996094
530.0652465820312,-461.6873779296875
529.0714721679688,-460.4206237792969
528.0826416015625,-459.1479797363281
527.0989379882812,-457.8694763183594
526.1201171875,-456.5852966308594
525.1460571289062,-455.2956237792969
524.176025390625,-454.0010070800781
523.20947265625,-452.70196533203125
522.2457275390625,-451.39886474609375
521.2845458984375,-450.0919494628906
520.3255615234375,-448.7815856933594
519.4421997070312,-447.5690612792969
518.5608520507812,-446.35357666015625
517.6817626953125,-445.1349792480469
516.804443359375,-443.91339111328125
515.9291381835938,-442.6889953613281
515.0555419921875,-441.4617004394531
514.1839599609375,-440.2314758300781
513.3142700195312,-438.9983215332031
512.4464111328125,-437.76220703125
511.58050537109375,-436.52313232421875
510.7165832519531,-435.2812194824219
509.8545837402344,-434.0364685058594
508.9947814941406,-432.7886657714844
508.1365051269531,-431.5382385253906
507.2798156738281,-430.28521728515625
506.4248352050781,-429.02935791015625
505.5717468261719,-427.7706604003906
504.7206115722656,-426.50921630859375
503.8712158203125,-425.244873046875
503.0240783691406,-423.9776611328125
502.17877197265625,-422.7076416015625
501.3354187011719,-421.4348449707031
500.494140625,-420.1592102050781
499.65484619140625,-418.8807678222656
498.8174133300781,-417.59979248046875
497.98187255859375,-416.316162109375
497.1481628417969,-415.0299072265625
496.3163146972656,-413.7412109375
495.4861755371094,-412.4498596191406
494.65765380859375,-411.1561279296875
493.83087158203125,-409.8598937988281
493.0058288574219,-408.5611877441406
492.1827697753906,-407.2598876953125
491.3619079589844,-405.95587158203125
490.5431823730469,-404.649169921875
489.72601318359375,-403.3399963378906
488.9107971191406,-402.0284118652344
488.0977783203125,-400.71405029296875
487.2867736816406,-399.3970642089844
486.4775085449219,-398.07763671875
485.6700744628906,-396.7558288574219
484.8648986816406,-395.43133544921875
484.06195068359375,-394.1041564941406
483.26129150390625,-392.7743835449219
482.46270751953125,-391.4420471191406
481.66632080078125,-390.1070251464844
480.87213134765625,-388.76947021484375
480.07958984375,-387.4295349121094
479.28912353515625,-386.0871276855469
478.5008544921875,-384.7421875
477.71478271484375,-383.394775390625
476.9306945800781,-382.044921875
476.14837646484375,-380.69268798828125
475.3681640625,-379.33807373046875
474.5899658203125,-377.98095703125
473.81378173828125,-376.62158203125
473.0396423339844,-375.2597351074219
472.26788330078125,-373.8953857421875
471.49847412109375,-372.5285339355469
470.7311706542969,-371.1591796875
469.9656982421875,-369.78753662109375
469.2022399902344,-368.41363525390625
468.44085693359375,-367.03741455078125
467.6815185546875,-365.658935546875
466.92437744140625,-364.27813720703125
466.1692810058594,-362.89501953125
465.4163513183594,-361.5096435546875
464.66534423828125,-360.1220703125
463.916259765625,-358.7322998046875
463.1688232421875,-357.3405456542969
462.42303466796875,-355.94677734375
461.6788635253906,-354.5509948730469
460.9362487792969,-353.1533203125
460.195068359375,-351.7537536621094
459.455322265625,-350.3524475097656
458.7165222167969,-348.94940185546875
457.9783020019531,-347.54498291015625
457.240234375,-346.1393737792969
456.5018310546875,-344.7328186035156
455.7630310058594,-343.325439453125
455.0235595703125,-341.9172058105469
454.2832336425781,-340.5084533691406
453.5418701171875,-339.0990295410156
452.7995300292969,-337.6890869140625
452.0564270019531,-336.2785339355469
451.3124694824219,-334.86749267578125
450.5672912597656,-333.45611572265625
449.8206787109375,-332.04437255859375
449.0728759765625,-330.6322937011719
448.32366943359375,-329.219970703125
447.5731201171875,-327.8074951171875
446.8210144042969,-326.3948669433594
446.0673522949219,-324.9820251464844
445.3119201660156,-323.5691833496094
444.5545654296875,-322.1563415527344
443.7953796386719,-320.7434997558594
443.03387451171875,-319.3309326171875
442.2692565917969,-317.9189758300781
441.50103759765625,-316.50811767578125
440.7290344238281,-315.0982971191406
439.9530944824219,-313.6897277832031
439.1725158691406,-312.28277587890625
438.3878479003906,-310.87713623046875
437.59857177734375,-309.47314453125
436.8051452636719,-308.07049560546875
436.0071105957031,-306.6695556640625
435.2045593261719,-305.2702331542969
434.3977355957031,-303.87237548828125
433.5863952636719,-302.47625732421875
432.77081298828125,-301.08148193359375
431.9510498046875,-299.68829345703125
431.12664794921875,-298.29693603515625
430.29754638671875,-296.907470703125
429.46368408203125,-295.5199890136719
428.62554931640625,-294.134033203125
427.7830810546875,-292.7498779296875
426.9361877441406,-291.36737060546875
426.08447265625,-289.98687744140625
425.22808837890625,-288.6084899902344
424.3670654296875,-287.2319030761719
423.5011291503906,-285.8575744628906
422.6304016113281,-284.48516845703125
421.75445556640625,-283.1153869628906
420.8731994628906,-281.74798583984375
419.9864196777344,-280.3833923339844
419.0945129394531,-279.0210876464844
418.1976623535156,-277.6610412597656
417.2958679199219,-276.3034362792969
416.38897705078125,-274.9481506347656
415.4770812988281,-273.5953063964844
414.5602722167969,-272.2447814941406
413.6385498046875,-270.896728515625
412.7119445800781,-269.55108642578125
411.78045654296875,-268.2079162597656
410.8438720703125,-266.8674011230469
409.90203857421875,-265.5296325683594
409.0342712402344,-264.3056945800781
408.1622314453125,-263.08404541015625
407.2859191894531,-261.8646240234375
406.4053039550781,-260.6474914550781
405.52056884765625,-259.4325256347656
404.6316833496094,-258.2200012207031
403.738525390625,-257.0096130371094
402.8415222167969,-255.8014373779297
401.940673828125,-254.595458984375
401.0359802246094,-253.39141845703125
400.1273498535156,-252.18966674804688
399.2149353027344,-250.9900360107422
398.298828125,-249.79251098632812
397.3790283203125,-248.59707641601562
396.45538330078125,-247.40380859375
395.5279846191406,-246.21290588378906
394.5970764160156,-245.0238800048828
393.66217041015625,-243.83729553222656
392.72357177734375,-242.65292358398438
391.7812805175781,-241.47084045410156
390.8352966308594,-240.29098510742188
389.8856201171875,-239.1136016845703
388.932373046875,-237.9381866455078
387.9757080078125,-236.76486206054688
387.015625,-235.5938720703125
386.0517272949219,-234.42518615722656
385.08392333984375,-233.2591552734375
384.1124267578125,-232.095703125
383.136962890625,-230.93463134765625
382.1578674316406,-229.7760772705078
381.17498779296875,-228.6199951171875
380.1880187988281,-227.4667205810547
379.1970520019531,-226.31610107421875
378.2021179199219,-225.1684112548828
377.20281982421875,-224.02378845214844
376.19915771484375,-222.88246154785156
375.19085693359375,-221.74464416503906
374.1781311035156,-220.6099090576172
373.160888671875,-219.47869873046875
372.138916015625,-218.35098266601562
371.11181640625,-217.22750854492188
370.0793151855469,-216.10874938964844
369.04132080078125,-214.99452209472656
367.9974365234375,-213.88516235351562
366.94842529296875,-212.78001403808594
365.8946228027344,-211.6786346435547
364.8359375,-210.58132934570312
363.7718811035156,-209.48880004882812
362.70208740234375,-208.40150451660156
361.62652587890625,-207.31924438476562
360.54559326171875,-206.24192810058594
359.45953369140625,-205.16920471191406
358.3681945800781,-204.1012725830078
357.271728515625,-203.0380859375
356.1704406738281,-201.97930908203125
355.0643615722656,-200.92503356933594
353.95379638671875,-199.8748321533203
352.83868408203125,-198.82879638671875
351.71929931640625,-197.7869110107422
350.5953674316406,-196.7493133544922
349.466552734375,-195.71656799316406
348.33294677734375,-194.6884765625
347.1946716308594,-193.66494750976562
346.052001953125,-192.6457977294922
344.9048156738281,-191.63119506835938
343.7530212402344,-190.62135314941406
342.5968322753906,-189.61593627929688
341.4362487792969,-188.61492919921875
340.2714538574219,-187.6181182861328
339.1025390625,-186.6255645751953
337.92938232421875,-185.63760375976562
336.7516174316406,-184.65464782714844
335.56903076171875,-183.6771697998047
334.3819274902344,-182.70452880859375
333.19061279296875,-181.73663330078125
331.9952697753906,-180.77325439453125
330.7959289550781,-179.81442260742188
329.59246826171875,-178.86041259765625
328.38519287109375,-177.91055297851562
327.17413330078125,-176.9647979736328
325.9595031738281,-176.02322387695312
324.7409362792969,-175.08607482910156
323.5184326171875,-174.15359497070312
322.29193115234375,-173.22610473632812
321.0612487792969,-172.3037109375
319.82647705078125,-171.3863067626953
318.5877685546875,-170.47384643554688
317.34515380859375,-169.566162109375
316.0987243652344,-168.6634063720703
314.8486022949219,-167.765380859375
313.5945739746094,-166.87232971191406
312.3369140625,-165.9841766357422
311.07537841796875,-165.10089111328125
309.8101501464844,-164.22283935546875
308.5409851074219,-163.34994506835938
307.2680969238281,-162.4821014404297
305.9917907714844,-161.61915588378906
304.7117919921875,-160.76123046875
303.4281005859375,-159.90841674804688
302.1407165527344,-159.06089782714844
300.8496398925781,-158.21839904785156
299.5549621582031,-157.38119506835938
298.2567138671875,-156.54945373535156
296.9545593261719,-155.72340393066406
295.6488037109375,-154.90269470214844
294.3397216796875,-154.0870361328125
293.0275573730469,-153.27581787109375
291.7125549316406,-152.46875
290.3949279785156,-151.66580200195312
289.07476806640625,-150.86651611328125
287.752197265625,-150.0707550048828
286.4272766113281,-149.27850341796875
285.10028076171875,-148.48931884765625
283.7712097167969,-147.7033233642578
282.43994140625,-146.92062377929688
281.1065979003906,-146.1411895751953
279.771240234375,-145.3649444580078
278.4338073730469,-144.59193420410156
277.09429931640625,-143.82212829589844
275.7529602050781,-143.054931640625
274.4098815917969,-142.29043579101562
273.06500244140625,-141.52877807617188
271.7181091308594,-140.77037048339844
270.369384765625,-140.01487731933594
269.01885986328125,-139.26222229003906
267.66644287109375,-138.512451171875
266.3122253417969,-137.76573181152344
264.9561462402344,-137.0220184326172
263.5984191894531,-136.2811737060547
262.2389831542969,-135.54307556152344
260.8778991699219,-134.80780029296875
259.51513671875,-134.0752716064453
258.1507873535156,-133.34535217285156
256.78485107421875,-132.6180419921875
255.41746520996094,-131.89337158203125
254.0485382080078,-131.17127990722656
252.6780242919922,-130.45187377929688
251.30606079101562,-129.73489379882812
249.93270874023438,-129.02037048339844
248.55772399902344,-128.30868530273438
247.18112182617188,-127.59970092773438
245.8030548095703,-126.8932876586914
244.4234619140625,-126.18955993652344
243.0421600341797,-125.4887466430664
241.65931701660156,-124.7908706665039
240.27479553222656,-124.09590911865234
238.88861083984375,-123.40389251708984
237.5008087158203,-122.71502685546875
236.1112060546875,-122.0293197631836
234.71994018554688,-121.346923828125
233.3270263671875,-120.66761016845703
231.93263244628906,-119.99156188964844
230.53672790527344,-119.3192138671875
229.13922119140625,-118.65052032470703
227.7403564453125,-117.98565673828125
226.34002685546875,-117.32449340820312
224.93858337402344,-116.66755676269531
223.5362548828125,-116.01466369628906
222.13372802734375,-115.36653900146484
220.73150634765625,-114.72349548339844
219.33071899414062,-114.08592987060547
217.93251037597656,-113.45382690429688
216.53829956054688,-112.828125
215.1479949951172,-112.20862579345703
213.76158142089844,-111.59546661376953
212.3790283203125,-110.9884262084961
211.00042724609375,-110.38729858398438
209.5009765625,-109.73857879638672
208.00621032714844,-109.09701538085938
206.51632690429688,-108.46220397949219
205.03135681152344,-107.83389282226562
203.55125427246094,-107.21148681640625
202.0762176513672,-106.59502410888672
200.6064453125,-105.9839859008789
199.14181518554688,-105.37798309326172
197.68235778808594,-104.77687072753906
196.22772216796875,-104.18000793457031
194.7778778076172,-103.58673095703125
193.33291625976562,-102.99714660644531
191.89224243164062,-102.41145324707031
190.45571899414062,-101.83035278320312
189.02264404296875,-101.25403594970703
187.5928955078125,-100.68324279785156
186.16627502441406,-100.11820983886719
184.74241638183594,-99.55928039550781
183.32131958007812,-99.00669860839844
181.9025115966797,-98.45996856689453
180.48622131347656,-97.91903686523438
179.07217407226562,-97.38420104980469
177.66000366210938,-96.85596466064453
176.2494659423828,-96.3337631225586
174.84019470214844,-95.8172836303711
173.31436157226562,-95.26385498046875
171.78880310058594,-94.71721649169922
170.2628173828125,-94.17742919921875
168.73585510253906,-93.6447982788086
167.2074737548828,-93.11917114257812
165.67730712890625,-92.60060119628906
164.1451416015625,-92.08934020996094
162.61041259765625,-91.58589935302734
161.0724639892578,-91.09088897705078
159.53103637695312,-90.60372161865234
157.9862823486328,-90.1238784790039
156.43785095214844,-89.65084075927734
154.88565063476562,-89.1849594116211
153.32943725585938,-88.72579193115234
151.7692413330078,-88.27273559570312
150.3256072998047,-87.85979461669922
148.87847900390625,-87.45165252685547
147.42796325683594,-87.04843139648438
145.97413635253906,-86.64988708496094
144.5170440673828,-86.25568389892578
143.0568084716797,-85.8658447265625
141.5933380126953,-85.48047637939453
140.12673950195312,-85.09950256347656
138.65711975097656,-84.72274780273438
137.1843719482422,-84.35042572021484
135.70858764648438,-83.98291015625
134.22959899902344,-83.62005615234375
132.74755859375,-83.26264190673828
131.26220703125,-82.9105453491211
129.77371215820312,-82.56405639648438
128.2821502685547,-82.22303009033203
126.7873306274414,-81.88818359375
125.28926086425781,-81.56063842773438
123.78768920898438,-81.2402572631836
122.2828369140625,-80.92768859863281
120.77458953857422,-80.62275695800781
119.2629623413086,-80.32564544677734
117.74816131591797,-80.03707122802734
116.22994995117188,-79.75679779052734
114.70858001708984,-79.48572540283203
113.18388366699219,-79.22358703613281
111.65604400634766,-78.9709701538086
110.12496185302734,-78.72806549072266
108.59073638916016,-78.49591827392578
107.05325317382812,-78.2749252319336
105.51264953613281,-78.06548309326172
103.96912384033203,-77.86846923828125
102.42236328125,-77.68425750732422
100.8728256225586,-77.51374053955078
99.32040405273438,-77.3561019897461
97.76549530029297,-77.21171569824219
96.20800018310547,-77.08003997802734
94.64807891845703,-76.96109771728516
93.08592224121094,-76.85435485839844
91.52165985107422,-76.75971221923828
89.95525360107422,-76.67733764648438
88.3869400024414,-76.60734558105469
86.8166732788086,-76.54850769042969
85.24455261230469,-76.50111389160156
83.67097473144531,-76.46691131591797
82.09595489501953,-76.4457015991211
80.51944732666016,-76.43921661376953
78.9415283203125,-76.44920349121094
77.36235046386719,-76.4718246459961
75.78189849853516,-76.50360107421875
74.2000732421875,-76.54244232177734
72.61701965332031,-76.5880355834961
71.0328140258789,-76.64225006103516
69.4476089477539,-76.7043685913086
67.86137390136719,-76.77318572998047
66.27388763427734,-76.84442901611328
64.68555450439453,-76.92194366455078
63.09622573852539,-77.00732421875
61.50627136230469,-77.1019515991211
59.91538619995117,-77.20515441894531
58.32399368286133,-77.3176498413086
56.73209762573242,-77.43968963623047
55.139549255371094,-77.57096099853516
53.54661178588867,-77.71125030517578
51.95345687866211,-77.86112213134766
50.35994338989258,-78.02083587646484
48.76641845703125,-78.19110870361328
47.172855377197266,-78.37155151367188
45.5792236328125,-78.56198120117188
43.98575210571289,-78.76274108886719
42.39244079589844,-78.97394561767578
40.799110412597656,-79.19503021240234
39.206295013427734,-79.42652893066406
37.613792419433594,-79.669189453125
36.02244567871094,-79.92450714111328
34.43191146850586,-80.19219970703125
32.84234619140625,-80.47171783447266
31.253753662109375,-80.762451171875
29.66605567932129,-81.06463623046875
28.07962989807129,-81.37826538085938
26.494354248046875,-81.70337677001953
24.910343170166016,-82.0401611328125
23.327579498291016,-82.38810729980469
21.74609375,-82.74713897705078
20.166080474853516,-83.11730194091797
18.58775520324707,-83.49905395507812
17.010896682739258,-83.89234924316406
15.43605899810791,-84.2971420288086
13.86244010925293,-84.71234130859375
12.29039478302002,-85.13829803466797
10.720551490783691,-85.57518005371094
9.15252685546875,-86.02381896972656
7.586729049682617,-86.48445129394531
6.023041248321533,-86.95600891113281
4.461572647094727,-87.43807220458984
2.9013001918792725,-87.92915344238281
1.472248911857605,-88.38642120361328
0.04472172260284424,-88.84999084472656
-1.3807200193405151,-89.31952667236328
-2.805752992630005,-89.79367065429688
-4.230141639709473,-90.2730484008789
-5.653513431549072,-90.75707244873047
-7.074058532714844,-91.24629974365234
-8.493735313415527,-91.7400131225586
-9.912866592407227,-92.23868560791016
-11.33117389678955,-92.74283599853516
-12.747928619384766,-93.25284576416016
-14.163736343383789,-93.76844024658203
-15.579567909240723,-94.2873306274414
-16.995145797729492,-94.80860137939453
-18.410364151000977,-95.3326416015625
-19.825166702270508,-95.86048889160156
-21.239328384399414,-96.39362335205078
-22.65155792236328,-96.93122100830078
-24.062808990478516,-97.47310638427734
-25.47309112548828,-98.02024841308594
-26.881412506103516,-98.57334899902344
-28.287729263305664,-99.1310806274414
-29.69336700439453,-99.69273376464844
-31.097606658935547,-100.25934600830078
-32.49913787841797,-100.83126068115234
-33.89933395385742,-101.4078598022461
-35.29841232299805,-101.98927307128906
-36.69492721557617,-102.57536315917969
-38.089454650878906,-103.16647338867188
-39.48368453979492,-103.76305389404297
-40.8757438659668,-104.36473083496094
-42.265655517578125,-104.97010040283203
-43.654502868652344,-105.57923126220703
-45.042598724365234,-106.1922836303711
-46.429222106933594,-106.80835723876953
-47.81522750854492,-107.42737579345703
-49.20014572143555,-108.04957580566406
-50.5836067199707,-108.67567443847656
-51.96664047241211,-109.30528259277344
-53.34878158569336,-109.93817138671875
-54.73019027709961,-110.57413482666016
-56.112037658691406,-111.21350860595703
-57.49373245239258,-111.8554916381836
-58.87565231323242,-112.49886322021484
-60.25792694091797,-113.1446533203125
-61.64018630981445,-113.79314422607422
-63.02267837524414,-114.44351196289062
-64.40576171875,-115.09548950195312
-65.78944396972656,-115.7489242553711
-67.17375183105469,-116.40364074707031
-68.55845642089844,-117.0595703125
-69.94380950927734,-117.71662902832031
-71.32980346679688,-118.37496948242188
-72.71625518798828,-119.0345458984375
-74.1033706665039,-119.6951675415039
-75.4913101196289,-120.35693359375
-76.87967681884766,-121.01966857910156
-78.26860046386719,-121.68360137939453
-79.65837860107422,-122.3481216430664
-81.04915618896484,-123.01284790039062
-82.44086456298828,-123.67777252197266
-83.83366394042969,-124.34274291992188
-85.22770690917969,-125.00746154785156
-86.62275695800781,-125.67208099365234
-88.01847839355469,-126.33724975585938
-89.41498565673828,-127.00304412841797
-90.81217193603516,-127.66931915283203
-92.2102279663086,-128.33595275878906
-93.60920715332031,-129.0026397705078
-95.00912475585938,-129.66954040527344
-96.41002655029297,-130.3363800048828
-97.81194305419922,-131.00299072265625
-99.215087890625,-131.6693115234375
-100.61949157714844,-132.33456420898438
-102.02527618408203,-132.99899291992188
-103.43217468261719,-133.66310119628906
-104.84020233154297,-134.32687377929688
-106.24915313720703,-134.99041748046875
-107.65906524658203,-135.65379333496094
-109.06987762451172,-136.3168487548828
-110.48180389404297,-136.97984313964844
-111.89456939697266,-137.64283752441406
-113.30834197998047,-138.3056640625
-114.72306060791016,-138.968017578125
-116.13878631591797,-139.6295928955078
-117.55577087402344,-140.290283203125
-118.97394561767578,-140.95021057128906
-120.39322662353516,-141.609375
-121.81380462646484,-142.26776123046875
-123.2358169555664,-142.92469787597656
-124.65949249267578,-143.57960510253906
-126.08492279052734,-144.2323455810547
-127.5123519897461,-144.8826904296875
-128.94154357910156,-145.52975463867188
-130.373046875,-146.17352294921875
-131.8068389892578,-146.8135986328125
-133.24266052246094,-147.4505615234375
-134.68057250976562,-148.08460998535156
-136.12051391601562,-148.7154998779297
-137.5626678466797,-149.3426055908203
-139.0068817138672,-149.96641540527344
-140.45310974121094,-150.58734130859375
-141.9011688232422,-151.2052459716797
-143.35118103027344,-151.82017517089844
-144.80325317382812,-152.43212890625
-146.25714111328125,-153.04092407226562
-147.7129669189453,-153.6468963623047
-149.17059326171875,-154.2493896484375
-150.6303253173828,-154.8485107421875
-152.0918731689453,-155.44439697265625
-153.55516052246094,-156.03758239746094
-155.02029418945312,-156.62782287597656
-156.48715209960938,-157.21485900878906
-157.95591735839844,-157.7989501953125
-159.42636108398438,-158.3797149658203
-160.89871215820312,-158.95741271972656
-162.37290954589844,-159.5318603515625
-163.8489990234375,-160.10299682617188
-165.32705688476562,-160.670654296875
-166.8069610595703,-161.23443603515625
-168.2889862060547,-161.79420471191406
-169.77301025390625,-162.3499298095703
-171.25892639160156,-162.90208435058594
-172.74647521972656,-163.4497528076172
-174.23617553710938,-163.9932861328125
-175.7279510498047,-164.53306579589844
-177.22116088867188,-165.06857299804688
-178.71646118164062,-165.60061645507812
-180.21337890625,-166.12855529785156
-181.71202087402344,-166.6525421142578
-183.21231079101562,-167.1731719970703
-184.71408081054688,-167.6905975341797
-186.217529296875,-168.2047119140625
-187.72259521484375,-168.71534729003906
-189.22914123535156,-169.22283935546875
-190.73719787597656,-169.72633361816406
-192.24688720703125,-170.22605895996094
-193.75807189941406,-170.72227478027344
-195.27059936523438,-171.21517944335938
-196.78465270996094,-171.70513916015625
-198.3001251220703,-172.1915283203125
-199.81703186035156,-172.6742706298828
-201.3354949951172,-173.15309143066406
-202.85536193847656,-173.6283416748047
-204.37667846679688,-174.10003662109375
-205.8994140625,-174.5683135986328
-207.42349243164062,-175.03298950195312
-208.94900512695312,-175.4941864013672
-210.47579956054688,-175.9514923095703
-212.0039825439453,-176.4054718017578
-213.5333709716797,-176.85586547851562
-215.06407165527344,-177.30279541015625
-216.5961151123047,-177.7459259033203
-218.12933349609375,-178.18563842773438
-219.66378784179688,-178.621826171875
-221.19947814941406,-179.0543670654297
-222.7364044189453,-179.48348999023438
-224.2744903564453,-179.90924072265625
-225.8138427734375,-180.3312225341797
-227.35438537597656,-180.74949645996094
-228.89610290527344,-181.16407775878906
-230.4390411376953,-181.5748291015625
-231.98313903808594,-181.98194885253906
-233.52838134765625,-182.38571166992188
-235.0747833251953,-182.7860565185547
-236.62222290039062,-183.18284606933594
-238.17074584960938,-183.5757293701172
-239.7204132080078,-183.9647979736328
-241.27047729492188,-184.3502960205078
-242.8206787109375,-184.73226928710938
-244.37057495117188,-185.1107177734375
-245.91978454589844,-185.48570251464844
-247.46783447265625,-185.8572540283203
-249.0143585205078,-186.22531127929688
-250.5587158203125,-186.5895538330078
-252.10015869140625,-186.95008850097656
-253.63766479492188,-187.30667114257812
-255.17037963867188,-187.658935546875
-256.6974182128906,-188.00697326660156
-258.218994140625,-188.3509063720703
-259.7349853515625,-188.69058227539062
-261.245361328125,-189.0257110595703
-262.74993896484375,-189.3561248779297
-264.2491149902344,-189.68202209472656
-265.74298095703125,-190.0038604736328
-267.23114013671875,-190.32151794433594
-268.7138366699219,-190.63482666015625
-270.1912536621094,-190.94393920898438
-271.6630554199219,-191.24905395507812
-273.2625427246094,-191.57723999023438
-274.8552551269531,-191.90115356445312
-276.44146728515625,-192.2212371826172
-278.0212707519531,-192.5382080078125
-279.5943908691406,-192.85264587402344
-281.1606140136719,-193.1646270751953
-282.7200622558594,-193.4742431640625
-284.2728576660156,-193.7816162109375
-285.8190612792969,-194.08657836914062
-287.35845947265625,-194.38912963867188
-288.89129638671875,-194.6891632080078
-290.41827392578125,-194.98683166503906
-291.9394226074219,-195.28262329101562
-293.45404052734375,-195.57595825195312
-294.96148681640625,-195.86602783203125
-296.46258544921875,-196.1529541015625
-297.9573059082031,-196.43714904785156
-299.445556640625,-196.7189178466797
-300.92767333984375,-196.9988555908203
-302.40380859375,-197.2767791748047
-303.9960632324219,-197.57473754882812
-305.58135986328125,-197.86895751953125
-307.15948486328125,-198.15939331054688
-308.73089599609375,-198.44598388671875
-310.29534912109375,-198.72799682617188
-311.85308837890625,-199.00576782226562
-313.4041442871094,-199.2797393798828
-314.9484558105469,-199.5497589111328
-316.48590087890625,-199.8159942626953
-318.01678466796875,-200.0789794921875
-319.5408935546875,-200.3388214111328
-321.0582275390625,-200.59576416015625
-322.5688171386719,-200.8500213623047
-324.0727233886719,-201.10125732421875
-325.570068359375,-201.3498077392578
-327.0608215332031,-201.59555053710938
-328.545166015625,-201.83798217773438
-330.1365051269531,-202.0948028564453
-331.720458984375,-202.34701538085938
-333.29736328125,-202.5946044921875
-334.8669128417969,-202.8372802734375
-336.429443359375,-203.07553100585938
-337.9849548339844,-203.30921936035156
-339.5334777832031,-203.53900146484375
-341.0745849609375,-203.7651824951172
-342.6082763671875,-203.98809814453125
-344.1344909667969,-204.20791625976562
-345.6534118652344,-204.42459106445312
-347.1650695800781,-204.6385498046875
-348.6694030761719,-204.85040283203125
-350.16632080078125,-205.06021118164062
-351.6559143066406,-205.26780700683594
-353.24407958984375,-205.4873809814453
-354.8239440917969,-205.70477294921875
-356.3950500488281,-205.91973876953125
-357.95599365234375,-206.1320343017578
-359.5049743652344,-206.3415069580078
-361.0400085449219,-206.54763793945312
-362.5606384277344,-206.75054931640625
-364.0657653808594,-206.94952392578125
-365.553466796875,-207.14483642578125
-367.1175842285156,-207.34840393066406
-368.6544189453125,-207.5467071533203
-370.16058349609375,-207.73976135253906
-371.7257080078125,-207.93893432617188
-373.252197265625,-208.1318359375
-374.8244934082031,-208.3286895751953
-376.34942626953125,-208.51785278320312
-377.90985107421875,-208.7097625732422
-379.4192810058594,-208.89358520507812
-380.9608154296875,-209.08030700683594
-382.4678649902344,-209.26133728027344
-383.96197509765625,-209.4392547607422
-385.51165771484375,-209.6227569580078
-387.0289001464844,-209.8016357421875
-388.5198059082031,-209.97674560546875
-390.05950927734375,-210.15667724609375
-391.5801696777344,-210.33316040039062
-393.0946350097656,-210.50784301757812
-394.6392517089844,-210.68528747558594
-396.1498107910156,-210.8584747314453
-397.6966247558594,-211.03591918945312
-399.21826171875,-211.21038818359375
-400.72113037109375,-211.38319396972656
-402.2242736816406,-211.55642700195312
-403.73095703125,-211.73019409179688
-405.2222595214844,-211.90213012695312
-406.7608642578125,-212.07838439941406
-408.28460693359375,-212.253173828125
-409.7933654785156,-212.42559814453125
-411.2877197265625,-212.5952606201172
-412.8270263671875,-212.76702880859375
-414.35205078125,-212.92697143554688
-415.8636474609375,-213.06723022460938
-417.3623962402344,-213.18240356445312
-418.9048156738281,-213.27450561523438
-420.4328918457031,-213.33773803710938
-421.9464416503906,-213.36648559570312
-423.4999084472656,-213.3489227294922
-425.0352478027344,-213.27525329589844
-426.5503845214844,-213.14247131347656
-428.0436096191406,-212.95167541503906
-429.56573486328125,-212.69760131835938
-431.0601806640625,-212.38363647460938
-432.52569580078125,-212.0136260986328
-434.0088195800781,-211.5716552734375
-435.4556579589844,-211.06838989257812
-436.8638610839844,-210.50469970703125
-438.22882080078125,-209.87953186035156
-439.5916442871094,-209.17164611816406
-440.8998107910156,-208.39927673339844
-442.14898681640625,-207.56588745117188
-443.3675537109375,-206.6393585205078
-444.51153564453125,-205.65342712402344
-445.61578369140625,-204.58663940429688
-446.64288330078125,-203.4767608642578
-447.61871337890625,-202.292724609375
-448.5090026855469,-201.0728302001953
-449.3370361328125,-199.78561401367188
-450.07537841796875,-198.47158813476562
-450.74169921875,-197.0976104736328
-451.3147277832031,-195.70672607421875
-451.8083190917969,-194.26516723632812
-452.2091979980469,-192.81809997558594
-452.5246276855469,-191.3312225341797
-452.7519836425781,-189.81082153320312
-452.8843078613281,-188.3015594482422
-452.93194580078125,-186.77040100097656
-452.9083251953125,-185.2599334716797
-452.83233642578125,-183.73458862304688
-452.7256774902344,-182.23220825195312
-452.62158203125,-180.7123565673828
-452.5531311035156,-179.2089385986328
-452.5540771484375,-177.6864013671875
-452.6391296386719,-176.17103576660156
-452.81976318359375,-174.65228271484375
-453.0855712890625,-173.15817260742188
-453.4348449707031,-171.69134521484375
-453.87896728515625,-170.2210693359375
-454.41015625,-168.7881317138672
-455.02471923828125,-167.39952087402344
-455.7234191894531,-166.06703186035156
-456.5190124511719,-164.7609405517578
-457.3901062011719,-163.5237579345703
-458.3600158691406,-162.33377075195312
-459.3944091796875,-161.24180603027344
-460.5107421875,-160.22767639160156
-461.70440673828125,-159.30136108398438
-462.9642333984375,-158.46261596679688
-464.2820129394531,-157.7130889892578
-465.6528015136719,-157.05728149414062
-467.0709533691406,-156.49266052246094
-468.531982421875,-156.0188751220703
-469.98980712890625,-155.6472625732422
-471.48095703125,-155.35986328125
-473.0009765625,-155.1617889404297
-474.50262451171875,-155.04306030273438
-476.0261535644531,-154.9912109375
-477.57135009765625,-155.01463317871094
-479.0902404785156,-155.10687255859375
-480.62799072265625,-155.26637268066406
-482.13775634765625,-155.47911071777344
-483.6196594238281,-155.73818969726562
-485.1236267089844,-156.04403686523438
-486.6031494140625,-156.38650512695312
-488.0586853027344,-156.76002502441406
-489.5406494140625,-157.17507934570312
-490.9975891113281,-157.61581420898438
-492.4281005859375,-158.08059692382812
-493.8852844238281,-158.5839385986328
-495.3148193359375,-159.10586547851562
-496.7714538574219,-159.66624450683594
-498.1977233886719,-160.24517822265625
-499.59185791015625,-160.83848571777344
-501.0105895996094,-161.47088623046875
-502.3956298828125,-162.1129913330078
-503.80548095703125,-162.78970336914062
-505.1761474609375,-163.47071838378906
-506.56756591796875,-164.18582153320312
-507.9151916503906,-164.89987182617188
-509.2803039550781,-165.6457061767578
-510.5982360839844,-166.38345336914062
-511.9320373535156,-167.1488037109375
-513.2821655273438,-167.94024658203125
-514.5783081054688,-168.7155303955078
-515.8876342773438,-169.51431274414062
-517.208740234375,-170.33721923828125
-518.54248046875,-171.1820526123047
-519.8170776367188,-172.001953125
-521.1029663085938,-172.83998107910156
-522.4006958007812,-173.69447326660156
-523.7111206054688,-174.5626220703125
-524.9595336914062,-175.39791870117188
-526.2175903320312,-176.24771118164062
-527.4864501953125,-177.11038208007812
-528.7666625976562,-177.98529052734375
-530.05810546875,-178.87246704101562
-531.3605346679688,-179.77182006835938
-532.5962524414062,-180.62930297851562
-533.8414306640625,-181.4975128173828
-535.0961303710938,-182.37637329101562
-536.3604736328125,-183.26541137695312
-537.6348876953125,-184.16448974609375
-538.919189453125,-185.0723876953125
-540.2145385742188,-185.9888153076172
-541.5206909179688,-186.91314697265625
-542.7550659179688,-187.786865234375
-543.9987182617188,-188.6676025390625
-545.2518310546875,-189.5550994873047
-546.5144653320312,-190.44961547851562
-547.7860717773438,-191.35008239746094
-549.0682983398438,-192.25631713867188
-550.3606567382812,-193.16757202148438
-551.663330078125,-194.0840606689453
-552.9762573242188,-195.00537109375
-554.2117309570312,-195.8682861328125
-555.4564819335938,-196.73387145996094
-556.7102661132812,-197.6022186279297
-557.9729614257812,-198.4720916748047
-559.2443237304688,-199.34339904785156
-560.5238647460938,-200.21592712402344
-561.8118286132812,-201.09014892578125
-563.101318359375,-201.96145629882812
-564.3896484375,-202.82894897460938
-565.680908203125,-203.6959686279297
-566.9766235351562,-204.56533813476562
-568.2767333984375,-205.43746948242188
-569.5813598632812,-206.3131103515625
-570.8905029296875,-207.1922607421875
-572.2045288085938,-208.0749969482422
-573.5233154296875,-208.96160888671875
-574.8464965820312,-209.8528594970703
-576.1743774414062,-210.74868774414062
-577.5070190429688,-211.6486358642578
-578.84423828125,-212.55307006835938
-580.090087890625,-213.39703369140625
-581.3397216796875,-214.24476623535156
-582.59326171875,-215.0963592529297
-583.8511352539062,-215.9513702392578
-585.1132202148438,-216.80911254882812
-586.3799438476562,-217.66989135742188
-587.6512451171875,-218.5333709716797
-588.9270629882812,-219.39927673339844
-590.2074584960938,-220.267822265625
-591.4574584960938,-221.11416625976562
-592.693603515625,-221.95046997070312
-593.9271850585938,-222.78309631347656
-595.16015625,-223.61407470703125
-596.3927612304688,-224.44383239746094
-597.6292114257812,-225.27410888671875
-598.8675537109375,-226.1042022705078
-600.1073608398438,-226.93389892578125
-601.347900390625,-227.76266479492188
-602.5864868164062,-228.58938598632812
-603.8259887695312,-229.41482543945312
-605.0635375976562,-230.23812866210938
-606.2970581054688,-231.05831909179688
-607.5303344726562,-231.87713623046875
-608.7615966796875,-232.69435119628906
-609.9909057617188,-233.51071166992188
-611.22265625,-234.3291015625
-612.4631958007812,-235.15362548828125
-613.7164916992188,-235.98777770996094
-614.9871215820312,-236.83544921875
-616.282958984375,-237.7016143798828
-617.6087646484375,-238.58934020996094
-618.9627685546875,-239.4977264404297
-620.3377075195312,-240.42250061035156
