left_border_x,left_border_y,right_border_x,right_border_y,pos_x,pos_y
-616.2433925439132,-249.50090380252692,-624.6631880548426,-236.9982256189406,-621.72705078125,-241.35813903808594
-617.6598301753378,-250.3908809940663,-626.0869005471733,-237.89147868736376,-623.1176147460938,-242.295654296875
-619.0682907127792,-251.27226703910782,-627.4996155427565,-238.77549599255408,-624.496826171875,-243.22618103027344
-620.4543915045568,-252.14399823166485,-628.8882182448443,-239.64631817542949,-625.854248046875,-244.1422119140625
-621.8150381982981,-252.99637148932192,-630.2476247349686,-240.4968692595244,-627.1834106445312,-245.03890991210938
-623.1455027515862,-253.83290595434835,-631.5736576749974,-241.32836452053755,-628.4825439453125,-245.91453552246094
-624.4489643695246,-254.6490795598503,-632.8703253289768,-242.13976388685688,-629.7532348632812,-246.7699737548828
-625.7283725587871,-255.45341099680175,-634.140212413914,-242.93625518951492,-631.0005493164062,-247.6082000732422
-626.9912716491652,-256.24367018086787,-635.391369957698,-243.719146764167,-632.22998046875,-248.43276977539062
-628.2382736221047,-257.0291034237209,-636.6278190482386,-244.49468843892726,-633.4468383789062,-249.2472381591797
-629.4766984935098,-257.8057339726328,-637.8567419719668,-245.2636940675667,-634.655517578125,-250.05482482910156
-630.7097929063654,-258.58269740912243,-639.0787601409412,-246.02996216621517,-635.8599853515625,-250.85784912109375
-631.9396415208996,-259.3544858393092,-640.2997745672002,-246.79436221588705,-637.0623779296875,-251.65817260742188
-633.165531183956,-260.1265326296994,-641.5195612218818,-247.56006480047478,-638.2640991210938,-252.45706176757812
-634.3923474754587,-260.8957331126606,-642.740879352235,-248.32442700830381,-639.4662475585938,-253.25540161132812
-635.6176713161004,-261.6676959037395,-643.9628171534312,-249.0906514664355,-640.6696166992188,-254.05386352539062
-636.8450352847204,-262.4378013366435,-645.1872524482764,-249.85732940125783,-641.8746337890625,-254.85292053222656
-638.0710228173859,-263.21013854973177,-646.4135256448443,-250.62701195515749,-643.0813598632812,-255.65296936035156
-639.3002185931616,-263.9817598301815,-647.6427162854019,-251.39660058376643,-644.2901000976562,-256.4542236328125
-640.5310513957544,-264.7569045461851,-648.8733599379945,-252.16842724781532,-645.5012817382812,-257.2568664550781
-641.7637994773447,-265.53018549472165,-650.1080479756143,-252.9417840418209,-646.7146606445312,-258.0611572265625
-642.9983178044874,-266.30764197314113,-651.3438197690499,-253.71781281383306,-647.9304809570312,-258.8670959472656
-644.2352687991327,-267.0866913609604,-652.5834357133936,-254.49394507747698,-649.1488647460938,-259.6748046875
-645.4759965383911,-267.86497972875407,-653.825910934287,-255.27180038312298,-650.3697509765625,-260.48431396484375
-646.7185568631219,-268.6467664262605,-655.0700443016615,-256.0526253600629,-651.59326171875,-261.295654296875
-651.8843745241521,-271.890888906707,-660.2399132715093,-259.2930583747834,-656.6758422851562,-264.66668701171875
-653.2260741958429,-272.73219284142544,-661.5821001150724,-260.13315941148284,-657.9950561523438,-265.5416259765625
-654.5706633575526,-273.5785987951391,-662.9254849599474,-260.9756909877529,-659.3174438476562,-266.41827392578125
-655.9195323252236,-274.42521905624096,-664.2723822296857,-261.81918075144904,-660.6430053710938,-267.2966003417969
-657.2694354728991,-275.27370880919256,-665.6225716223859,-262.6666875444053,-661.9716186523438,-268.1769104003906
-658.6247937223839,-276.1230927290437,-666.9760061768662,-263.513781878488,-663.3034057617188,-269.0589599609375
-659.981892498368,-276.97507744279744,-668.3320635580315,-264.3644855876739,-664.6383056640625,-269.94287109375
-661.3439738861281,-277.8277328972447,-669.6915304341541,-265.21565438603153,-665.9765014648438,-270.8285827636719
-662.7087094366317,-278.6833602925542,-671.0524897205462,-266.0699683660917,-667.3177490234375,-271.7158203125
-664.0773439996464,-279.5377423347647,-672.4180749223422,-266.92441286209214,-668.6619262695312,-272.60467529296875
-665.4473650487763,-280.39721387519955,-673.786154822856,-267.7823340689798,-670.0095825195312,-273.4955139160156
-666.8222969065588,-281.25630445178933,-675.1574673701379,-268.64081887513817,-671.3602905273438,-274.387939453125
-668.1977839321082,-282.11950309634005,-676.5311812186535,-269.50293472074446,-672.7139892578125,-275.2820739746094
-669.5780420645277,-282.98267330628664,-677.9090089614563,-270.36534449025044,-674.0709838867188,-276.1780700683594
-670.9600227272614,-283.8494794492947,-679.2882792587031,-271.23078880294054,-675.4307861328125,-277.0755310058594
-672.3451132878718,-284.7182343334055,-680.6713548832563,-272.09646488736246,-676.793701171875,-277.974609375
-673.7341368516674,-285.5861324093959,-682.0576140427187,-272.9661759665834,-678.1599731445312,-278.875732421875
-675.1242940627692,-286.4578673795504,-683.4481406681597,-273.8363627056023,-679.5291748046875,-279.7787170410156
-676.5194137154772,-287.3293407364108,-684.8396546982198,-274.7096115065556,-680.9011840820312,-280.68328857421875
-677.915715319243,-288.20542572666994,-686.235768107983,-275.5824769502181,-682.2763061523438,-281.58966064453125
-679.3163344995886,-289.08087737362365,-687.6340653935367,-276.4583657374118,-683.6543579101562,-282.49774169921875
-680.7183879096423,-289.9604745133314,-689.0356610841632,-277.33516017656234,-685.0353393554688,-283.4075012207031
-682.1254769370826,-290.8400536423714,-690.4391482762362,-278.2147856431304,-686.4195556640625,-284.3190002441406
-683.5331547039319,-291.7228789542919,-691.8464427361399,-279.0956835026969,-687.8064575195312,-285.2320861816406
-684.9444614556363,-292.60455292076887,-693.2559960332226,-279.98075656557836,-689.1961059570312,-286.14703369140625
-686.3579604802587,-293.4911818422438,-694.6695624733463,-280.86469586392894,-690.5888671875,-287.0638427734375
-687.7757221133922,-294.3763918898461,-696.0849616442897,-281.75226700066065,-691.9843139648438,-287.9823303222656
-689.1930125859599,-295.2671937382666,-697.5053889589245,-282.6400318044655,-693.3826293945312,-288.90283203125
-690.6145552555759,-296.15733004820964,-698.9273003869273,-283.53115532418224,-694.7835083007812,-289.82513427734375
-692.0369505204214,-297.0515207124838,-700.3533797208966,-284.42212646252676,-696.1869506835938,-290.7492980957031
-693.4644118923801,-297.9456505707946,-701.7821857447956,-285.314693031746,-697.5934448242188,-291.6755065917969
-694.89171695022,-298.8430566045122,-703.2136108131588,-286.2115079582381,-699.0023193359375,-292.60369873046875
-696.1653879871175,-299.63962320382797,-704.48886666438,-287.0079938183851,-700.2568969726562,-293.4303894042969
-697.4398230283867,-300.44203338378503,-705.7641231072348,-287.80694052832206,-701.5137329101562,-294.2584228515625
-698.7149530909693,-301.2450133828293,-707.0440530164112,-288.6065961702312,-702.7725830078125,-295.0880432128906
-699.991539445951,-302.04596693289784,-708.322406026766,-289.4077855334288,-704.0311889648438,-295.9176940917969
-701.2650881272432,-302.8469137350373,-709.6003250444141,-290.2060638473193,-705.2877807617188,-296.74627685546875
-702.5400072076313,-303.6451593019603,-710.8771889878735,-290.9988446886397,-706.542724609375,-297.5736083984375
-703.8116270752292,-304.44523028048803,-712.14640856387,-291.7989514368914,-707.7960815429688,-298.399658203125
-705.2411048554105,-305.34189436662473,-713.5690998900782,-292.7064667173918,-709.2047729492188,-299.328125
-706.5110602160884,-306.1407065283413,-714.8459713554489,-293.49665249025,-710.45751953125,-300.1539306640625
-707.7837222397872,-306.93884091185316,-716.1149810738376,-294.3009403614895,-711.7115478515625,-300.9806213378906
-709.0566377972076,-307.7399924916056,-717.4168793320507,-295.05765684321875,-712.9669189453125,-301.80816650390625
-710.3319247295465,-308.5408366028591,-718.7203434391665,-295.81594555401557,-714.2239379882812,-302.6368103027344
-711.6082580261204,-309.34387234471416,-720.0230994252581,-296.57829855735184,-715.4825439453125,-303.4664611816406
-712.886985152955,-310.14614188726136,-721.3301565751221,-297.3387217047088,-716.7427978515625,-304.2972717285156
-714.1672131918234,-310.9488530301203,-722.6155068987163,-298.1358606815249,-718.0044555664062,-305.129150390625
-715.448305320989,-311.75532507425004,-723.90273131733,-298.93212849637496,-719.267822265625,-305.96209716796875
-716.7330038419811,-312.56186522822827,-725.1852151078879,-299.73899340832145,-720.5333862304688,-306.7962951660156
-718.0183139255945,-313.37066321264035,-726.4657115028153,-300.55151585304924,-721.8004150390625,-307.6312255859375
-719.3068188658905,-314.1792536991708,-727.7537157881889,-301.3559563270601,-723.0694580078125,-308.4671630859375
-720.5972601029715,-314.9895083600356,-729.0437423495317,-302.1614981346195,-724.3406982421875,-309.30419921875
-721.8887584898897,-315.801621175359,-730.3347102211808,-302.9698277988339,-725.6138305664062,-310.1421813964844
-723.1837744599103,-316.61395609659104,-731.6270247783294,-303.777659658488,-726.8889770507812,-310.9809265136719
-724.479736195494,-317.428501269348,-732.9211846628148,-304.5877807050154,-728.1663208007812,-311.8206481933594
-725.7778958453385,-318.2417013502519,-734.2179662522805,-305.4010324480629,-729.4456787109375,-312.66156005859375
-727.075827284646,-319.05706492839386,-735.5157882185952,-306.21642678219274,-730.7262573242188,-313.5032653808594
-728.3762361023522,-319.87161298815033,-736.8159854129962,-307.03324550807514,-732.008544921875,-314.3462219238281
-729.6780584942048,-320.68887312328997,-738.1178258253628,-307.8529616294648,-733.2930908203125,-315.1908264160156
-730.9832485653345,-321.5063110084428,-739.4215925528623,-308.6718924560047,-734.5794677734375,-316.0365905761719
-732.2907676269717,-322.3268169643459,-740.7241984247745,-309.49211915994596,-735.8677368164062,-316.8830871582031
-733.6001710950934,-323.14617562841073,-742.0306680238627,-310.31265745444216,-737.1577758789062,-317.73052978515625
-734.9088373319282,-323.96744058361236,-743.3397318683174,-311.1369353749492,-738.4494018554688,-318.5792541503906
-736.2207418965623,-324.7883913855747,-744.6512966760021,-311.9609705867604,-739.7428588867188,-319.4293518066406
-737.5334941463063,-325.6126620915759,-745.9630783781433,-312.7872675694865,-741.0380249023438,-320.2806091308594
-738.8503568272494,-326.4372458177764,-747.2761622904864,-313.61160260574957,-742.3351440429688,-321.13275146484375
-740.1673827333509,-327.26427456425364,-748.5908389324541,-314.439120342734,-743.6341552734375,-321.9859313964844
-741.4861582516857,-328.0896950942079,-749.9094431883992,-315.2673094296686,-744.9346313476562,-322.8402404785156
-742.805895045657,-328.9186350352316,-751.2274053079345,-316.09750544199954,-746.2366943359375,-323.69549560546875
-744.129786040091,-329.7474007128245,-752.5479504380726,-316.92637795418244,-747.5410766601562,-324.55194091796875
-745.4543908227763,-330.57686203292764,-753.8701879413807,-317.75878055069427,-748.8471069335938,-325.409423828125
-746.7787109459352,-331.40790392883576,-755.1966804864628,-318.59143386752294,-750.154541015625,-326.2681579589844
-748.1058053613616,-332.2383170855721,-756.5236006832909,-319.4268752858649,-751.4634399414062,-327.128173828125
-749.4335748062298,-333.07139236908813,-757.8541033819447,-320.2620961104617,-752.7741088867188,-327.9897766113281
-750.7651753508047,-333.9042253175572,-759.1838443482085,-321.09934401356895,-754.08642578125,-328.8525695800781
-752.0972263073703,-334.73968785074885,-760.516632616853,-321.9352422498998,-755.4002075195312,-329.7164306640625
-753.4322614065321,-335.5738705869213,-761.8504327425593,-322.77423542278433,-756.7156372070312,-330.5815734863281
-754.7671497436327,-336.411358783479,-763.1878610644371,-323.6130400349482,-758.03271484375,-331.4481506347656
-756.1047544924664,-337.2477607023729,-764.5255989900794,-324.45480521296236,-759.35107421875,-332.3159484863281
-757.4436860701231,-338.08768740773,-765.8650560214123,-325.29458742272436,-760.6710815429688,-333.18487548828125
-758.7835972822809,-338.92842430401817,-767.2061193763828,-326.13765114031503,-761.9926147460938,-334.0550842285156
-760.1270970669112,-339.7683828509178,-768.548888340694,-326.98026118499814,-763.3157958984375,-334.9264831542969
-761.470934737925,-340.61162865764555,-769.8917722871909,-327.8257399548253,-764.6405639648438,-335.7989807128906
-762.8178143650496,-341.453728574225,-771.2377420430457,-328.6696991972787,-765.9668579101562,-336.6725158691406
-764.1649665946586,-342.2994343048702,-772.583933297251,-329.51647006795434,-767.2948608398438,-337.5471496582031
-765.5143789681385,-343.1436259741188,-773.934178594684,-330.36313291032684,-768.6243286132812,-338.4230041503906
-766.8639311692862,-343.9900570643166,-775.2853084244504,-331.2134012057353,-769.9551391601562,-339.3001708984375
-768.2169867897786,-344.83556402429,-776.6388392015582,-332.0618993997321,-771.2874145507812,-340.1785583496094
-769.5708470770581,-345.68483588620165,-777.9919764757102,-332.9130477124281,-772.6214599609375,-341.05816650390625
-770.9272042197189,-346.5326277129269,-779.3486932068513,-333.7633870913206,-773.9568481445312,-341.9388732910156
-772.2837712768707,-347.383901412304,-780.705515146512,-334.6164945727965,-775.2937622070312,-342.82073974609375
-773.638055758309,-348.24144147494246,-782.0656441526913,-335.46929700662963,-776.6321411132812,-343.703857421875
-774.9165530322874,-349.2175050652638,-783.4252584021333,-336.32538485311636,-777.971923828125,-344.5881042480469
-776.3636746923196,-349.9410528576616,-784.7887436847002,-337.1791584022929,-779.3130493164062,-345.4734802246094
-777.7278371594058,-350.79453651499347,-786.1521790113585,-338.0353560398742,-780.65576171875,-346.3600158691406
-779.0920069654609,-351.6512385685712,-787.5182535620236,-338.89106330926427,-781.9999389648438,-347.2476501464844
-780.458870988057,-352.50730798969965,-788.8841599375245,-339.7500300480829,-783.3455810546875,-348.1363525390625
-781.8262737321996,-353.36561950599565,-790.2535554245316,-340.60764336006946,-784.6926879882812,-349.02618408203125
-783.1944479452451,-354.2245585626729,-791.6245985752574,-341.46890720016927,-786.0410766601562,-349.9173278808594
-784.5657432031586,-355.08252158987113,-792.9979135350729,-342.3297469692326,-787.390869140625,-350.809814453125
-785.937406576709,-355.94337392651755,-794.3709065167311,-343.1942095756268,-788.7420043945312,-351.7035827636719
-787.3121964653228,-356.8032404725253,-795.7468746312948,-344.0558681844506,-790.0944213867188,-352.59844970703125
-788.686967973084,-357.66658642929195,-797.1245404879064,-344.918418086562,-791.4483032226562,-353.4945373535156
-790.0639016044044,-358.52845580602474,-798.5035650998948,-345.7851608572435,-792.8034057617188,-354.3919982910156
-791.4414555965066,-359.3931977025749,-799.8846086781828,-346.6504818793605,-794.1597290039062,-355.2906799316406
-792.8219501932643,-360.25682788973575,-801.2656421809304,-347.51928188765754,-795.5173950195312,-356.190673828125
-794.2030578833042,-361.12381751901574,-802.6491899319193,-348.3853982338279,-796.87646484375,-357.091796875
-795.5866405215571,-361.9895861528803,-804.0332761106507,-349.25521242475656,-798.23681640625,-357.9941101074219
-796.970036652091,-362.8580022996539,-805.4194321172295,-350.12698247348743,-799.598388671875,-358.89776611328125
-798.3562245035079,-363.72544120062406,-806.8088003867819,-350.9971246049915,-800.961181640625,-359.8027648925781
-799.74223189198,-364.5959486337574,-808.1985921526673,-351.8701202018552,-802.3250732421875,-360.7090759277344
-801.1312677524326,-365.46590544084074,-809.5902765640111,-352.74169480238095,-803.6902465820312,-361.61663818359375
-802.520204891542,-366.33795149327176,-810.9831029668678,-353.6173220881236,-805.0565185546875,-362.5256042480469
-803.9126142749526,-367.20951150593464,-812.3777812569804,-354.4900481988905,-806.4241333007812,-363.435791015625
-805.3060303711213,-368.08163088402887,-813.7731964116945,-355.3661385659327,-807.7927856445312,-364.34716796875
-806.6995210607503,-368.9566423415772,-815.1714463127672,-356.2418146739006,-809.1626586914062,-365.2599182128906
-808.0958252652856,-369.83096305527533,-816.5692647924157,-357.12037939947436,-810.5337524414062,-366.1739501953125
-809.4920885479141,-370.7079059428209,-817.9705048831485,-357.9979135410914,-811.9059448242188,-367.08929443359375
-810.8914557569224,-371.58456538901623,-819.3705138532101,-358.87769472016146,-813.2794799804688,-368.0058288574219
-812.2910130337375,-372.4634981545924,-820.7740180436311,-359.7567611164303,-814.6542358398438,-368.9236145019531
-813.6933268932751,-373.34220437462744,-822.1757042156213,-360.637940216394,-816.0301513671875,-369.84228515625
-815.0961083010078,-374.2224453952956,-823.5787371262412,-361.51933707954686,-817.4070434570312,-370.76171875
-816.5010277938944,-375.10142961033216,-824.983104243573,-362.39745421105243,-818.7844848632812,-371.681396484375
-817.9029604163156,-375.9818646837195,-826.3868688657009,-363.27881275731477,-820.1610717773438,-372.60076904296875
-819.3030636669167,-376.85878686897325,-827.7902291745959,-364.1555549389478,-821.5347290039062,-373.5185241699219
-820.6980862710268,-377.73312444881805,-829.1885645629449,-365.0323723005156,-822.9037475585938,-374.4337158203125
-822.0873778908141,-378.60465125234094,-830.5811893272336,-365.90246606897415,-824.2669067382812,-375.3452453613281
-823.4692248543312,-379.4695725883092,-831.9635177871617,-366.7690454116769,-825.6216430664062,-376.2513122558594
-824.8391875156788,-380.32982021852825,-833.3327111830514,-367.62789777689215,-826.9655151367188,-377.1499328613281
-826.1973457049496,-381.1806256758155,-834.6927555407938,-368.47681187221855,-828.2972412109375,-378.0404968261719
-827.5417979051556,-382.02318519326735,-836.0393472378298,-369.32022353733043,-829.6159057617188,-378.922607421875
-828.8729090119539,-382.8589882400162,-837.3730691618672,-370.1565284000403,-830.922119140625,-379.79669189453125
-830.1930902694709,-383.6853718666676,-838.6916017545366,-370.97927870583055,-832.2154541015625,-380.6617431640625
-831.4981621007543,-384.50304867150976,-839.9948128576063,-371.79566297057767,-833.4946899414062,-381.51708984375
-832.7865338311095,-385.31253189635953,-841.2840492742262,-372.60047712064437,-834.7587890625,-382.3620910644531
-834.0595082191078,-386.1083557450143,-842.5562264418843,-373.39810102651666,-836.00634765625,-383.1960754394531
-835.4689303704824,-386.99498506637406,-843.9670101765182,-374.2823511315251,-837.3900756835938,-384.1210632324219
-836.8592760739673,-387.86612260134746,-845.3574444342767,-375.1504670558588,-838.7532958984375,-385.0321350097656
-838.2264197893331,-388.7261621272166,-846.7239211737395,-376.0078176462777,-840.0953979492188,-385.9288330078125
-839.5723373703595,-389.56932139796606,-848.0685488793641,-376.84751046017806,-841.4150390625,-386.8101501464844
-840.8925263223472,-390.4001527399158,-849.3881321562443,-377.6754646943769,-842.7114868164062,-387.67572021484375
-842.1922202464814,-391.2143326831556,-850.686560263425,-378.4860793502647,-843.986083984375,-388.5263366699219
-843.4686465786723,-392.017698821676,-851.9604401334477,-379.2855878545292,-845.2396240234375,-389.3623962402344
-844.863368630305,-392.89087491943246,-853.3517443959083,-380.1533376688613,-846.6073608398438,-390.27386474609375
-846.2283299122934,-393.7511792472696,-854.7146326048771,-381.0081021389715,-847.9490356445312,-391.1673583984375
-847.5708421312917,-394.5918811663489,-856.0496662418327,-381.845438371403,-849.2660522460938,-392.0434265136719
-848.8888884946626,-395.41622315879874,-857.3632608726004,-382.6643390983323,-850.5592041015625,-392.9028015136719
-850.1804136703196,-396.23039237327146,-858.6503432122804,-383.4717085674908,-851.82958984375,-393.74615478515625
-851.5758381262267,-397.10449705879415,-860.0412980501955,-384.33922926047006,-853.2001953125,-394.65509033203125
-852.9408983838205,-397.9665771722473,-861.4018246854187,-385.19342002906694,-854.5445556640625,-395.54559326171875
-854.2809731305755,-398.80681398467806,-862.737585033592,-386.0267233529342,-855.862060546875,-396.4173889160156
-855.591447619108,-399.6355163646214,-864.0409508400121,-386.8459847218082,-857.1537475585938,-397.270751953125
-856.8795592439159,-400.44373450405476,-865.3217497299471,-387.64484115913996,-858.4210815429688,-398.106689453125
-858.2512209461797,-401.311574426231,-866.6868428328404,-388.5030813869864,-859.7747802734375,-398.99822998046875
-859.6018220310439,-402.1590168823446,-868.0282474489719,-389.3467121260001,-861.1051635742188,-399.8731994628906
-860.9323124881133,-402.99385744919937,-869.3526028631128,-390.17211947901694,-862.416259765625,-400.7342224121094
-862.2326384935111,-403.81539782475596,-870.6502989971997,-390.9879933454281,-863.7012329101562,-401.57745361328125
-863.5119581850871,-404.61801737943114,-871.926718859054,-391.7838777871338,-864.9630737304688,-402.40478515625
-864.8714506910652,-405.4771741896109,-873.2837993230789,-392.63756512408287,-866.307373046875,-403.2855529785156
-866.2112893794447,-406.3167304743713,-874.6200160179395,-393.4703531519538,-867.6290893554688,-404.15069580078125
-867.5255113760927,-407.1495499155826,-875.9324201151683,-394.29621605095605,-868.9302978515625,-405.00177001953125
-868.8211197562524,-407.9639493025216,-877.2275588735847,-395.10271374736897,-870.2103881835938,-405.8384704589844
-870.096056108483,-408.7724085519264,-878.5002218597696,-395.9040544226535,-871.4734497070312,-406.6633605957031
-871.4619063171305,-409.6303378205698,-879.8631429053776,-396.7516839026302,-872.8230590820312,-407.54376220703125
-872.7999955083618,-410.4702724946567,-881.1950905268468,-397.589312371407,-874.1455688476562,-408.40570068359375
-874.1088716110836,-411.2994153016838,-882.5048069530468,-398.4036857237685,-875.4429321289062,-409.2503662109375
-875.3913964050244,-412.11398699911064,-883.7888401511659,-399.21192554693573,-876.7159423828125,-410.07891845703125
-876.743233124569,-412.9611585834634,-885.1383262616199,-400.05116389800736,-878.0523681640625,-410.9479675292969
-878.0619849568271,-413.7986226629055,-886.4555510747139,-400.8804868567451,-879.3615112304688,-411.798583984375
-879.3576376679022,-414.61023626211016,-887.748211581344,-401.6837094089283,-880.642822265625,-412.6302795410156
-880.703019120035,-415.46425847327004,-889.0960424784554,-402.5314248305881,-881.9793090820312,-413.49761962890625
-882.0269965365633,-416.2932172890943,-890.4176914222131,-403.3535175728773,-883.2890625,-414.346923828125
-883.3275787025851,-417.11975624076103,-891.7179614493283,-404.172725324478,-884.5816650390625,-415.1846008300781
-884.6229512851459,-417.9322577583469,-893.0075952986455,-404.97540495431434,-885.864013671875,-416.0144348144531
-885.9055062194857,-418.74797771186,-894.2933950235628,-405.7862576758765,-887.1400756835938,-416.8402099609375
-887.2500013261371,-419.5921517991543,-895.6350576981889,-406.6318363575056,-888.47265625,-417.7023620605469
-888.5722072545452,-420.4235865118869,-896.9579278158404,-407.45607075243834,-889.78369140625,-418.5501708984375
-889.8687177537967,-421.24654488441195,-898.2528412702496,-408.27214676073515,-891.0728149414062,-419.3832092285156
-891.1480176863478,-422.0507066449116,-899.5301543348146,-409.0679047343796,-892.3414306640625,-420.2022705078125
-892.4751542908648,-422.8939469145934,-900.8529783350331,-409.90154807968946,-893.6618041992188,-421.0536804199219
-893.7822103236045,-423.7151912913921,-902.1619354199107,-410.7166935908192,-894.9589233398438,-421.889892578125
-895.0631495216065,-424.52983330114665,-903.4304001920525,-411.51611794075967,-896.2335815429688,-422.7094421386719
-896.3940453243719,-425.36552968834445,-904.7607279159693,-412.3449437993725,-897.5551147460938,-423.5586242675781
-897.6937594120786,-426.1931967442584,-906.0576565368549,-413.1631189737766,-898.8509521484375,-424.3904113769531
-898.9735000921305,-426.9967020218631,-907.3318963884392,-413.9687616707625,-900.122314453125,-425.2060852050781
-900.2930421354757,-427.8259976508364,-908.6476058252491,-414.79165276059354,-901.43359375,-426.04656982421875
-901.5820323991417,-428.6453236701927,-909.938152090897,-415.6091705607919,-902.719482421875,-426.8708190917969
-902.8536807856113,-429.44492857501683,-911.2155088535792,-416.40688162023724,-903.9843139648438,-427.6820068359375
-904.1639628670895,-430.27781494646547,-912.5466204136525,-417.24899932317174,-905.2925415039062,-428.5237121582031
-905.4596462968404,-431.09107149995555,-913.8672429508856,-418.08406840895697,-906.5808715820312,-429.3564758300781
-906.732808523289,-431.90160982118556,-915.1785049592803,-418.90587603236753,-907.8505859375,-430.181640625
-908.0548974447842,-432.73188872098547,-916.5223939739889,-419.75689457464284,-909.1610717773438,-431.036865234375
-909.3604174101823,-433.5521573912897,-917.847142184019,-420.5878417706176,-910.4532470703125,-431.88275146484375
-910.6409609962047,-434.36539176386077,-919.16662983351,-421.4254818721451,-911.7247314453125,-432.7204895019531
-911.9129462230658,-435.1627216774796,-920.4573149014368,-422.2456318906526,-912.9794311523438,-433.5504455566406
-913.2275362823823,-435.9989683263676,-921.7717667715995,-423.07269184769183,-914.2784423828125,-434.4090881347656
-914.5379410030451,-436.8207692337595,-923.0525857308038,-423.88801556266424,-915.567138671875,-435.2575378417969
-915.837423692156,-437.63709992779354,-924.3047168871419,-424.6839954912597,-916.8463134765625,-436.0937194824219
-917.1213347019974,-438.45199337231765,-925.5495477027622,-425.46607578758693,-918.1167602539062,-436.91827392578125
-918.398277205779,-439.2530576525931,-926.7712148218756,-426.2433139463076,-919.3783569335938,-437.730224609375
-919.7132637002686,-440.08723755031264,-928.0466766206602,-427.0430786235064,-920.685546875,-438.5653381347656
-921.0256082178399,-440.90882842323754,-929.2609470405182,-427.8144337117911,-921.9853515625,-439.3828125
-922.333098829464,-441.73777616893915,-930.3676439548966,-428.5083936153139,-923.2842407226562,-440.1716613769531
-923.6563967497394,-442.5626619652814,-931.2849792860803,-429.1059265503714,-924.5916748046875,-440.912841796875
-925.0434323731148,-443.4229354608555,-932.1055608208862,-429.6727423046959,-925.96923828125,-441.620361328125
-926.446023998413,-444.2902321316959,-932.8044182499372,-430.19017941093637,-927.365966796875,-442.2502136230469
-927.8695713637594,-445.151345142846,-933.4500793076264,-430.72551264802314,-928.7802124023438,-442.79730224609375
-929.3413245196189,-446.01772195895603,-933.9753788874432,-431.2596150906805,-930.21142578125,-443.2467041015625
-930.9012100580268,-446.90561691841714,-934.5926618182453,-431.91033383193763,-931.7110595703125,-443.6158752441406
-932.5402937549304,-447.78524909352,-935.1806385865223,-432.5417282714298,-933.21728515625,-443.87677001953125
-934.2205795322986,-448.6423797474617,-935.8882055369576,-433.34748593199623,-934.7222900390625,-444.0408630371094
-936.0774138633803,-449.4990767159827,-936.6528684846037,-433.9736826894974,-936.277587890625,-444.0985107421875
-938.0127014672577,-450.3123461866823,-937.5306673148295,-434.7473277941469,-937.8187866210938,-444.05078125
-940.0579063852811,-451.06176360382466,-938.473498400839,-435.27283218694873,-939.3390502929688,-443.8982238769531
-942.1813770943115,-451.7409163330232,-939.5291558385443,-435.81328234564853,-940.833984375,-443.6492919921875
-944.4038859446684,-452.33783921767537,-940.6742870343619,-436.34470037955674,-942.298095703125,-443.307861328125
-946.782343434255,-452.859746698539,-941.9740543615645,-436.83848665122144,-943.781982421875,-442.8625183105469
-949.221267801273,-453.2897348908945,-943.2941688939576,-437.0110202496413,-945.232421875,-442.33441162109375
-951.745106299428,-453.6065872112656,-944.6946214843473,-437.17458602230437,-946.64794921875,-441.72705078125
-954.3601572693589,-453.79563019194677,-946.1180296940912,-437.20473557514794,-948.0248413085938,-441.04302978515625
-957.1422197624946,-453.7841229913943,-947.5306070184502,-437.1149092213453,-949.353759765625,-440.2767639160156
-960.0988800346047,-453.535529535298,-948.9257179795494,-436.8932893016272,-950.62451171875,-439.4236145019531
-963.1652798560325,-453.0287841933853,-950.2559482804412,-436.46504519656105,-951.8297119140625,-438.48431396484375
-966.2477559242824,-452.30189901553155,-951.476719051545,-435.80252503479915,-952.9664916992188,-437.46661376953125
-969.3947647819499,-451.2734595812335,-952.5337990070531,-434.9253426927815,-954.02685546875,-436.37298583984375
-972.140153208275,-449.7275433227239,-953.4199809566002,-433.8583979337962,-955.013427734375,-435.20916748046875
-972.8828613645727,-446.61294574983566,-954.1455967805233,-432.6543499272626,-955.9276733398438,-433.98193359375
-973.3819957997484,-443.6177679140074,-954.7158382689316,-431.34993759318724,-956.7701416015625,-432.7000732421875
-973.6856724032293,-440.7321739738772,-955.0170021598889,-429.90737117143885,-957.5408935546875,-431.3708190917969
-973.8489632780306,-437.860725179964,-955.2508723061952,-428.4947741438279,-958.2329711914062,-429.9965515136719
-973.8180964299107,-435.20441205808027,-955.3810711787369,-427.04910587728835,-958.856689453125,-428.58648681640625
-973.6690299750591,-432.60414739093903,-955.1514666836688,-425.5130979227712,-959.4092407226562,-427.1435546875
-973.4014338059962,-430.18337138831873,-954.8521399679245,-423.9879473063446,-959.9000854492188,-425.6739501953125
-973.0553618779032,-427.8992421731234,-954.4293449386621,-422.53787596982,-960.3151245117188,-424.2320556640625
-972.652563016961,-425.6485420234337,-953.9122886159508,-421.13874820455356,-960.6682739257812,-422.7645568847656
-972.1798865955718,-423.48475785284586,-953.3792894085802,-419.77153341608545,-960.9635620117188,-421.26947021484375
-971.6416196316176,-421.3806769363448,-952.812509573864,-418.4242885013879,-961.2034301757812,-419.74176025390625
-971.0892707955073,-419.38448647974644,-952.2561485453282,-417.1588927631229,-961.3812255859375,-418.23724365234375
-970.4947449162868,-417.42690861908693,-951.6593006134854,-415.8980055084812,-961.5062255859375,-416.6972961425781
-969.8873508394954,-415.51631057138735,-951.0444467750013,-414.75642125608647,-961.5673828125,-415.1807861328125
-969.2489613423535,-413.66090138969116,-950.4583213258389,-413.5847376086589,-961.5736694335938,-413.6297912597656
-968.5980500322943,-411.91075543943106,-949.8838264557518,-412.42972004290016,-961.5314331054688,-412.1067199707031
-967.9253382209569,-410.1827246311497,-949.3162883152797,-411.2369893968403,-961.4432373046875,-410.5499572753906
-967.2558261825437,-408.5294025204556,-948.7559909201593,-410.07003798839764,-961.316162109375,-409.0240478515625
-966.5682952467796,-406.87366257731946,-948.1884495413854,-408.8784488170512,-961.1461181640625,-407.465087890625
-965.890960877407,-405.28140354112736,-947.6503375989637,-407.71334053876194,-960.9429321289062,-405.94110107421875
-965.2323768402464,-403.75422143505983,-947.1192410454274,-406.5754985342446,-960.7119750976562,-404.45831298828125
-964.5530328220267,-402.2045051253166,-946.6024682152655,-405.44418985302906,-960.439208984375,-402.94696044921875
-963.8623149749101,-400.63508015232094,-946.0789990646172,-404.32643060923937,-960.1205444335938,-401.4117736816406
-963.1848306819178,-399.12516454669515,-945.5920265964331,-403.2499453354,-959.7720336914062,-399.9253234863281
-962.5022630615423,-397.6075462190736,-945.0883203695663,-402.13065737677476,-959.380615234375,-398.4183654785156
-961.8462826704015,-396.153297670603,-944.6147856473476,-401.0295757766433,-958.969970703125,-396.9672546386719
-961.167937619601,-394.68972466885685,-944.12537829591,-399.89524590474286,-958.521240234375,-395.4981384277344
-960.4925908012183,-393.2117016403509,-943.6230697462387,-398.7024133195499,-958.0371704101562,-394.0108947753906
-959.8313161837787,-391.797774843666,-943.1453549185057,-397.5465544092781,-957.5459594726562,-392.58514404296875
-959.1767417703916,-390.36893285315045,-942.6370384986003,-396.32570451850063,-957.0266723632812,-391.1432800292969
-958.4987070241912,-388.9275578404792,-942.12688794732,-395.0692598133157,-956.4796142578125,-389.68499755859375
-957.8281534758867,-387.46464165538936,-941.5844606126499,-393.75479679129484,-955.9077758789062,-388.2082824707031
-957.169985291156,-386.07054759565244,-941.0652565806682,-392.4640498069133,-955.3464965820312,-386.7944641113281
-956.5180601282274,-384.64505830060364,-940.5217121826686,-391.13940230245777,-954.7631225585938,-385.3575439453125
-955.8343180576824,-383.1999137745106,-939.973220199511,-389.77109130241604,-954.1571044921875,-383.894775390625
-955.199423381457,-381.80700007599927,-939.4317527515685,-388.4475022136188,-953.5673217773438,-382.4943542480469
-954.5318532840485,-380.4001979697547,-938.8797437513925,-387.0711161199398,-952.9602661132812,-381.07000732421875
-953.873513520796,-378.96011727320376,-938.3060741412509,-385.6727280573989,-952.3363037109375,-379.6229553222656
-953.2270419035805,-377.5953764478316,-937.7645027980032,-384.3228316631734,-951.736328125,-378.24395751953125
-952.590419969003,-376.2016362427874,-937.1963865402929,-382.9419369675786,-951.1233520507812,-376.843994140625
-951.9459949030082,-374.7846005738175,-936.6315885453218,-381.5344259160802,-950.4971313476562,-375.4231872558594
-951.2662458699347,-373.3561865623413,-936.0471870315234,-380.10497068352583,-949.8575439453125,-373.9808654785156
-950.5998101530406,-371.89453174153994,-935.4668389198717,-378.65931759654916,-949.203857421875,-372.5185546875
-949.9475187363186,-370.521763383075,-934.9041652077233,-377.28411908564,-948.5821533203125,-371.1355285644531
-949.3086186600166,-369.1205972069349,-934.3399924634689,-375.8792338108818,-947.949462890625,-369.7342834472656
-948.6644508202419,-367.700795710033,-933.7545349512162,-374.4480399824977,-947.3071899414062,-368.31500244140625
-947.9833405658907,-366.2753751787113,-933.1552966396572,-372.9869465912258,-946.6559448242188,-366.8761901855469
-947.3223126113882,-364.8207644019195,-932.5577442396863,-371.5017130198878,-945.9971923828125,-365.4203796386719
-946.6762723113425,-363.4654911837432,-931.9834495090513,-370.10440485167254,-945.3787841796875,-364.0517578125
-946.0498918205978,-362.0822503713356,-931.4140261562849,-368.6886659834281,-944.7538452148438,-362.6672668457031
-945.38869874651,-360.69389209989714,-930.8360528106966,-367.27786652794805,-944.12060546875,-361.2676086425781
-944.746689136424,-359.2785888957167,-930.2689970609313,-365.8659012376915,-943.4782104492188,-359.8557434082031
-944.0720999573781,-357.8611092580238,-929.6845210939448,-364.4393444591379,-942.8265991210938,-358.4305725097656
-943.4147855471797,-356.41587062949844,-929.1055471871438,-362.9966158274664,-942.1644897460938,-356.9908752441406
-942.7538216976277,-354.9546619067506,-928.5123232952211,-361.545892261469,-941.4923095703125,-355.53851318359375
-942.0529945845285,-353.4941091594833,-927.9170008896916,-360.0896293859602,-940.8092041015625,-354.0744323730469
-941.4318821104383,-352.1195316014706,-927.3739150259026,-358.7307067764981,-940.1691284179688,-352.71337890625
-940.7732016212809,-350.74643930931154,-926.8133151720383,-357.360454610867,-939.518798828125,-351.34075927734375
-940.1351391845344,-349.34435751539456,-926.2647549042501,-355.98264601072043,-938.8562622070312,-349.9564208984375
-939.4672400496618,-347.94379028220607,-925.7005196660954,-354.59630699730195,-938.1834716796875,-348.56414794921875
-938.825147509865,-346.5179384163392,-925.1400903394482,-353.19018659962325,-937.5006713867188,-347.1636962890625
-938.1428345732061,-345.1010189702412,-924.5679331673765,-351.78371187582235,-936.80859375,-345.7578430175781
-937.4907631932888,-343.669055290945,-924.011821550469,-350.38430611615485,-936.1105346679688,-344.356689453125
-936.7932878480781,-342.2593891665612,-923.4494329905771,-348.99707213540853,-935.4053955078125,-342.9601745605469
-936.1163183159719,-340.833075624426,-922.8779717411752,-347.5880349653972,-934.6911010742188,-341.560302734375
-935.4084311659487,-339.4120867584258,-922.3088380805108,-346.15880231500864,-933.967041015625,-340.1544494628906
-934.7132389378669,-337.97037529208154,-921.7302797726444,-344.7327247900723,-933.2314453125,-338.7421875
-934.0227094381049,-336.513438088323,-921.1567267609865,-343.29036934547594,-932.4843139648438,-337.3237609863281
-933.3013493228584,-335.06074051899077,-920.5665093981395,-341.83730758311253,-931.7261352539062,-335.8989562988281
-932.5941283054764,-333.5874262733823,-919.9687976006106,-340.37214206187275,-930.956787109375,-334.4673156738281
-931.8511644877227,-332.1189393864056,-919.3793263424982,-338.8925563099705,-930.1755981445312,-333.0289611816406
-931.1818735350731,-330.75400763442406,-918.8356156809316,-337.5285289875643,-929.4490356445312,-331.704833984375
-930.4878510834914,-329.3913807758089,-918.2736857299891,-336.15709788534417,-928.7123413085938,-330.3748779296875
-929.805984300527,-328.0106310601944,-917.7192061222537,-334.7672734602419,-927.9657592773438,-329.0393371582031
-929.1002959686393,-326.632421645772,-917.1477482824129,-333.3705187735783,-927.209716796875,-327.6982116699219
-928.4033545625397,-325.23727318224127,-916.5718784310128,-331.96151778229273,-926.4439697265625,-326.3508605957031
-927.6911266733354,-323.83932895904155,-915.9955055664539,-330.5372338694697,-925.6688842773438,-324.9974365234375
-926.9833635675369,-322.42881931713396,-915.4025811258447,-329.1029311582079,-924.8853759765625,-323.6379089355469
-926.2757350607963,-321.0089895931944,-914.80655802873,-327.64903945386436,-924.094482421875,-322.2718200683594
-925.571996107422,-319.57578283918093,-914.1975370173392,-326.1884465265897,-923.2962646484375,-320.8988037109375
-924.8720242111427,-318.1313137048303,-913.5821578428912,-324.7110368414014,-922.4918212890625,-319.51849365234375
-924.1561141089775,-316.6856923599262,-912.95248678738,-323.2277730613599,-921.6814575195312,-318.1307067871094
-923.4420791932763,-315.2290341705231,-912.3216059117684,-321.73134161532096,-920.8656616210938,-316.7355041503906
-922.7194451205708,-313.7671926459116,-911.6748139739796,-320.2299521475839,-920.0446166992188,-315.3323669433594
-922.020452658918,-312.2803096363436,-911.0214763509131,-318.72044025235704,-919.21826171875,-313.9210510253906
-921.3215163074798,-310.782721970337,-910.3672380420369,-317.20069406546565,-918.3869018554688,-312.5020751953125
-920.6851976898444,-309.4135153260171,-909.7597857038314,-315.8159034439857,-917.6271362304688,-311.20556640625
-920.0513659794447,-308.0334674430807,-909.1524593965682,-314.42287772394354,-916.8632202148438,-309.9024963378906
-919.4043229782505,-306.65276154006926,-908.5317637247358,-313.0284104194435,-916.0953979492188,-308.5931091308594
-918.7567882348084,-305.2636206452583,-907.9119933671024,-311.62285628918903,-915.3235473632812,-307.2768249511719
-918.1063263201127,-303.8690750021179,-907.2776013378218,-310.2149581793365,-914.5484008789062,-305.9541015625
-917.4482233629703,-302.47191408315376,-906.6459356254845,-308.7977949267822,-913.7704467773438,-304.6256408691406
-916.7910409665266,-301.06478048005573,-906.0005905160978,-307.38054027109695,-912.9888305664062,-303.2902526855469
-916.1244674783235,-299.6530649653182,-905.348811819366,-305.95851965981075,-912.2031860351562,-301.9476318359375
-915.4583816649669,-298.234923472841,-904.6963354678111,-304.52609427922357,-911.4146728515625,-300.5987548828125
-914.7846254227378,-296.81401836080863,-904.030190721384,-303.0928065377216,-910.6234130859375,-299.24346923828125
-914.1077923630266,-295.38514827497517,-903.367621544315,-301.65046848955143,-909.8287963867188,-297.8813171386719
-913.4274659130137,-293.9490850378036,-902.6918833644787,-300.2085161112527,-909.03076171875,-296.5126037597656
-912.737865220553,-292.511392622126,-902.0199872386429,-298.76122454301657,-908.2302856445312,-295.1398620605469
-912.0525252184309,-291.0714817038666,-901.3379671473233,-297.3228326745929,-907.4301147460938,-293.7684020996094
-911.3579547525975,-289.6377568388562,-900.654234051705,-295.88761393771347,-906.630126953125,-292.3983154296875
-910.6647538953177,-288.20413527124,-899.9730963556914,-294.4508232726199,-905.8300170898438,-291.02886962890625
-909.9626299537941,-286.7706101437183,-899.2814259725798,-293.0197171314144,-905.02783203125,-289.6577453613281
-909.2454196040405,-285.33957306527947,-898.591839048429,-291.58135128694266,-904.22216796875,-288.2826232910156
-908.5266856384033,-283.9009238737801,-897.8882003008888,-290.14573312291253,-903.412353515625,-286.9030456542969
-907.8001489329479,-282.46033174753813,-897.1793273290381,-288.7056146575105,-902.5985107421875,-285.5190124511719
-907.0707840873002,-281.01547501060804,-896.4719179382311,-287.25786065802066,-901.781005859375,-284.1309814453125
-906.336753990447,-279.5673452608732,-895.7507694010984,-285.81211754126514,-900.9599609375,-282.7391662597656
-905.5929151530773,-278.11790011498005,-895.0289615810714,-284.36142282701735,-900.1351318359375,-281.34356689453125
-904.8484596150626,-276.6620295776986,-894.3008421596858,-282.9077681280296,-899.3062744140625,-279.9438171386719
-904.0943133484915,-275.2051314745684,-893.5640269937107,-281.4526603368687,-898.473388671875,-278.53997802734375
-903.3374117348164,-273.74460211254956,-892.8114522405391,-279.9998886401176,-897.6368408203125,-277.1322937011719
-902.5767402819592,-272.27950958077344,-892.045317394114,-278.55120258794716,-896.7967529296875,-275.72161865234375
-901.8006622940657,-270.81344786977667,-891.2695949383959,-277.1061227005195,-895.9521484375,-274.3081359863281
-901.0230134314809,-269.3378696790545,-890.5014489836053,-275.65334759794825,-895.10205078125,-272.8918762207031
-900.2306832062544,-267.86452488314234,-889.7190728314653,-274.2041504706572,-894.2466430664062,-271.4735412597656
-899.4359509554797,-266.39099604243506,-888.9305594786172,-272.75111444063185,-893.3867797851562,-270.0532531738281
-898.637777713764,-264.91682612260905,-888.1452565132743,-271.2895042995992,-892.5228271484375,-268.6307678222656
-897.9066806270383,-263.5899290211791,-887.4259121614797,-269.980203279894,-891.7413330078125,-267.3490295410156
-897.1779216434599,-262.26384513537226,-886.7113799944863,-268.6600373808884,-890.9569702148438,-266.0655212402344
-896.4395393500741,-260.93947442692,-885.9819306653543,-267.3443409207584,-890.16943359375,-264.7796630859375
-895.698517687969,-259.6133619885388,-885.2627368010583,-266.0190538289007,-889.3792114257812,-263.4922790527344
-894.9573276309828,-258.28646446124213,-884.5272687227387,-264.69960463674454,-888.5867919921875,-262.2035217285156
-894.2001813773771,-256.96541984751934,-883.7919916812995,-263.3761757421199,-887.7916870117188,-260.9126281738281
-893.4423145988617,-255.63633099686257,-883.0564373105941,-262.05117360737046,-886.9931030273438,-259.61968994140625
-892.6662764478192,-254.30890246455257,-882.3095039234864,-260.7327635878871,-886.1904296875,-258.3255920410156
-891.8855327977174,-252.97647581985422,-881.5641369925552,-259.41135706338554,-885.3829956054688,-257.0304870605469
-891.0991277697887,-251.64499937022995,-880.8032849486748,-258.0948110499162,-884.5711059570312,-255.73446655273438
-890.3088551613969,-250.31287249244465,-880.0475545204993,-256.77064201505567,-883.7548828125,-254.4375
-889.5175977162106,-248.9784366452369,-879.2745497535427,-255.45315571718896,-882.9345092773438,-253.13966369628906
-888.7222283087361,-247.64426539884082,-878.5105700966218,-254.12576296805696,-882.1102294921875,-251.84100341796875
-887.9231973769914,-246.30804887939783,-877.7290847923615,-252.80672681017214,-881.281982421875,-250.54177856445312
-887.1246244148064,-244.96631595434252,-876.9597261555247,-251.47742633656318,-880.449462890625,-249.24208068847656
-886.3224742837164,-243.62417838650708,-876.1728180433694,-250.15526981784402,-879.6127319335938,-247.94175720214844
-885.5238959707548,-242.27662229712155,-875.383444624714,-248.83143593336294,-878.77197265625,-246.64108276367188
-884.6998275833259,-240.94166981118687,-874.593663964797,-247.5045785459524,-877.927001953125,-245.3399200439453
-883.8773613916562,-239.60409997328873,-873.7865039670515,-246.1843740709049,-877.0780029296875,-244.03797912597656
-883.0444080060512,-238.27277231227492,-872.9866829121517,-244.85477681525416,-876.2254638671875,-242.73524475097656
-882.2100997875705,-236.94192815835345,-872.1685465613986,-243.5327883293702,-875.3698120117188,-241.43161010742188
-881.370212269415,-235.60967448391654,-871.3633568624558,-242.19998598638824,-874.5107421875,-240.12718200683594
-880.5254792563104,-234.27756299467208,-870.5409369258442,-240.87547875057285,-873.6483154296875,-238.82208251953125
-879.6776542545407,-232.94396839393414,-869.7149029657185,-239.5503345601441,-872.7824096679688,-237.51625061035156
-878.8135030946879,-231.61936693431392,-868.8963460970723,-238.21652136684625,-871.9132080078125,-236.20962524414062
-877.948508487408,-230.29349841631827,-868.0607211680787,-236.89051102612655,-871.0408935546875,-234.9021759033203
-877.0724490047147,-228.97312733293404,-867.2199530818235,-235.564670845502,-870.1656494140625,-233.59393310546875
-876.1921892346346,-227.65494775558645,-866.3845676165308,-234.23208438688823,-869.2879028320312,-232.28506469726562
-875.3087373550339,-226.33928199972885,-865.533542534282,-232.9075785126168,-868.4082641601562,-230.9759521484375
-874.4128339078488,-225.02904639499837,-864.6898115985181,-231.57848619577945,-867.52685546875,-229.66744995117188
-873.5156586488258,-223.71562727199804,-863.830479479447,-230.26103593940834,-866.643310546875,-228.36007690429688
-872.6109307655763,-222.40774900158254,-862.9812982180571,-228.93664144397968,-865.7578735351562,-227.0541229248047
-871.7032966534534,-221.10068303054706,-862.1157593212523,-227.62412966290645,-864.8704223632812,-225.7498321533203
-870.7942142467735,-219.79774181532264,-861.2456555684466,-226.3138209518074,-863.9813232421875,-224.44696044921875
-869.8786244862658,-218.50080125556835,-860.3838148261987,-224.9979648200634,-863.0908203125,-223.14559936523438
-868.9612957310311,-217.20193269133773,-859.5064398007801,-223.69495696210058,-862.198486328125,-221.84622192382812
-868.0391481216313,-215.90335802821787,-858.640393571733,-222.3861116928947,-861.3037719726562,-220.54905700683594
-867.1152640475074,-214.60660339133133,-857.7573826283565,-221.08922464071742,-860.4066162109375,-219.2539825439453
-866.1909462342114,-213.3103591382135,-856.8715714560306,-219.7946265584278,-859.5069580078125,-217.96096801757812
-865.262064097364,-212.01813787646438,-855.994104659763,-218.49429514605487,-858.6048583984375,-216.66998291015625
-864.3324173601062,-210.7267490253761,-855.1008676601604,-217.2050831961356,-857.7002563476562,-215.3809356689453
-863.4028690764366,-209.4385694302266,-854.217807021863,-215.90779703981306,-856.7935791015625,-214.0936279296875
-862.4684961742024,-208.15322872088694,-853.3190490145241,-214.62237022438822,-855.884765625,-212.8082733154297
-861.5341283042844,-206.86820587880828,-852.4184197849739,-213.33885886324228,-854.9738159179688,-211.5249481201172
-860.5976083843273,-205.58518285671934,-851.5282702659699,-212.04820809404592,-854.0606689453125,-210.24356079101562
-859.6603926864923,-204.30416219034848,-850.6221983444309,-210.7689772632104,-853.1455078125,-208.964111328125
-858.7216490345749,-203.02317664817883,-849.7286250539571,-209.48172288448,-852.2280883789062,-207.68667602539062
-857.7807930031017,-201.74367732688222,-848.8195089964864,-208.20638713671204,-851.3084106445312,-206.41143798828125
-856.8411977898451,-200.46474303471,-847.9252547400189,-206.92004349930002,-850.386474609375,-205.13807678222656
-855.8958514454475,-199.1910033906755,-847.0160688368096,-205.64472537397694,-849.4624633789062,-203.86671447753906
-854.9517084448336,-197.91583296152328,-846.1059724851012,-204.37074900349563,-848.5361938476562,-202.5973663330078
-854.0030798748628,-196.6444594987216,-845.2108823543442,-203.08621307763212,-847.6077270507812,-201.3301239013672
-853.0570405719969,-195.37479302584413,-844.2987701697132,-201.81325965496862,-846.6774291992188,-200.06463623046875
-852.1060888483438,-194.107779683037,-843.4033795900714,-200.52905336688195,-845.7451782226562,-198.80116271972656
-851.1552661840703,-192.84053916488915,-842.4926455700846,-199.25676736660174,-844.8108520507812,-197.5397186279297
-850.1993355588841,-191.57494048034465,-841.5965848751671,-197.97505753751025,-843.8741455078125,-196.2806396484375
-849.2425516470164,-190.3101200380662,-840.6851867060982,-196.7051048840979,-842.9349365234375,-195.0238494873047
-848.2859207470673,-189.04586125760247,-839.7734873468459,-195.43567405858607,-841.9932861328125,-193.76939392089844
-847.3204181561001,-187.7891461973521,-838.8760222063378,-194.15555006496876,-841.0491943359375,-192.51715087890625
-846.3574888401248,-186.53085147551292,-837.9623875975178,-192.8882669799017,-840.102783203125,-191.26739501953125
-845.3862604199729,-185.27638985000374,-837.063454341874,-191.6113485431754,-839.1536254882812,-190.02040100097656
-844.4147880209067,-184.0209531097996,-836.1479618858381,-190.34777853239274,-838.201416015625,-188.77621459960938
-843.4397889153754,-182.76977772694931,-835.2369500694243,-189.0803516630757,-837.2462158203125,-187.5345916748047
-842.4649241309457,-181.52130252106778,-834.3324985339302,-187.80696060132192,-836.288330078125,-186.29527282714844
-841.48999290862,-180.2761687692935,-833.4151639416772,-186.54311100505421,-835.3283081054688,-185.0583038330078
-840.5088556279685,-179.03666486866283,-832.4991891353691,-185.27879143148107,-834.3662109375,-183.8237762451172
-839.5284294736307,-177.7960189321036,-831.5679493161407,-184.02694570627455,-833.4017333984375,-182.59158325195312
-838.5420871324325,-176.55845114669876,-830.6397823965768,-182.77337903593815,-832.4345703125,-181.36183166503906
-837.5564398016722,-175.32321418162417,-829.692514874791,-181.53442641098604,-831.465087890625,-180.13438415527344
-836.5701868331271,-174.0902758674398,-828.7351243772157,-180.30352713389576,-830.4934692382812,-178.90914916992188
-835.5770359309408,-172.8640662984491,-827.7828481260592,-179.06892126718205,-829.5198364257812,-177.68612670898438
-834.5840375460364,-171.63569955390764,-826.8136562256624,-177.84897393419118,-828.5438232421875,-176.46551513671875
-833.5850633162843,-170.41044860894985,-825.8603113106634,-176.61750334137233,-827.565185546875,-175.24758911132812
-832.5853639784887,-169.1853387345022,-824.889948727277,-175.40050219856192,-826.5838012695312,-174.032470703125
-831.5849858763758,-167.96295181737526,-823.9174882219706,-174.1852611105714,-825.599853515625,-172.8199920654297
-830.5771204487269,-166.7459355906436,-822.9554973333222,-172.96204258556085,-824.6130981445312,-171.61012268066406
-829.5723249494015,-165.5292998331659,-821.9774516348147,-171.75162880948324,-823.6239013671875,-170.40272521972656
-828.5619552624349,-164.31937448284847,-820.995908757637,-170.5442060477233,-822.6325073242188,-169.19772338867188
-827.5500580166183,-163.10825671862492,-820.0263449488137,-169.32828475711545,-821.6385498046875,-167.9954376220703
-826.5354456459241,-161.89856832736183,-819.0426661810992,-168.1246645158299,-820.6417846679688,-166.79588317871094
-825.5128599711267,-160.69780926729973,-818.0654892384271,-166.91570916840544,-819.6425170898438,-165.59902954101562
-824.4906264504798,-159.49423065557914,-817.0726853663182,-165.72165203466338,-818.6405029296875,-164.40545654296875
-823.4620085471421,-158.29667598417174,-816.0735291128607,-164.53308435181293,-817.6354370117188,-163.2147216796875
-822.4355524849515,-157.10309245979263,-815.0804632601772,-163.33798264393963,-816.6279296875,-162.0261993408203
-821.4097932527854,-155.914090543124,-814.0724272785137,-162.15502728126864,-815.6187744140625,-160.83975219726562
-820.3776459675877,-154.73082490759867,-813.0720253498245,-160.96672184097287,-814.6080322265625,-159.65562438964844
-819.3436129320972,-153.5432634106869,-812.0573478581763,-159.79309737225367,-813.5947875976562,-158.47434997558594
-818.2999832262584,-152.3584959277527,-811.050336944911,-158.61528057644014,-812.5783081054688,-157.29656982421875
-817.2546012225183,-151.17504511313754,-810.0281074020072,-157.45135908503113,-811.5584106445312,-156.1222686767578
-816.2091499429558,-149.99402848135855,-809.0096140452897,-156.28417104266873,-810.5352783203125,-154.9512176513672
-815.1527859295423,-148.82591045066343,-807.9741792806526,-155.13141924170176,-809.5092163085938,-153.7830810546875
-814.0986538069659,-147.65739572952563,-806.9341158759439,-153.98329671317512,-808.48046875,-152.61795043945312
-813.0354124650919,-146.49932857260714,-805.8959419432682,-152.8337774685011,-807.44921875,-151.4556427001953
-811.9708645285411,-145.34158687303,-804.8432859744065,-151.6983096026477,-806.415283203125,-150.29632568359375
-810.9047911029401,-144.1866434021258,-803.7949209041825,-150.55952172510564,-805.3787231445312,-149.139892578125
-809.8250138870776,-143.04375974906947,-802.7304817530963,-149.43631924450125,-804.3394775390625,-147.9865264892578
-808.7480277479416,-141.8960041356424,-801.6730629965514,-148.30865612983004,-803.2971801757812,-146.83657836914062
-807.6576576019204,-140.76277651186277,-800.5982443384231,-147.19707640607555,-802.251953125,-145.68980407714844
-806.5659922152654,-139.62835987174293,-799.5315111515882,-146.08012397179084,-801.2034912109375,-144.54664611816406
-805.4693840984046,-138.50063511183964,-798.4473262904886,-144.97952643585862,-800.15185546875,-143.40684509277344
-804.3587697249466,-137.38524779228098,-797.3598651022161,-143.88360623243577,-799.0969848632812,-142.27072143554688
-803.2519237196026,-136.26746207785652,-796.2766028173304,-142.78464076816505,-798.038818359375,-141.13816833496094
-802.1382626169088,-135.15681674466953,-795.1805696530391,-141.6988162386784,-796.9774169921875,-140.0093231201172
-801.0283515474333,-134.0441768430055,-794.0906151030593,-140.6082125936304,-795.912841796875,-138.88414001464844
-799.9090402781196,-132.93996070505406,-792.9873559809389,-139.53180776711812,-794.8449096679688,-137.7627716064453
-798.791013910582,-131.83550528307043,-791.8926503704487,-138.44812441421539,-793.7735595703125,-136.64512634277344
-797.6688288072552,-130.74012348747345,-790.7825462088081,-137.3784267443273,-792.6992797851562,-135.5307159423828
-796.548061316723,-129.64668501451422,-789.6861903502066,-136.29570955713066,-791.6224975585938,-134.41946411132812
-795.4252638214475,-128.55883592671123,-788.5753995648362,-135.22654500874,-790.5433959960938,-133.31088256835938
-794.3013782360478,-127.47160892418378,-787.4749001120346,-134.14876578811828,-789.4619140625,-132.20521545410156
-793.1769036264184,-126.38806798899292,-786.3601789389406,-133.08475103075472,-788.3782958984375,-131.1021728515625
-792.0471373735993,-125.31098986974709,-785.2380642681763,-132.02867108989483,-787.2926025390625,-130.001708984375
-790.9183972155167,-124.23399209910657,-784.1276228409345,-130.96163115597702,-786.204833984375,-128.9037322998047
-789.7892083034586,-123.15972013283081,-782.9999551027281,-129.9118596382349,-785.115234375,-127.80814361572266
-788.6607413630394,-122.08625135308779,-781.8976234183389,-128.8374753628718,-784.02392578125,-126.71491241455078
-787.5330643753364,-121.0110707199204,-780.7837353038655,-127.77612082816871,-782.9306640625,-125.62419128417969
-786.3988355857888,-119.94295542363515,-779.6795901160721,-126.70572835355841,-781.8353881835938,-124.53596496582031
-785.2676664046209,-118.87407974190026,-778.5626807341107,-125.64798209630816,-780.73828125,-123.45001983642578
-784.1330574457546,-117.80891229994332,-777.4371621066838,-124.59995005916205,-779.6393432617188,-122.3664779663086
-783.0019146192786,-116.74297081684561,-776.3207957448845,-123.54240382276917,-778.538818359375,-121.28510284423828
-781.8663527182117,-115.68088764640098,-775.1873058970575,-122.50363335452793,-777.4365234375,-120.20602416992188
-780.7331114387251,-114.6179072082864,-774.0742482166849,-121.44434597136762,-776.3325805664062,-119.12918090820312
-779.5977780260786,-113.55803394392925,-772.9504975779861,-120.39643396873343,-775.2269897460938,-118.05448913574219
-778.4638420503446,-112.49584872074811,-771.8338528475059,-119.34278851125515,-774.11962890625,-116.98221588134766
-777.3279644417097,-111.43743148086998,-770.7132798554367,-118.29310794094603,-773.0105590820312,-115.9121322631836
-776.1943788958353,-110.37695041119736,-769.5852808351898,-117.25216160999844,-771.8998413085938,-114.84440612792969
-775.058212817283,-109.32006416998473,-768.4478533864296,-116.22120520590684,-770.787353515625,-113.77879333496094
-773.9248019815024,-108.26074420982933,-767.3146381995197,-115.18673014261759,-769.6732177734375,-112.71546173095703
-772.7882095970937,-107.20503898778236,-766.1805059532327,-114.1540747687918,-768.557373046875,-111.65442657470703
-771.654736590192,-106.14751729632515,-765.0342648589299,-113.13417917478932,-767.4398803710938,-110.59550476074219
-770.5191276417336,-105.09466754161625,-763.8944047808833,-112.10702674941182,-766.3209838867188,-109.53845977783203
-769.3845897512913,-104.04113930882755,-762.7421099816644,-111.09386573017,-765.2007446289062,-108.48338317871094
-768.2497367538471,-102.98576493192179,-761.6080370681545,-110.06380103333805,-764.078857421875,-107.43065643310547
-767.1157870018862,-101.93001891231003,-760.4559700704248,-109.05322124250605,-762.9552001953125,-106.38009643554688
-765.9832753080497,-100.87403992751635,-759.3348911348069,-108.00980228219873,-761.8300170898438,-105.3317642211914
-764.8443890848214,-99.8261556431645,-758.1937973936462,-106.9880701632093,-760.703369140625,-104.28555297851562
-763.7087101655239,-98.77434891562517,-757.0764690670609,-105.94168814534528,-759.5750732421875,-103.24149322509766
-762.5684048259784,-97.72819140414052,-755.9579883785689,-104.89657470374765,-758.4451293945312,-102.19950103759766
-761.4292760001014,-96.68166023890846,-754.8249539796576,-103.86736415967354,-757.3136596679688,-101.15957641601562
-760.2916488933162,-95.63307194495364,-753.705691902501,-102.82419671607958,-756.1806030273438,-100.12187194824219
-759.1523317164058,-94.58734828453625,-752.5853052238019,-101.78232403669756,-755.0460205078125,-99.08631134033203
-758.0171248381351,-93.53793083234055,-751.4495267182956,-100.75760991717743,-753.9099731445312,-98.05287170410156
-756.8780845907344,-92.49390282612167,-750.3293595910072,-99.71544568740129,-752.7724609375,-97.0213394165039
-755.7397301439808,-91.44915291823877,-749.2082490461607,-98.67474333619057,-751.6334838867188,-95.99177551269531
-754.6056733566903,-90.40082888932955,-748.0717961229236,-97.65086175397467,-750.4931640625,-94.96409606933594
-753.4666064551105,-89.35703447005785,-746.9525216274952,-96.60940227611208,-749.3514404296875,-93.9385986328125
-752.329595186394,-88.3137418438026,-745.831782177546,-95.56872737460365,-748.2085571289062,-92.91499328613281
-751.1968829038107,-87.26706929836355,-744.6966027496084,-94.54425351687091,-747.0646362304688,-91.89319610595703
-750.0607536709218,-86.22595787173552,-743.576726389456,-93.50275703950079,-745.9198608398438,-90.87313842773438
-748.9267145502688,-85.18537622194282,-742.4394931803981,-92.48049343266217,-744.7745361328125,-89.85465240478516
-747.7963237279356,-84.14140541901521,-741.321302106072,-91.43809675146288,-743.6287231445312,-88.8378677368164
-746.6633903942172,-83.10261684376502,-740.2020428331385,-90.3969584018638,-742.4824829101562,-87.82252502441406
-745.5336957649205,-82.06534259936406,-739.0665389094438,-89.37358356164573,-741.3364868164062,-86.80841827392578
-744.409821203429,-81.02596717581815,-737.947312203161,-88.33139520876678,-740.1909790039062,-85.79508209228516
-743.2819117447184,-79.99240148374656,-736.8276074727141,-87.29110462759691,-739.0459594726562,-84.78253173828125
-742.1554688582526,-78.95868120515047,-735.6930719846767,-86.2689786224552,-737.9014892578125,-83.77080535888672
-741.0335787072432,-77.92190272539402,-734.5748993546623,-85.22917195518319,-736.757568359375,-82.75972747802734
-739.9088851257658,-76.89237956804202,-733.4557123406152,-84.19087574867304,-735.6146240234375,-81.74916076660156
-738.7844022652903,-75.86173799882016,-732.3221058764038,-83.17112373631144,-734.4722290039062,-80.7391586303711
-737.6636907151038,-74.82704168890356,-731.2055772780902,-82.13408975081359,-733.3303833007812,-79.72997283935547
-736.539382598702,-73.79918837344289,-730.0883453362136,-81.0987907465213,-732.1892700195312,-78.72151184082031
-735.4156402803649,-72.7706425346211,-728.9562861238657,-80.08228107738977,-731.0486450195312,-77.7138442993164
-734.296765491309,-71.73852496183073,-727.8413615039276,-79.04764806774389,-729.9086303710938,-76.70698547363281
-733.1735696441448,-70.71263522690306,-726.7260523506851,-78.01506221518181,-728.7692260742188,-75.70097351074219
-732.0517365240029,-69.68666866847583,-725.5946098901534,-77.00254961872365,-727.6304931640625,-74.69590759277344
-730.9349838495025,-68.65693569977033,-724.4819669829162,-75.96974044761153,-726.4923095703125,-73.69154357910156
-729.814078946383,-67.6333773414768,-723.368779994442,-74.93895755623215,-725.354736328125,-72.68792724609375
-728.6945988907073,-66.60994360806461,-722.2384745094653,-73.92876391409553,-724.2177734375,-71.68498229980469
-727.5807454109596,-65.58251738499055,-721.127993206729,-72.89730659298334,-723.0816040039062,-70.68270874023438
-726.4637652299236,-64.5628081677082,-720.0165468289167,-71.86759352166602,-721.946533203125,-69.68089294433594
-725.3483746540389,-63.54321402515535,-718.8874530905185,-70.85922933137611,-720.8125,-68.67940521240234
-724.2390813565961,-62.51894436135186,-717.7785609960508,-69.82920024933547,-719.6795654296875,-67.67816162109375
-723.1241180555634,-61.50147318407786,-716.6692642028337,-68.80136186740567,-718.5475463867188,-66.67718505859375
-722.0110861934005,-60.48453999099015,-715.5414560514143,-67.79559445037914,-717.4166870117188,-65.67647552490234
-720.9038455846355,-59.46261506821906,-714.4349608233501,-66.76717325038553,-716.2869262695312,-64.67596435546875
-719.7918872100026,-58.44782764674004,-713.327852643675,-65.74089051509903,-715.1583251953125,-63.675655364990234
-718.6818185921526,-57.433565160475005,-712.2016711052084,-64.73706669049962,-714.0309448242188,-62.67536926269531
-717.5729799018205,-56.419239684163415,-711.0973514893591,-63.71032345494506,-712.9048461914062,-61.67521667480469
-716.4676228786303,-55.400183513373086,-709.9929086368396,-62.68621647915482,-711.77978515625,-60.67543411254883
-715.3577996158148,-54.38659308915561,-708.888060409799,-61.66449092719662,-710.6556396484375,-59.676116943359375
-714.2482145722041,-53.37202595256935,-707.7679338057031,-60.66215925956056,-709.5321655273438,-58.67744827270508
-713.143330443201,-52.35319148980789,-706.6668554225454,-59.64006143606092,-708.4093627929688,-57.67951583862305
-712.0334438620546,-51.33963901421632,-705.5654996639853,-58.620586736045986,-707.287109375,-56.68257522583008
-710.9239015261455,-50.325229703184,-704.4485379906899,-57.620838200339406,-706.1651611328125,-55.686767578125
-709.6971809880882,-49.19425294541361,-703.2282634302816,-56.48776274714489,-704.9190063476562,-54.58150100708008
-708.4656429411334,-48.06974722306884,-702.0070679209932,-55.357727217875144,-703.6732788085938,-53.477542877197266
-707.2365491436246,-46.945972854656986,-700.7706246120923,-54.2460875791907,-702.4281616210938,-52.37470626831055
-706.0126080158586,-45.81818402751728,-699.5523056661102,-53.11596984801596,-701.1837158203125,-51.2730712890625
-704.7855129143038,-44.697253207719825,-698.332630509048,-51.98840520440968,-699.93994140625,-50.17229461669922
-703.5601144733756,-43.57659706737151,-697.0991268649827,-50.87809500661063,-698.6969604492188,-49.0723991394043
-702.3395718702011,-42.45171092134141,-695.8826533758877,-49.75023789369618,-697.4546508789062,-47.97334289550781
-701.1153619926087,-41.33347459578295,-694.64851189246,-48.64415897576631,-696.2132568359375,-46.87523651123047
-699.8925656562423,-40.215197428341696,-693.435302016941,-47.51626286560135,-694.97265625,-45.77801513671875
-698.674632298134,-39.09317934271291,-692.2211596273437,-46.39120348975764,-693.7328491210938,-44.68168258666992
-697.4536931097826,-37.977546316611736,-690.9901128717781,-45.286889433012696,-692.4940185546875,-43.58619689941406
-696.2336848302277,-36.86158315942024,-689.7791106335762,-44.16201540186051,-691.2559814453125,-42.49160385131836
-695.0185753965222,-35.74179807624423,-688.5670538866648,-43.03995451452229,-690.0186767578125,-41.39783477783203
-693.8004830354992,-34.62870019338561,-687.3381116985549,-41.93843369337617,-688.7823486328125,-40.30482482910156
-692.5835783777314,-33.51549068052366,-686.1294467783111,-40.81582668803762,-687.546875,-39.21255874633789
-691.3724082679773,-32.39904309474228,-684.9197694067161,-39.69596594925733,-686.3125,-38.12100601196289
-690.1567716129116,-31.288392898259673,-683.6937985339324,-38.596612838491474,-685.0790405273438,-37.03020477294922
-688.9480343049951,-30.17203088633517,-682.4876122794064,-37.47631572803088,-683.846435546875,-35.94000244140625
-687.7362907553719,-29.065820799478953,-681.2799943710859,-36.35844608083691,-682.6153564453125,-34.85010528564453
-686.5265160447092,-27.960269129612534,-680.0560909694854,-35.26058665468845,-681.3858032226562,-33.76032638549805
-685.3229834639791,-26.84773595218894,-678.8519566050516,-34.14272539804424,-680.1575927734375,-32.670841217041016
-684.1137299458697,-25.743950523350925,-677.6467297287941,-33.02770529241228,-678.9307250976562,-31.581546783447266
-682.906451293831,-24.640878636986816,-676.424308227634,-31.933520864141517,-677.705322265625,-30.492334365844727
-681.7067293602879,-23.534227409093372,-675.2225335273191,-30.817162572623264,-676.481689453125,-29.40290069580078
-680.5034977121719,-22.435529244290844,-674.0195960043861,-29.703576137513355,-675.2600708007812,-28.313081741333008
-679.3054209570361,-21.332297199774658,-672.7998280598131,-28.610765227444,-674.0403442382812,-27.22287368774414
-678.1038619667208,-20.234484359794543,-671.6011859834349,-27.4962308532588,-672.822509765625,-26.132339477539062
-676.9093179837251,-19.135642226300448,-670.3828139103083,-26.404514665027627,-671.6070556640625,-25.041019439697266
-675.7140579740774,-18.042608626764512,-669.1864824804915,-25.28954362833889,-670.394287109375,-23.94863510131836
-674.5219788683022,-16.945877814388098,-667.9891299446958,-24.177903548990518,-669.1838989257812,-22.85526466369629
-673.3271944604796,-15.853533279346165,-666.7751324809759,-23.086532608890426,-667.9758911132812,-21.760982513427734
-672.1357002745254,-14.757702968647205,-665.5806858987427,-21.975578322231662,-666.7700805664062,-20.665908813476562
-670.9437672541267,-13.659396706847861,-664.3858429268009,-20.867953991180883,-665.5661010742188,-19.570598602294922
-669.7476688367971,-12.566222022938796,-663.1757791425819,-19.77909753187599,-664.3638305664062,-18.475170135498047
-668.5574689459876,-11.468474092784048,-661.9840946638723,-18.671770613189228,-663.1632690429688,-17.379596710205078
-667.3619073604606,-10.375924343757454,-660.7917235204897,-17.56760062042712,-661.9642333984375,-16.2841796875
-666.1680789405247,-9.284152379248663,-659.5852039330375,-16.480325054113855,-660.7667236328125,-15.188728332519531
-664.981271919996,-8.189627656429582,-658.39553107105,-15.375927426764717,-659.5711669921875,-14.093084335327148
-663.7918130283523,-7.102125493659411,-657.1876863396599,-14.29256822417471,-658.377685546875,-12.996920585632324
-662.6100337886867,-6.0114768310934465,-656.0005407810102,-13.187771982442579,-657.1866455078125,-11.899951934814453
-661.424344322471,-4.928163125251643,-654.8122266456751,-12.085678124548743,-655.9981079101562,-10.801980018615723
-660.2455402508601,-3.8405236230957547,-653.6071299087239,-11.003054612578103,-654.8121948242188,-9.70284652709961
-659.0640437086174,-2.761191083954979,-652.4212927048607,-9.90065124001669,-653.6293334960938,-8.602279663085938
-657.8841782599291,-1.6826840066961237,-651.2343534245218,-8.800849640932164,-652.4495239257812,-7.500095844268799
-656.7105078584448,-0.6001107931838394,-650.0314807679429,-7.719678936547036,-651.27294921875,-6.396324634552002
-655.5322281277338,0.476823183520505,-648.8478307647362,-6.619723953987841,-650.0994262695312,-5.290956974029541
-654.362631575783,1.5565438986485747,-647.6626807246217,-5.522210886124302,-648.9295654296875,-4.183698654174805
-653.1878198779584,2.6299346221670046,-646.463090845058,-4.441503925789737,-647.7631225585938,-3.074445962905884
-652.0194888485015,3.7085189358963753,-645.2813008742701,-3.3435312942751603,-646.6001586914062,-1.9632415771484375
-650.8460392226416,4.781132397254702,-644.0839944720293,-2.2635332758607056,-645.4406127929688,-0.8502148389816284
-649.6741818610473,5.852968081174939,-642.9049224487983,-1.1658658464674085,-644.2846069335938,0.2646859586238861
-648.5099406180935,6.928965248849595,-641.7244879676904,-0.07050364497622685,-643.13232421875,1.381736397743225
-647.339663199832,7.999574753893836,-640.5319854662365,1.0105176593294019,-641.9835205078125,2.5007264614105225
-646.1759132331283,9.076807673898141,-639.3538927812203,2.1046708743922498,-640.8380737304688,3.6215107440948486
-645.0060848929851,10.146581003611654,-638.1750469710306,3.1966567972792435,-639.6959838867188,4.744063854217529
-643.8380730921972,11.215275170921844,-636.98630226123,4.277540477247584,-638.5574951171875,5.868445873260498
-642.6772970228011,12.289690253762828,-635.8093644982523,5.369077453443177,-637.422607421875,6.994694709777832
-641.5110365444076,13.355976344341844,-634.6216962995877,6.448915863115662,-636.2914428710938,8.122957229614258
-640.3518247519044,14.429790197709638,-633.4464638187234,7.539608520108686,-635.1637573242188,9.253127098083496
-639.1858200833965,15.495229598390882,-632.2704176067934,8.628287127719037,-634.0396728515625,10.385144233703613
-638.020327654064,16.560873300259082,-631.0864957226614,9.707673086041863,-632.9190673828125,11.51893424987793
-636.8624326887353,17.633235579154203,-629.9122665304293,10.795403203818445,-631.8018798828125,12.654475212097168
-635.6976707125026,18.697602036996535,-628.7292567768508,11.873299232172448,-630.6881713867188,13.791702270507812
-634.5410575453419,19.769658042805514,-627.5567117483703,12.959963440821662,-629.5778198242188,14.93053150177002
-633.3749538624552,20.83523151203072,-626.3841672187239,14.044112460347687,-628.4702758789062,16.07063865661621
-632.2090482281446,21.901297537914864,-625.2051455072286,15.120293358226128,-627.3654174804688,17.211814880371094
-631.0515909303485,22.974749089861078,-624.034660616336,16.203349054901718,-626.2632446289062,18.353952407836914
-629.8864414814749,24.039555468159374,-622.8569501900215,17.278253450723195,-625.1637573242188,19.497051239013672
-628.7220560727297,25.104415872598622,-621.6880887431763,18.360247298062575,-624.06689453125,20.64104652404785
-627.5662117716985,26.176288091952294,-620.5188214904645,19.44063946874524,-622.97265625,21.78592872619629
-626.4013857435218,27.2405683082546,-619.3451715438048,20.51478576015434,-621.8806762695312,22.931556701660156
-625.2451442309996,28.312560838169077,-618.1779247228964,21.593374144534508,-620.7909545898438,24.077722549438477
-624.0812043627096,29.375324896857077,-617.005768196828,22.666606997916922,-619.7035522460938,25.224565505981445
-622.926252860757,30.444304369671425,-615.8394969260262,23.744716413004895,-618.6187133789062,26.37209701538086
-621.7638495968938,31.50560259267802,-614.6696471379505,24.8181369061845,-617.5362548828125,27.5203914642334
-620.6099246542552,32.57387897870728,-613.5040486694327,25.894488368896933,-616.4561767578125,28.66943359375
-619.4482208835483,33.63409141012509,-612.3350968594413,26.966517762213435,-615.37841796875,29.819211959838867
-618.2956849795844,34.70128005964371,-611.1705044175657,28.04199744995689,-614.3031005859375,30.96976089477539
-617.1352699477407,35.76008159815844,-610.0032224654549,29.113911038970667,-613.230224609375,32.121070861816406
-615.983813563748,36.82668361451961,-608.8394202955704,30.187866194081558,-612.15966796875,33.273155212402344
-614.8243407822629,37.88436915910398,-607.6728759965832,31.25872057746893,-611.091552734375,34.4260368347168
-613.6741166853426,38.950193493821786,-606.510248670381,32.33156797074767,-610.0258178710938,35.579566955566406
-612.515583653495,40.00713916549534,-605.3455928382155,33.40175914989349,-608.9624633789062,36.73381423950195
-611.367667187036,41.07185529494574,-604.1831071691552,34.474111968958056,-607.9016723632812,37.888954162597656
-610.2096380078216,42.12840971422464,-603.0199727540368,35.543036458594386,-606.843017578125,39.04475402832031
-609.063289901252,43.19416866903935,-601.8589418524448,36.61345250863474,-605.7866821289062,40.201194763183594
-607.9065726549495,44.24789393624232,-600.6961641039297,37.683397568055824,-604.7329711914062,41.358585357666016
-606.7629219555514,45.31214855513452,-599.5337307678678,38.75347931229995,-603.6820068359375,42.51699447631836
-605.6052531402612,46.3622505487231,-598.3706194204875,39.82314850193236,-602.6339111328125,43.676570892333984
-604.4572201630945,47.42009944746875,-597.2061996849295,40.89140020071462,-601.5887451171875,44.837371826171875
-603.2991395921912,48.46903017710387,-596.0421144295256,41.9581505262711,-600.5463256835938,45.99925231933594
-602.1490296803387,49.52450215452087,-594.8778345667129,43.023945819199604,-599.5066528320312,47.16217803955078
-600.9933234702098,50.572824198797534,-593.7130715060189,44.09088649172274,-598.4701538085938,48.326332092285156
-599.8463444871618,51.62805551986301,-592.5478880430715,45.15754622135584,-597.4368286132812,49.491878509521484
-598.7030838049926,52.686094775944575,-591.3841627156612,46.224689085830974,-596.4066772460938,50.65874481201172
-597.5441235588937,53.7293951063705,-590.2201688367971,47.29254035224584,-595.3797607421875,51.827186584472656
-596.3941054007787,54.779910303157855,-589.0545580294099,48.3588713251618,-594.3562622070312,52.997093200683594
-595.2403375167994,55.82631886834809,-587.8935745460795,49.43002019700818,-593.3363037109375,54.16861343383789
-594.087356329593,56.87265648680621,-586.7310033602066,50.500454684642854,-592.320068359375,55.341800689697266
-592.9481475988351,57.9305213539894,-585.5740818491821,51.576130583588125,-591.3075561523438,56.516788482666016
-591.8053717102734,58.98512155337316,-584.4184855883302,52.6514588201281,-590.2987670898438,57.693328857421875
-590.6856032010022,60.05926784926834,-583.2632463446848,53.72543103553044,-589.2935180664062,58.871337890625
-589.557973954494,61.12627151972004,-582.1277661750714,54.81601589084386,-588.291748046875,60.0509033203125
-588.4724839097722,62.22755112197501,-580.9900852386529,55.90747666070984,-587.2940063476562,61.232139587402344
-587.3927035823846,63.331584096393904,-579.8570607054743,57.00911725192151,-586.301025390625,62.41565704345703
-586.3294484826588,64.44889866202226,-578.7245817519539,58.11013148579258,-585.3126831054688,63.601409912109375
-585.2748292654619,65.57265827658928,-577.581128435919,59.20285457182382,-584.3289794921875,64.78956604003906
-584.2154690808386,66.69120087305451,-576.4573143783995,60.31489958859745,-583.3504028320312,65.98021697998047
-583.1731891689532,67.82249903450452,-575.334432798707,61.430166725313725,-582.3773193359375,67.1734848022461
-582.1381184434923,68.95794741761136,-574.2230747370801,62.55638203899723,-581.4102172851562,68.36923217773438
-581.1010946767291,70.09121024794315,-573.1602008682211,63.71596052608235,-580.4484252929688,69.56722259521484
-580.1135832462602,71.26144804382085,-572.0987991287597,64.87755055616287,-579.4927978515625,70.76698303222656
-579.1163645314757,72.42133103139797,-571.0518190338925,66.0593177459972,-578.5439453125,71.96975708007812
-578.1811199135414,73.62926164642387,-570.066116853341,67.28494284918833,-577.60107421875,73.17578125
-577.2537733045566,74.83985879787556,-569.0797754897557,68.51896107939135,-576.6658325195312,74.38520812988281
-576.34389113244,76.05935908604233,-568.1255211213293,69.79044174460253,-575.7401123046875,75.59880065917969
-575.4841246509865,77.31337581702657,-567.2181086743418,71.09624742936396,-574.823974609375,76.81685638427734
-574.6253621885514,78.56329329356518,-566.317822176304,72.3946538364228,-573.91748046875,78.03766632080078
-573.7920311698881,79.82997704227243,-565.421948453454,73.68884407934401,-573.0187377929688,79.26261138916016
-572.9604193111276,81.09279516676118,-564.5498380503977,75.00994644242871,-572.129638671875,80.491943359375
-572.1232347090696,82.35085638539279,-563.6848167309296,76.31639569434796,-571.2479248046875,81.72490692138672
-571.3064437023172,83.62001186350787,-562.8302102694693,77.62807260840819,-570.3741455078125,82.9609603881836
-570.4776076281755,84.87815327853843,-562.0059352205029,78.95420597211847,-569.5077514648438,84.19996643066406
-569.6783410417988,86.15548743591548,-561.1826416882365,80.26775952218065,-568.6475830078125,85.44114685058594
-568.8715357121247,87.42491438158108,-560.3816771605218,81.58921492346464,-567.7933959960938,86.68383026123047
-568.084765167194,88.70568508020438,-559.5828894966688,82.90632128135218,-566.9447021484375,87.92801666259766
-567.2904137244583,89.9795784580058,-558.7947708688874,84.22100639326067,-566.1007080078125,89.17316436767578
-566.4947080479441,91.25171805907462,-558.0223142860017,85.53352313307605,-565.2601928710938,90.41851806640625
-565.7201401616086,92.53688319259672,-557.2534524271326,86.83744946870911,-564.4223022460938,91.6632308959961
-564.855756926775,93.93974956333678,-556.4163264063712,88.27126390684558,-563.5033569335938,93.03138732910156
-564.0134119585955,95.35489862805295,-555.5822664408469,89.70147633706515,-562.5867919921875,94.3982925415039
-563.1611455230451,96.76188762796914,-554.7523803041245,91.12556245504695,-561.6716918945312,95.76351928710938
-562.3135522257503,98.16997839646743,-553.9276267378854,92.54647376562959,-560.7576293945312,97.12659454345703
-561.4730647874932,99.5808549273742,-553.1069262427143,93.96330026585008,-559.8441162109375,98.48707580566406
-560.6506679656269,101.00384673651202,-552.2924462039324,95.36981086198793,-558.9296264648438,99.84374237060547
-559.8160575955028,102.41863906033616,-551.4849069125482,96.76760862395373,-558.0127563476562,101.1954574584961
-558.9965713499729,103.84345655536116,-550.6836386881107,98.15887483080357,-557.0924072265625,102.54134368896484
-558.1643919112977,105.26039900179526,-549.888692946542,99.54142924401218,-556.1671752929688,103.88021087646484
-557.3341372992193,106.67885031347902,-549.0971459573412,100.91834681581821,-555.236083984375,105.21158599853516
-556.5116481955613,108.10195325799499,-548.3097431875807,102.2947091390033,-554.2988891601562,106.53524017333984
-555.6791733016402,109.51517769469119,-547.518461264694,103.67065724696374,-553.356201171875,107.85151672363281
-554.8447993909748,110.9288516097318,-546.7378081252994,105.04297328316598,-552.406982421875,109.158935546875
-554.0165515819621,112.34656836732225,-545.9607129183463,106.4139912514437,-551.450927734375,110.45716094970703
-553.1785227714389,113.75829624849943,-545.1773317434133,107.77369175775591,-550.4873657226562,111.74540710449219
-552.3415927043208,115.16777981945486,-544.4013486790744,109.14140817707946,-549.5169677734375,113.02398681640625
-551.506607597734,116.57695984775307,-543.6114238963503,110.49856409431929,-548.5399780273438,114.2929916381836
-550.6667226235506,117.97885636974544,-542.8297751212693,111.8656862044979,-547.5570068359375,115.55313873291016
-549.8296232873661,119.38163958765682,-542.0488614067592,113.23182411015424,-546.568359375,116.8039779663086
-548.9835132148621,120.7755809988824,-541.2441399096485,114.5789089514061,-545.5740966796875,118.04576873779297
-548.1355923540684,122.17128209004474,-540.4573051843936,115.93396072343269,-544.5734252929688,119.27761840820312
-547.2843644615773,123.56428134555618,-539.6440040458199,117.26663569302326,-543.5662231445312,120.49956512451172
-546.426948194993,124.95134690943226,-538.8467799741572,118.61235070889208,-542.552734375,121.71149444580078
-545.5724894923316,126.34133256542208,-538.0474761008178,119.95580687159176,-541.5328369140625,122.91339111328125
-544.7027903021946,127.72124829369699,-537.2095922477408,121.26323660638691,-540.5062866210938,124.1044921875
-543.8310632636469,129.10284165461738,-536.3979944833823,122.59068745346056,-539.4725952148438,125.28436279296875
-542.9476520066846,130.4748334055611,-535.541449463915,123.87817268011702,-538.4319458007812,126.45272064208984
-542.0544778216364,131.84483828151699,-534.7123784503121,125.18571137303371,-537.3836669921875,127.60851287841797
-541.1584988643202,133.21157865899477,-533.8785296457662,126.48982803281997,-536.3281860351562,128.75164794921875
-540.2321842585751,134.55117635516964,-532.9791051371618,127.7331096988767,-535.265380859375,129.88226318359375
-539.3068914876724,135.88836809937564,-532.1159983200072,129.01232294257065,-534.1956787109375,131.00094604492188
-538.3732180454771,137.21932276381153,-531.1808910222929,130.22141512835626,-533.1192016601562,132.10733032226562
-537.3898618500193,138.50852969080248,-530.286334177771,131.4663803687423,-532.0355224609375,133.20045471191406
-536.4075455205669,139.80474028017872,-529.3177316638735,132.63503809101732,-530.944091796875,134.27972412109375
-535.4156368534035,141.08672332098246,-528.3898689131768,133.84465098645657,-529.845703125,135.34530639648438
-534.356464900068,142.30159310027614,-527.447480138357,135.03828343710637,-528.739990234375,136.39707946777344
-533.305594578203,143.52081220344232,-526.4133349525503,136.13370081941477,-527.6275024414062,137.43504333496094
-532.2385409408523,144.72908662841522,-525.4367401591678,137.28681572720768,-526.5076293945312,138.4585418701172
-531.1111437414975,145.86861224408915,-524.362254266556,138.32944105275573,-525.3807983398438,139.46725463867188
-529.9944490939736,147.01916208136052,-523.3500775843046,139.43789460742192,-524.246826171875,140.46109008789062
-528.8407980008133,148.12497362038852,-522.32196713184,140.52504271819697,-523.1062622070312,141.4394073486328
-527.5875235613054,149.315750263029,-521.0932581677033,141.5820693907352,-521.85546875,142.48974609375
-526.3172930447295,150.4894646802377,-519.9401400270984,142.72158214759833,-520.5975952148438,143.5224151611328
-525.039015556668,151.6371463332814,-518.6695979222264,143.71354757918803,-519.3330688476562,144.53890991210938
-523.7321181306673,152.72810021836227,-517.4902457087678,144.81681472069266,-518.0621337890625,145.54165649414062
-522.4331208518881,153.824116879422,-516.2870326626252,145.88899712947028,-516.7844848632812,146.53125
-521.1249801466255,154.9063846090586,-514.9622895275573,146.80248300625362,-515.499267578125,147.50860595703125
-519.7756236796519,155.94652609861785,-513.733767474716,147.83893986917545,-514.2058715820312,148.4724578857422
-518.4371304854533,156.9858256349057,-512.4849401761886,148.8497848517194,-512.9050903320312,149.42408752441406
-517.0883275335997,158.00894985889178,-511.1201606678738,149.7016319409278,-511.5962829589844,150.36436462402344
-515.7031929330708,158.99348489297887,-509.851419118825,150.68500935210508,-510.2790222167969,151.29212951660156
-514.3162722262758,159.9819195751337,-508.5564027797681,151.63194886134804,-508.9529724121094,152.20684814453125
-512.9229569785339,160.95510115791458,-507.1626087752199,152.43567968289545,-507.6181335449219,153.10939025878906
-511.49935674647253,161.87713127482274,-505.8494137733504,153.35857109760892,-506.2749938964844,154.00022888183594
-510.07853971973117,162.79532100045063,-504.42629904096896,154.11612342088836,-504.9238586425781,154.88014221191406
-508.6484331594588,163.69665983926285,-503.0952869065958,155.01563527246378,-503.56475830078125,155.74954223632812
-507.21382002793524,164.58035793296267,-501.7423704784741,155.88548645213737,-502.1980285644531,156.60958862304688
-505.7434638013689,165.41212272473078,-500.30258225210935,156.61766632446336,-500.8236389160156,157.4598846435547
-504.2804873218474,166.25478458737663,-498.9358584112486,157.46789672324462,-499.4421081542969,158.30020141601562
-502.8093140929842,167.080967968435,-497.5520692682871,158.29249565144923,-498.0535583496094,159.13082885742188
-501.3128301432553,167.86487208981418,-496.0972176232694,158.99811750421435,-496.6581115722656,159.95166015625
-499.8197425480228,168.6620433152939,-494.7029995217182,159.80521534535794,-495.25567626953125,160.76187133789062
-498.3224847824145,169.44983426375734,-493.2942652678923,160.5882234739944,-493.84649658203125,161.56146240234375
-496.80988864383374,170.20038817345733,-491.8284643210062,161.27098052354867,-492.4310302734375,162.35110473632812
-495.31018303746004,170.95917865678993,-490.4132866846002,162.0458645104212,-491.0099182128906,163.13185119628906
-493.8155153279015,171.71154793142713,-488.9845153247668,162.8001703776447,-489.5835266113281,163.90512084960938
-492.3055759181566,172.4275836620666,-487.505004198759,163.46278263204243,-488.15228271484375,164.67153930664062
-490.8026315435578,173.15681349793766,-486.07058641513913,164.21155866423294,-486.71588134765625,165.431396484375
-489.2816364590285,173.86569591878043,-484.5778350000638,164.84861311873138,-485.274169921875,166.1834716796875
-487.75404502719033,174.5783753212513,-483.13746805167335,165.5842974920296,-483.8264465332031,166.92657470703125
-486.2223674082248,175.28328066499927,-481.68467521970746,166.29733124908051,-482.373046875,167.66050720214844
-484.67953203537274,175.9572953068402,-480.1805897763523,166.91154265617817,-480.91400146484375,168.38616943359375
-483.1374571774211,176.62800148645277,-478.71669744151154,167.60787685391608,-479.4498291015625,169.103759765625
-481.59226072491094,177.2879449630421,-477.24333815130353,168.28945247986158,-477.98016357421875,169.8140411376953
-480.0398031396335,177.93785552740675,-475.7223050848821,168.87300382772588,-476.505126953125,170.51658630371094
-478.46130045165347,178.53171985348013,-474.236138332676,169.5318685146025,-475.02471923828125,171.2115936279297
-477.0178676454078,179.0896958304268,-472.8678886510556,170.1242945868545,-473.6629638671875,171.84193420410156
-475.5600578798292,179.60764965360818,-471.45563588631245,170.62608586407595,-472.2966003417969,172.46633911132812
-474.10176394286,180.1239126422745,-470.07339955661405,171.19476756660436,-470.926025390625,173.0846710205078
-472.64085926012456,180.63222190098057,-468.64867484873764,171.67086951551482,-469.55133056640625,173.69708251953125
-471.1579686477887,181.09984675018592,-467.2532436608945,172.2115087744785,-468.17205810546875,174.30300903320312
-469.67769728816336,181.57161727310842,-465.8171485316042,172.65951299364997,-466.7886657714844,174.9022674560547
-468.19540939083754,182.02959189291778,-464.4062911984822,173.1689237150997,-465.4012451171875,175.49557495117188
-466.7016208937999,182.45182970470216,-462.98668364392097,173.66193587383972,-464.0101318359375,176.08351135253906
-465.21614272036743,182.88095473325072,-461.52645964989495,174.0645734272534,-462.6156311035156,176.6671142578125
-463.7157228640254,183.28791030230155,-460.0921346470618,174.52334912880335,-461.2174377441406,177.24517822265625
-462.21399655238645,183.69468680526592,-458.62086542002066,174.8911035845113,-459.81524658203125,177.81747436523438
-460.71326713948304,184.09722566029885,-457.1689522940781,175.30752330853272,-458.40960693359375,178.38427734375
-459.2019993300422,184.46979626648587,-455.71068626136986,175.7094018247389,-457.0005187988281,178.9458465576172
-457.69418424166156,184.8462794707202,-454.215647608326,176.02114909616066,-455.5879211425781,179.5026397705078
-456.1795581376925,185.20563001616742,-452.73898512352025,176.3787412725795,-454.1717834472656,180.05462646484375
-454.6649690487004,185.5578975596268,-451.2334469350574,176.66677511147572,-452.7524108886719,180.60243225097656
-453.1477248228846,185.90628926581684,-449.7430481501375,176.99429749918286,-451.3291931152344,181.14614868164062
-451.6215679986302,186.23624649935869,-448.2324906022298,177.26496739920037,-449.9023132324219,181.6851806640625
-450.0912031422935,186.56354227961037,-446.7374187076887,177.5685174859747,-448.47125244140625,182.21875
-448.55548153795803,186.88585642773273,-445.2406369837514,177.85444833510323,-447.0358581542969,182.74559020996094
-447.0146706371831,187.19410136158825,-443.73448947409094,178.11342385536156,-445.5956726074219,183.2658233642578
-445.4747468768695,187.49817649776477,-442.2357745895748,178.39678264781466,-444.1514587402344,183.77978515625
-443.93483493097386,187.80115953758946,-440.7272660435707,178.65429412533885,-442.7027893066406,184.2877960205078
-442.3878403917811,188.09079303393173,-439.23072843725834,178.93218723664768,-441.24957275390625,184.7887420654297
-440.8371640676212,188.378613143204,-437.73801614453316,179.20260858723185,-439.79107666015625,185.28134155273438
-439.28856181181044,188.67307826719306,-436.24436513405306,179.45959914017345,-438.3276672363281,185.76486206054688
-437.7369497816913,188.95307513023155,-434.75466276940466,179.72974621347996,-436.85955810546875,186.23956298828125
-436.1885142380961,189.2410697647013,-433.26015800467695,179.98725322161445,-435.38623046875,186.70579528808594
-434.6309390190091,189.5004699166801,-431.77336038896755,180.25642923450033,-433.90826416015625,187.1626739501953
-433.0695577366354,189.7446798897845,-430.2855297058694,180.52215409442175,-432.4252624511719,187.6103515625
-431.53488398451447,190.07316629538363,-428.7941992208253,180.78589347711517,-430.9376525878906,188.04934692382812
-429.9895911111291,190.36241508121242,-427.299707647208,181.05589990711113,-429.4456787109375,188.48057556152344
-428.461547075853,190.7128384468611,-425.80129606538605,181.3241789916618,-427.9491882324219,188.90460205078125
-426.9205992523192,191.02291299847008,-424.3068919728404,181.59658172083667,-426.4486083984375,189.3206787109375
-425.3785672936541,191.33250683001398,-422.81230194088977,181.86745992833005,-424.9437255859375,189.72869873046875
-423.8531222266758,191.70737653964102,-421.31908906327567,182.1435821907883,-423.4347839355469,190.12850952148438
-422.3146769442478,192.0323958807926,-419.8178825388649,182.42176362970866,-421.9221496582031,190.521484375
-420.7959345320639,192.434397724293,-418.30848239145456,182.69956020989216,-420.4061279296875,190.9088592529297
-419.2644853313384,192.78533525817105,-416.78886295897456,182.99282533687523,-418.8871765136719,191.29286193847656
-417.73791651194296,193.15107144946555,-415.2512421528449,183.28651106011444,-417.36614990234375,191.67628479003906
-416.22359832541656,193.5663642696861,-413.70336957429606,183.59178718768456,-415.84326171875,192.06106567382812
-414.69683493679287,193.93507289647656,-412.14569536751486,183.89988071299356,-414.3189392089844,192.44857788085938
-413.1841867244345,194.36501624282667,-410.58464566746517,184.21162224145056,-412.79351806640625,192.83912658691406
-411.65851859758936,194.74765053737653,-409.02434049810813,184.55200926091516,-411.2673034667969,193.2334442138672
-410.1341353064578,195.14206349976504,-407.4593535506441,184.89288062240996,-409.74005126953125,193.63201904296875
-408.6261152924946,195.59744591229781,-405.88226778053377,185.24519693278478,-408.2124938964844,194.03689575195312
-407.1076094841246,196.01181591240206,-404.3059120223837,185.64340103254185,-406.6854553222656,194.44952392578125
-405.60197687599333,196.47928915618914,-402.72334374964885,186.04204101103068,-405.1583251953125,194.87071228027344
-404.08207379992297,196.90666973860263,-401.14530015822595,186.45397311023248,-403.6306457519531,195.2999267578125
-402.5608067915217,197.3339235289289,-399.5844617450796,186.92254367486402,-402.1040954589844,195.736328125
-401.07282863909273,197.87545961200138,-398.0150785387285,187.39387180011,-400.57861328125,196.1813507080078
-399.5715172599085,198.3729310102699,-396.4380320222783,187.88890819693756,-399.05279541015625,196.63739013671875
-398.09296912160335,198.9515067983711,-394.87883722511475,188.44886403196423,-397.5276184082031,197.10414123535156
-396.6040032531148,199.49864032054984,-393.32596221511807,189.01311026911475,-396.0043029785156,197.5803680419922
-395.11313423201364,200.05091275604374,-391.78463225418403,189.59980594207866,-394.4808349609375,198.06556701660156
-393.6531897849925,200.69983630070567,-390.25615997826907,190.24864509766445,-392.9578552246094,198.5605926513672
-392.1885227180824,201.3089319777256,-388.7066493677907,190.91528953261923,-391.4383544921875,199.0696258544922
-390.762147151121,202.02830484055346,-387.16386699238353,191.60486861665044,-389.9215393066406,199.59324645996094
-389.32908165249154,202.72820265136514,-385.6353654719099,192.31544284599335,-388.40753173828125,200.13031005859375
-387.90301012013174,203.45768461583424,-384.14266934482674,193.0885517283912,-386.8952331542969,200.67874145507812
-386.4950696324312,204.2239928582197,-382.6426082843981,193.85762494010785,-385.385986328125,201.2396240234375
-385.07504229030127,204.97188153146928,-381.1630625998595,194.64571757101723,-383.8775939941406,201.81106567382812
-383.6637594612701,205.72995702620216,-379.6987909153182,195.4922916299351,-382.3718566894531,202.39422607421875
-382.272393395863,206.52854660614537,-378.22895454235936,196.33466756352777,-380.86895751953125,202.9903564453125
-380.8826497543929,207.30853537380264,-376.75979752467396,197.21037860266918,-379.36956787109375,203.60252380371094
-379.50816750810355,208.11430653915994,-375.3057077850584,198.11916237092052,-377.8753356933594,204.23077392578125
-378.12885183374505,208.90934451049972,-373.85795148693734,199.02689156130398,-376.3852233886719,204.874755859375
-376.75114157485467,209.7101587862,-372.41547055716467,199.93036665349513,-374.89947509765625,205.53343200683594
-375.3790145670124,210.5320591891558,-370.98148788245527,200.83389951808678,-373.4172058105469,206.20555114746094
-374.0014272552957,211.3428750563233,-369.55087704975585,201.73694310584304,-371.9386291503906,206.89059448242188
-372.6183297279619,212.15278707724462,-368.13599965747994,202.65772131448176,-370.4630432128906,207.58717346191406
-371.2330886223446,212.96536017285638,-366.7255031424789,203.57873834305227,-368.9900817871094,208.2945098876953
-369.86668252305685,213.82458329693162,-365.32199421130434,204.50606272493488,-367.5194396972656,209.01174926757812
-368.49311734962424,214.67345606829136,-363.906176104972,205.40382567169817,-366.0510559082031,209.7383575439453
-367.1278069998141,215.54375403231762,-362.49306775053765,206.30465402835668,-364.5845947265625,210.4739990234375
-365.75606136835876,216.40639567848962,-361.0802076095116,207.20330755394244,-363.1200256347656,211.21810913085938
-364.3795331351493,217.26296947702352,-359.64930865132015,208.06725577399806,-361.65716552734375,211.97059631347656
-363.0144642019317,218.143479785603,-358.21829430711676,208.93321754956733,-360.1961669921875,212.7313995361328
-361.6429185236608,219.0117855379644,-356.7867672732024,209.8016940496007,-358.73712158203125,213.50070190429688
-360.41162581410015,219.83104158418985,-355.4860185160702,210.59550130767806,-357.41229248046875,214.207275390625
-359.17183461027565,220.6417070985975,-354.192985861717,211.40168149316432,-356.0889587402344,214.9203338623047
-357.9398308180061,221.46944960769977,-352.91146837343456,212.23029087054474,-354.7670593261719,215.6397705078125
-356.7038062755308,222.28748098751902,-351.6258821638242,213.05609423239548,-353.4466247558594,216.36610412597656
-355.45839883942233,223.09200431381865,-350.3479483509717,213.89666160884673,-352.12774658203125,217.09909057617188
-354.22357132475446,223.9227113146523,-349.0692852945843,214.73468248450635,-350.8102722167969,217.83816528320312
-352.97038883370925,224.72722069303265,-347.79786231442796,215.58535681469866,-349.4939270019531,218.5829620361328
-351.7456204176199,225.58175702701118,-346.5240321077441,216.43516942380433,-348.17877197265625,219.33375549316406
-350.5124218383174,226.42118363302774,-345.2566188633095,217.29889059973675,-346.8650817871094,220.09063720703125
-349.29041488156054,227.28396917423095,-343.99103864598885,218.16658264659384,-345.552734375,220.85342407226562
-348.0635176379121,228.14307250994142,-342.72554940428086,219.03491311787013,-344.24163818359375,221.62181091308594
-346.83329443764114,229.00534865661322,-341.46542417413184,219.9118763149308,-342.9313659667969,222.395263671875
-345.5982218240767,229.8594646091652,-340.1971800967034,220.7783573392792,-341.62200927734375,223.17401123046875
-344.3682211884492,230.7219270918828,-338.9328900479761,221.65436901959168,-340.3138427734375,223.95816040039062
-343.1315521952072,231.5773658049512,-337.6623448994073,222.52153831151722,-339.0067443847656,224.74757385253906
-341.8985596152539,232.44154888729614,-336.3968794901738,223.39921072949588,-337.70074462890625,225.5421905517578
-340.6649563471106,233.30671541672888,-335.12417998640694,224.2678530170962,-336.3957214355469,226.3421630859375
-339.42201366212646,234.16444482688303,-333.858327430244,225.14862551488275,-335.0915222167969,227.14698791503906
-338.18366669208,235.03196269164786,-332.58445679746984,226.01821426418746,-333.7884521484375,227.95643615722656
-336.9370845608446,235.89208753773352,-331.3082723120217,226.88666307217923,-332.48583984375,228.7706298828125
-335.6964020131602,236.7607806308948,-330.0405987685032,227.77194090796718,-331.18426513671875,229.58958435058594
-334.4485642434746,237.62238627831096,-328.7619499927713,228.64180269832113,-329.88360595703125,230.41317749023438
-333.20294999738746,238.49425281784247,-327.4923698171971,229.52765577345355,-328.5836181640625,231.24110412597656
-331.955389272128,239.36799961341626,-326.21210158350124,230.3989836308105,-327.2841796875,232.0731964111328
-330.69918518110484,240.23503759090832,-324.94025140391915,231.2855491759634,-325.98504638671875,232.9091796875
-329.443964151745,241.1135031454063,-323.6593648568163,232.15954708379695,-324.6858825683594,233.7484893798828
-328.18181618483453,241.98486373373822,-322.37575470081055,233.0320778105325,-323.3867492675781,234.59100341796875
-326.9209068695673,242.86716434596894,-321.10434662125056,233.92518471084816,-322.0872802734375,235.436279296875
-325.65261665681703,243.74334958658673,-319.8192892437844,234.8003277492099,-320.7872314453125,236.28427124023438
-324.39181849931674,244.6257625765298,-318.5446125138661,235.6957282946377,-319.4873046875,237.13543701171875
-323.12992344272453,245.50942915675216,-317.2571583726442,236.57463735286828,-318.1873779296875,237.9898681640625
-321.86315597650173,246.38551271748858,-315.9802834842647,237.4732109551589,-316.88763427734375,238.84780883789062
-320.6001905222375,247.26973255960675,-314.69006646698125,238.35450681223304,-315.5881652832031,239.70925903320312
-319.32955295597134,248.14911957711195,-313.4108555858764,239.25472814551293,-314.2887268066406,240.57395935058594
-318.061324755405,249.03649442005403,-312.11836377052356,240.1376749895246,-312.9892883300781,241.4417724609375
-316.78591795803015,249.91915226438329,-310.82309370886804,241.0188593105523,-311.6897277832031,242.3124237060547
-315.51170328261406,250.81066299828527,-309.54182176892766,241.9233851244796,-310.3897399902344,243.1856689453125
-314.23493158041856,251.7044475946362,-308.24501866234687,242.80716469559096,-309.0892639160156,244.06118774414062
-312.9525216018759,252.59244062921644,-306.96143241169835,243.71369060257183,-307.78826904296875,244.93905639648438
-311.6717271141876,253.48847544676138,-305.66265159429355,244.60011202429203,-306.4866943359375,245.81900024414062
-310.38421766601994,254.37999505762082,-304.3769791281288,245.50862292657223,-305.184326171875,246.70089721679688
-309.0993326852706,255.27887406078472,-303.0758279476473,246.39697373127507,-303.8812561035156,247.58460998535156
-307.8109146992863,256.171549282462,-301.7866533150529,247.3064265785118,-302.5776672363281,248.470458984375
-306.5258658277626,257.0707563681214,-300.4830373900949,248.1979474602294,-301.2735290527344,249.358642578125
-305.24045492063806,257.97082613511833,-299.17589410123634,249.08751114533092,-299.968994140625,250.24923706054688
-303.94999172255655,258.865327019578,-297.8856301018643,250.00481889300826,-298.6641540527344,251.14230346679688
-302.6639698709055,259.76519809655133,-296.5757810367021,250.89698074203397,-297.3592224121094,252.0381622314453
-301.37378334072383,260.6593967333001,-295.2841629310405,251.81905829439134,-296.0542907714844,252.9370574951172
-300.08802878881295,261.55887896380585,-293.9681834071939,252.70900411608585,-294.7497253417969,253.8391876220703
-298.7976172374182,262.4537705230733,-292.66280811680883,253.61754487342478,-293.4454040527344,254.7447509765625
-297.5080695233054,263.3555538689538,-291.35138942760824,254.51997982470573,-292.1412353515625,255.65350341796875
-296.2144223527388,264.25348231437573,-290.03088415131873,255.4124070142428,-290.83734130859375,256.5654602050781
-294.92343735790394,265.1554033554087,-288.74322996325833,256.3554060461728,-289.5337219238281,257.4809875488281
-293.62778772852386,266.0539888582229,-287.46262382319276,257.3113577837838,-288.2303771972656,258.40008544921875
-292.3355925763178,266.9565729594694,-286.1802622530883,258.2667787065441,-286.9281005859375,259.3225402832031
-291.042651451584,267.8603169624489,-284.9190229319641,259.25430540502083,-285.6265563964844,260.2486572265625
-289.74846052036446,268.7583225121404,-283.6207834682234,260.1932819198749,-284.3260498046875,261.1790771484375
-288.45250328850835,269.6637314473462,-282.33889940640637,261.1562669855878,-283.02642822265625,262.1130065917969
-287.14547815219845,270.5705731579549,-281.03791174195413,262.093194541402,-281.7267761230469,263.0493469238281
-285.834817457543,271.4866466322176,-279.7524880479009,263.0532694392539,-280.4261779785156,263.98736572265625
-284.5176283340778,272.4014250021118,-278.45243087185577,263.99516695197264,-279.12445068359375,264.92657470703125
-283.20220542930247,273.3201393539698,-277.16912296426807,264.9630564365091,-277.82171630859375,265.8670349121094
-281.88085652974223,274.2369226380955,-275.86648565148397,265.9061074079582,-276.5178527832031,266.808349609375
-280.56007177241895,275.1599010958022,-274.58126447564973,266.875682439629,-275.2125549316406,267.7503967285156
-279.23349275848545,276.0815647228159,-273.27647272857246,267.8203997457715,-273.90557861328125,268.6928405761719
-277.9088927449577,277.0069660863565,-271.99328676987886,268.79805771724943,-272.5970153808594,269.6358337402344
-276.5828276417605,277.92841694858447,-270.68219811039154,269.74007244338446,-271.2872314453125,270.5796813964844
-275.2585572746517,278.85324205983267,-269.40039596380757,270.7255682845619,-269.9762878417969,271.5245666503906
-273.92978133493466,279.7763427394885,-268.07611686310287,271.6545013403331,-268.6640930175781,272.4703063964844
-272.60154422515177,280.7048591399515,-266.77542533268604,272.6185901041506,-267.3504943847656,273.416748046875
-271.26983164829,281.6311474741684,-265.44450864034525,273.5429762325939,-266.03564453125,274.3637390136719
-269.93766378847346,282.5570569877603,-264.13431122311033,274.49913903795243,-264.719482421875,275.3116455078125
-268.6058006623709,283.4875312207836,-262.8012508196813,275.4258120588973,-263.40203857421875,276.2602233886719
-267.2710409712604,284.41600179354066,-261.48869458569254,276.38336436160415,-262.0833740234375,277.20947265625
-265.9351545476752,285.34876735692274,-260.1552473244027,277.314246879665,-260.76312255859375,278.15924072265625
-264.5992260215956,286.2768449669372,-258.8386004894976,278.27198074508215,-259.4417724609375,279.1101379394531
-263.26706155403696,287.2083262332048,-257.51151142911385,279.21791903320656,-258.1197814941406,280.0623779296875
-261.9307423662102,288.13835075091305,-256.2058895763755,280.19578860809145,-256.7969665527344,281.0158386230469
-260.59111375094494,289.06999471520044,-254.8731119448166,281.13789455046344,-255.47308349609375,281.9701843261719
-259.25179783367736,290.0064126039788,-253.56287191741566,282.1131460660032,-254.14810180664062,282.9251403808594
-257.9102731667546,290.9407609626589,-252.2367194640414,283.06911728540945,-252.8218994140625,283.8810119628906
-256.5699140981306,291.87722398066114,-250.87945293889047,283.98453348202383,-251.4947052001953,284.837890625
-255.22637938922338,292.8111834394894,-249.54059381899455,284.92790487345854,-250.16656494140625,285.7958068847656
-253.8844117022502,293.7492536546426,-248.18354059105118,285.84893096551167,-248.83734130859375,286.7549743652344
-252.54270361716038,294.683238446362,-246.8451263905676,286.7989207653894,-247.50772094726562,287.7158203125
-251.20496788381033,295.6175004858056,-245.50338991624034,287.7480297044766,-246.17803955078125,288.67919921875
-249.86467530920913,296.5490937093412,-244.14405879891706,288.6753383624344,-244.84861755371094,289.64508056640625
-248.52974087591244,297.482054958793,-242.8020601681089,289.6301421524705,-243.51995849609375,290.6142883300781
-247.19082469111223,298.41431634538293,-241.43987253158667,290.55950697753934,-242.19189453125,291.5866394042969
-245.85474733888063,299.3477186967216,-240.09522766268213,291.51595705309234,-240.86488342285156,292.5625305175781
-244.51446550759871,300.2803891137134,-238.7303310015106,292.4473314783342,-239.53858947753906,293.5419006347656
-243.1712462988249,301.21487596064753,-237.38236318429279,293.40332769997406,-238.21302795410156,294.52423095703125
-241.8265649953909,302.1542894889705,-236.03271438054557,294.3589415297781,-236.8876953125,295.50927734375
-240.4789632142089,303.09306897854924,-234.66626917318504,295.29401038034985,-235.56271362304688,296.4967956542969
-239.12948686468565,304.0356354948088,-233.31380912935734,296.24962816381833,-234.23768615722656,297.48651123046875
-237.77406480913433,304.9791392152276,-231.94620051075518,297.1861065879233,-232.9121551513672,298.477783203125
-236.41653654604954,305.9271460635714,-230.59328934699363,298.1432342968636,-231.5858612060547,299.4700012207031
-235.05421574992616,306.87518740179456,-229.23898253488724,299.1000654536751,-230.25830078125,300.4629211425781
-233.69071484510542,307.8278141208643,-227.87161462292005,300.0404309670414,-228.9293670654297,301.4559631347656
-232.3233473718397,308.7805895444078,-226.51649444171224,300.99855707845165,-227.5987091064453,302.4488830566406
-230.95424394792514,309.7348559381948,-225.15895420521753,301.9549413905961,-226.26625061035156,303.4414367675781
-229.5843466410475,310.6908470702116,-223.78976309458477,302.897541248518,-224.93186950683594,304.43359375
-228.21066505187122,311.64707125844313,-222.43152536170908,303.85601319341527,-223.5953369140625,305.42498779296875
-226.83553257244844,312.60730806123104,-221.06146262971902,304.7993403999706,-222.25637817382812,306.4151611328125
-225.45716856043012,313.56730015517144,-219.70321144106194,305.7600327822806,-220.91476440429688,307.4039306640625
-224.21581114713388,314.4344006367259,-218.4805406800455,306.62511074609796,-219.70501708984375,308.2923889160156
-222.973238892558,315.29997888988197,-217.24605648602306,307.4760539442961,-218.4930419921875,309.1795654296875
-221.72969027712003,316.166246587841,-216.0217569903733,308.34241774742054,-217.27879333496094,310.0654296875
-220.48743899296022,317.0339369203466,-214.7852535351084,309.1941695217151,-216.06243896484375,310.95013427734375
-219.24314719520842,317.9016578889127,-213.55928742445508,310.06146197249063,-214.8439483642578,311.83349609375
-217.9985655251137,318.770738346251,-212.33145886846842,310.9278815315379,-213.6232147216797,312.715576171875
-216.75079000097884,319.6404597358478,-211.09297105714919,311.78011169121567,-212.40003967285156,313.59600830078125
-215.50355839512014,320.5117207641379,-209.86366926248067,312.6465492658696,-211.1746063232422,314.4747314453125
-214.255689854747,321.38327498590303,-208.6233551919732,313.49941733404415,-209.94679260253906,315.3518981933594
-213.00563284920437,322.255343758936,-207.39294116632877,314.36714927229536,-208.71649169921875,316.227294921875
-211.75573289480675,323.1290188733778,-206.15794608981273,315.2298501818141,-207.48382568359375,317.100830078125
-210.50427500541613,324.0028326640268,-204.92073339575424,316.09073017335214,-206.24867248535156,317.97247314453125
-209.25191733281375,324.8772397435791,-203.69602524222748,316.9711752794698,-205.01092529296875,318.84228515625
-207.999541073923,325.7516221311452,-202.44633763173775,317.8181396716937,-203.77081298828125,319.7103271484375
-206.74704129230895,326.6257456898856,-201.20831924583092,318.68401066381614,-202.5283966064453,320.5768127441406
-205.49306074424788,327.5017076727723,-199.930817551907,319.4940327218731,-201.28355407714844,321.4414978027344
-204.2379903401515,328.37818178698797,-198.64658446777298,320.2956093194799,-200.03622436523438,322.30438232421875
-202.98227825614836,329.2545888588006,-197.35401779442074,321.0865601559709,-198.78652954101562,323.1654968261719
-201.72539633681689,330.1311836339182,-196.10610474586412,321.94361755153255,-197.5344696044922,324.0248107910156
-200.46787694787878,331.00941043477087,-194.86631870416218,322.81401393323756,-196.27996826171875,324.88226318359375
-199.20924837900563,331.88791369841516,-193.6400009919017,323.7062566660016,-195.02294921875,325.7379150390625
-197.94988126318697,332.76759321260647,-192.3983269081051,324.5774975801924,-193.7635498046875,326.5915832519531
-196.69040933787622,333.6459891728215,-191.16432899450427,325.4629605329757,-192.5018768310547,327.443603515625
-195.42941342653785,334.52562150105695,-189.92131560634763,326.33671970086925,-191.23776245117188,328.29388427734375
-194.16818230546895,335.4076216388912,-188.68787535938102,327.226196430038,-189.9713134765625,329.1422119140625
-192.90470563528382,336.2884782418122,-187.44279553941956,328.0999460715521,-188.7025146484375,329.988525390625
-191.6406388595742,337.1708564756193,-186.20801467817745,328.9912906407536,-187.43116760253906,330.8329162597656
-190.3756014692098,338.0534223958732,-184.97120927192543,329.8816360199664,-186.15744018554688,331.67529296875
-189.1101169937769,338.9379542140856,-183.72770668026487,330.7637703930657,-184.88124084472656,332.515625
-187.84293575064325,339.82098244015344,-182.4951277691361,331.66505456124804,-183.6025848388672,333.3540344238281
-186.5739264411453,340.7065272172351,-181.24674810430528,332.54328171574286,-182.32142639160156,334.1900939941406
-185.30324292274196,341.594220580563,-180.01044135661667,333.44177539324505,-181.03746032714844,335.023681640625
-184.02935318401651,342.47831688789057,-178.7682501756444,334.33369129545196,-179.75082397460938,335.85479736328125
-182.75682478718886,343.36483463076013,-177.50473954970025,335.19495649537146,-178.46168518066406,336.68353271484375
-181.481472275544,344.2487649733721,-176.25471744172526,336.0794635498262,-177.1699676513672,337.5099792480469
-180.20662918150106,345.1370711953082,-174.98693226028522,336.9382249592096,-175.8755645751953,338.33404541015625
-178.92905028961135,346.019749498485,-173.7350179624032,337.8246650012306,-174.5787811279297,339.15594482421875
-177.65364404550826,346.9065533376254,-172.46133771162627,338.6786035743273,-173.27984619140625,339.97564697265625
-176.37137148488415,347.78852051878147,-171.2060334170255,339.5624664428702,-171.9785614013672,340.7927551269531
-175.0922658584488,348.673991326695,-169.92454296415204,340.4061574311646,-170.67532348632812,341.6073303222656
-173.8091163801959,349.5525515531009,-168.6578038283029,341.2740919971046,-169.37042236328125,342.4193115234375
-172.52972981805465,350.43394356441024,-167.36995897219202,342.1092358280183,-168.06402587890625,343.2290344238281
-171.2482413118454,351.3070593790419,-166.09742431684398,342.97001354096705,-166.75653076171875,344.0368347167969
-169.96884761673005,352.1826902545836,-164.82787577551096,343.8358139798142,-165.44805908203125,344.8427429199219
-168.68822475674318,353.05856007969385,-163.53512649397175,344.6636717819053,-164.13848876953125,345.6466064453125
-167.40247077670224,353.92072246799177,-162.26296294951803,345.52596494189703,-162.82801818847656,346.44891357421875
-166.12362212879532,354.7864777301481,-160.96380331612326,346.34512969734436,-161.51705932617188,347.250244140625
-164.83671058767246,355.6412258701831,-159.68431712549062,347.19592277140356,-160.20559692382812,348.05035400390625
-163.5507636766137,356.5011668907677,-158.37956251080445,348.0047470311015,-158.89340209960938,348.8489990234375
-162.2566907248661,357.35023394768774,-157.09408359276523,348.844575258881,-157.58045959472656,349.6459045410156
-160.96192536497063,358.2026658844349,-155.808070021526,349.6829547707379,-156.26649475097656,350.4407653808594
-159.66290895964514,359.0554279109641,-154.4935706298055,350.47282463406185,-154.95135498046875,351.2328796386719
-158.3539303493764,359.8903541656605,-153.20176598255583,351.30039348937964,-153.63487243652344,352.0224914550781
-157.04554040970555,360.7361020527463,-151.88018869905818,352.07703121855207,-152.31671142578125,352.8088073730469
-155.72794114773828,361.5594759829412,-150.58186997719832,352.89306803584145,-150.9971160888672,353.5923767089844
-154.41577612627472,362.3865143856881,-149.28164216441408,353.7064186043096,-149.67628479003906,354.3736267089844
-153.10040058703737,363.20568746994496,-147.9473642587043,354.4621379915321,-148.35435485839844,355.1527099609375
-151.76722765763682,363.99633638517696,-146.63862983858576,355.2605723765242,-147.03131103515625,355.929443359375
-150.43949999515618,364.79760735064303,-145.29723766072487,356.0028430195243,-145.70704650878906,356.7037353515625
-149.09878650375376,365.5760164576191,-143.9803464389403,356.78632516482287,-144.38168334960938,357.47552490234375
-147.7595106288647,366.3621188042803,-142.65936894971495,357.5618187701722,-143.05496215820312,358.2444152832031
-146.40991468872016,367.1291637226325,-141.30497374043455,358.27899958481504,-141.72689819335938,359.0104675292969
-145.06137693604762,367.8991410951476,-139.97587845897897,359.03912687179155,-140.39743041992188,359.7735595703125
-143.71366177828796,368.6651125303901,-138.61584980967461,359.7452200783469,-139.0666961669922,360.5340881347656
-142.35743845899927,369.4042972562677,-137.2785480970188,360.4914187069472,-137.73521423339844,361.2928161621094
-141.0110430057452,370.147865595288,-135.93735172283453,361.2317224800772,-136.40338134765625,362.0506896972656
-139.65152248194605,370.8745569472168,-134.56861244093517,361.92246360935656,-135.0709686279297,362.8072204589844
-138.2870544965861,371.6095330576507,-133.22217129844887,362.6496189440648,-133.73739624023438,363.5610656738281
-136.91686361450485,372.343025830856,-131.85133000708984,363.3317515098465,-132.40216064453125,364.3116455078125
-135.53212509328168,373.05540611094335,-130.50017908738755,364.04712684766406,-131.06512451171875,365.0585021972656
-134.15307314188192,373.7762631591725,-129.12601946142183,364.72032103751917,-129.72630310058594,365.80169677734375
-132.76291875236538,374.47817493417625,-127.76984171300927,365.4241649590961,-128.3857421875,366.5409851074219
-131.3774799032778,375.1850772555575,-126.41203120255406,366.1241428655191,-127.04354095458984,367.2765197753906
-129.99113684131066,375.888959535447,-125.03233850682102,366.78309677363234,-125.69960021972656,368.0083923339844
-128.592893253148,376.56897745399334,-123.66995981894914,367.47270110787537,-124.35400390625,368.73663330078125
-127.20212899378468,377.2582553868497,-122.28751989380362,368.12445096031865,-123.00691986083984,369.4614562988281
-125.80000832669589,377.9286956392925,-120.9217893320673,368.8052597233439,-121.65823364257812,370.1825866699219
-124.40135080353741,378.6061579377108,-119.5541605902731,369.4810465426102,-120.30784606933594,370.89990234375
-122.9959801724548,379.26699749110725,-118.16698856700106,370.1192826132471,-118.9558334350586,371.6136169433594
-121.59236938277819,379.9321836639638,-116.79580529155967,370.78553044852833,-117.60228729248047,372.32342529296875
-120.19001552207547,380.59680318792357,-115.40527949978876,371.4142908022115,-116.24698638916016,373.0296325683594
-118.77825766483991,381.2423509581744,-114.03001592278963,372.0710831539652,-114.8900146484375,373.732177734375
-117.3714405901254,381.89699170103427,-112.65314668137935,372.72357873375165,-113.5313491821289,374.4309997558594
-115.95508697201936,382.5366453928865,-111.25804825558181,373.3380715702655,-112.17086029052734,375.1257019042969
-114.54336779221111,383.18485215167203,-109.87931062284939,373.9828421607501,-110.80854797363281,375.8161926269531
-113.12358472418522,383.8147359617316,-108.47961438952883,374.58492235552274,-109.4444580078125,376.5025329589844
-111.70700877103975,384.45140752223614,-107.0950218561079,375.21474185438836,-108.07856750488281,377.1845397949219
-110.28348555968691,385.0705062867361,-105.68841894794818,375.7995410154246,-106.71086883544922,377.8624267578125
-108.86148153052983,385.69295316208763,-104.29328580471724,376.404950846924,-105.3414077758789,378.5359802246094
-107.438485036894,386.3126414571495,-102.89662735880383,377.0051061054763,-103.97017669677734,379.2051086425781
-105.99920633930476,386.9003193670488,-101.47332832255601,377.5473647276509,-102.59703826904297,379.86956787109375
-104.56537485402963,387.49554744291464,-100.06456099109738,378.11758565312834,-101.22209930419922,380.5294494628906
-103.11958999193537,388.0656860240829,-98.63420063887388,378.6394840161928,-99.84527587890625,381.1846008300781
-101.67636275268859,388.6360423327919,-97.21606580466933,379.1858626937459,-98.46656036376953,381.8353271484375
-100.23002417531745,389.19704144076417,-95.77750637622825,379.6860533907546,-97.08619689941406,382.4815368652344
-98.77385042956121,389.73386700944684,-94.3498633026756,380.2074555152549,-95.70401000976562,383.1234130859375
-97.32074810985274,390.2759823297094,-92.91815979002337,380.71671619677267,-94.32012176513672,383.7607727050781
-95.86463627050175,390.8045827285653,-91.47779350215669,381.2065407261176,-92.93464660644531,384.3940124511719
-94.41114688751864,391.33534409045797,-90.04744141069969,381.71606894935604,-91.54769134521484,385.023193359375
-92.95726388623814,391.8629177413041,-88.60673524891577,382.20006741187933,-90.15924835205078,385.6483154296875
-91.49779459117029,392.3725731243306,-87.17460558925933,382.70251381922367,-88.76937866210938,386.2696838378906
-90.04298276109789,392.8860079629757,-85.74057226523917,383.2011225882609,-87.37828063964844,386.8876647949219
-88.58507529324157,393.3887482515644,-84.29649393874422,383.67621316684995,-85.98596954345703,387.50244140625
-87.12764093683788,393.8940322199969,-82.86223008516986,384.16880815951754,-84.5924072265625,388.1136474609375
-85.67238347378049,394.40131905819686,-81.41986259447691,384.64167047309,-83.19751739501953,388.721435546875
-84.21418678554447,394.89961333888067,-79.98673956293624,385.1332089553539,-81.8014907836914,389.3257141113281
-82.76101121809744,395.4034641356157,-78.5438142190736,385.603826719902,-80.40425872802734,389.927001953125
-81.30221730896109,395.89613266431274,-77.1112290768558,386.09180104871905,-79.00611114501953,390.524658203125
-79.84650798743196,396.39119765703185,-75.66885651208577,386.55752507362394,-77.60677337646484,391.119140625
-78.38921822123412,396.88021790270994,-74.23375057338667,387.03888801538835,-76.20631408691406,391.7104797363281
-76.93439150734818,397.369295352818,-72.79671985758657,387.51768086303076,-74.80490112304688,392.299072265625
-75.48149324677759,397.85763361610753,-71.35360838177706,387.9839324399828,-73.4027099609375,392.8852844238281
-74.02914591085403,398.3458518245304,-69.91711165060342,388.4652249217476,-71.99962615966797,393.4692077636719
-72.57696045007017,398.83615514801573,-68.47588179420126,388.92993451555236,-70.59571075439453,394.0504150390625
-71.12327159061178,399.32124771022205,-67.04161379895386,389.40936543301484,-69.19097900390625,394.6288757324219
-69.670829479614,399.8064947965324,-65.60664541595669,389.8871376027468,-67.785400390625,395.20477294921875
-68.21890514607462,400.29061495278717,-64.16621277074425,390.35163059867006,-66.37895965576172,395.77825927734375
-66.7672504741059,400.77377749203896,-62.732164261885345,390.83011827006345,-64.97180938720703,396.3492736816406
-65.31704403138933,401.2582942016666,-61.292281720273245,391.29441047764107,-63.563846588134766,396.9179992675781
-63.866554248115285,401.7414439071877,-59.85831274921478,391.7712455570593,-62.15510559082031,397.4843444824219
-62.41700403170271,402.2262964885425,-58.42062810920834,392.23649220071286,-60.745582580566406,398.0482177734375
-60.96746457127711,402.7086124066954,-56.9874575922787,392.7143432243549,-59.33522415161133,398.60986328125
-59.5198424350411,403.1943262010918,-55.55064137605797,393.18202735686924,-57.924171447753906,399.16925048828125
-58.0714726715802,403.6772050141835,-54.119361207651274,393.6620501318453,-56.512413024902344,399.7263488769531
-56.624494812381144,404.1629548000272,-52.68407857212406,394.13052608931486,-55.099849700927734,400.2811584472656
-55.17649575602691,404.6451491587483,-51.25435633891304,394.61160676184693,-53.68655776977539,400.8336181640625
-53.730134183049664,405.1282529397004,-49.818441078353,395.07957075896627,-52.272605895996094,401.384033203125
-52.28475523790998,405.61238723949987,-48.38739956857401,395.5602748876178,-50.85800552368164,401.9324951171875
-50.838482820071164,406.09349929441527,-46.95199114602439,396.02883575690373,-49.4427375793457,402.47900390625
-49.3941594462724,406.57809195921544,-45.521199944980914,396.5095583190276,-48.02689743041992,403.02362060546875
-47.948318382840974,407.0595913981721,-44.0916433341817,396.988923261442,-46.610435485839844,403.5660705566406
-46.503960062611924,407.5449949597969,-42.65958099445531,397.45917384538956,-45.19322967529297,404.10626220703125
-45.05960964240297,408.0266219633646,-41.22930296948828,397.9399360515608,-43.77535629272461,404.6446838378906
-43.6178269303336,408.51077364667935,-39.792942540314506,398.4113979593097,-42.35707092285156,405.18182373046875
-42.17345550515795,408.99059562541817,-38.36257791566794,398.89127038273574,-40.938270568847656,405.7171936035156
-40.73188740075669,409.47555470853143,-36.927812658739626,399.36287482114886,-39.51894760131836,406.2510986328125
-39.289940726602985,409.95488641194777,-35.49439576390671,399.8453058027024,-38.09947204589844,406.7840270996094
-37.85088902739859,410.4390841487894,-34.05537880489237,400.3177144894994,-36.679874420166016,407.3163757324219
-36.40967371034448,410.91722607671863,-32.62060248508998,400.8002775948935,-35.260196685791016,407.84808349609375
-34.97100876427832,411.40100657298706,-31.181443381546522,401.27345893538916,-33.84035873413086,408.3793640136719
-33.530795942400694,411.8781646110423,-29.74449253352588,401.75772647280706,-32.42053985595703,408.9105529785156
-32.093402679546415,412.36116062670544,-28.302395875844034,402.2318635974071,-31.00083351135254,409.44189453125
-30.653678547886145,412.8380501158328,-26.86411210448753,402.7144481855266,-29.5813045501709,409.9732666015625
-29.215920608661833,413.3223093553594,-25.424850489637357,403.1876922627116,-28.161773681640625,410.5042724609375
-27.776219157310106,413.800084488896,-23.987933960525165,403.669541467078,-26.742259979248047,411.03509521484375
-26.33913352332306,414.2844756966554,-22.547810784377642,404.1430035133988,-25.32276153564453,411.5657653808594
-24.899274770599536,414.7613621403333,-21.110444415027608,404.62510241613904,-23.903141021728516,412.0964050292969
-23.45836057074898,415.2379383372256,-19.6740868614102,405.10652578611376,-22.483062744140625,412.6268310546875
-22.01972526801562,415.7227005700705,-18.235035202657485,405.57980581677174,-21.062349319458008,413.1569519042969
-20.578716619704835,416.2011752976118,-16.79864329666643,406.06064458407775,-19.64137840270996,413.6866455078125
-19.13965750090237,416.68573623773966,-15.358969623469156,406.53444054810217,-18.219867706298828,414.216064453125
-17.69736949958918,417.16257992053266,-13.922172320996676,407.01549888558895,-16.79794692993164,414.7450866699219
-16.257676866777988,417.64844240689666,-12.483883327399756,407.48894212357175,-15.375481605529785,415.2734680175781
-14.814392993823997,418.12592604208146,-11.049200148601992,407.9694580175499,-13.952497482299805,415.8009948730469
-13.374228607001049,418.612472455399,-9.611121964635133,408.4422426378359,-12.528857231140137,416.3277587890625
-11.93020729623779,419.0890613168059,-8.175246633684289,408.92290912607075,-11.10460090637207,416.85382080078125
-10.489580268232952,419.57563002814567,-6.736162443804773,409.39527595343293,-9.679755210876465,417.379150390625
-9.043581501322997,420.0501350421705,-5.301805540747594,409.8751737037751,-8.254137992858887,417.9034118652344
-7.601990667314615,420.5376619834117,-3.8648383649946414,410.3464353624382,-6.827804088592529,418.42645263671875
-6.1558660824147555,421.012492667635,-2.4294679921110895,410.8262101131214,-5.400800704956055,418.948486328125
-4.714116575508893,421.499691842497,-0.9906620187612574,411.2982594322639,-3.973137140274048,419.4695739746094
-3.2672125623297927,421.97431229745956,0.44426794324106833,411.7773829597526,-2.544769763946533,419.9894714355469
-1.824648815508636,422.46197336646094,1.8817528422685044,412.2495771158142,-1.115554928779602,420.5081787109375
-0.3771455162512337,422.93646965543877,3.316777407887404,412.7293776629173,0.31437015533447266,421.0256652832031
1.0657571606137801,423.4241478610364,4.755389829827992,413.2016904156931,1.745069146156311,421.54205322265625
2.51391918812866,423.89867029616795,6.190466331119188,413.6805023896367,3.176525831222534,422.0570983886719
3.957240582798602,424.3865846383039,7.629198764871308,414.1534593762672,4.608722686767578,422.5710144042969
5.40597157412575,424.860868882228,9.063753218224331,414.63259055481296,6.041607856750488,423.08343505859375
6.849820929356106,425.3497297626379,10.500026320355099,415.10466712823967,7.475283622741699,423.59423828125
8.292975082226036,425.8412441229364,11.934265832306929,415.5835980260671,8.909850120544434,424.1034851074219
9.74262077108118,426.314366593133,13.372223689657103,416.0559085290569,10.345182418823242,424.611328125
11.185702774747172,426.8055522997273,14.809658180555331,416.5365238405902,11.781206130981445,425.11810302734375
12.63593984439804,427.2776585425605,16.249913941641495,417.0075775187635,13.217961311340332,425.6236877441406
14.079855962086974,427.7681754902406,17.68831680032485,417.4853706022094,14.655389785766602,426.12811279296875
15.530997803168765,428.23858222538564,19.129788304115756,417.9561561039894,16.093488693237305,426.6314392089844
16.975465871748025,428.7293208398906,20.567759150064376,418.4321242051709,17.53223419189453,427.13336181640625
18.426987405112087,429.19949833667323,22.009918582674064,418.90352354376154,18.9716739654541,427.63427734375
19.871437543123672,429.6901492630153,23.450845690911088,419.38095729460935,20.41165542602539,428.1342468261719
21.32287697866783,430.1603127242735,24.89525012993049,419.85321693563253,21.852066040039062,428.63348388671875
22.76737862160459,430.6512806011299,26.337533869638072,420.3312254531539,23.292978286743164,429.1319580078125
24.219539976927592,431.12137257742006,27.781385923467685,420.8032197280694,24.73451042175293,429.62957763671875
25.664177030143573,431.6131278801473,29.224936275398868,421.281957491365,26.176530838012695,430.1265869140625
27.11611923498496,432.0837602278046,30.671937310864074,421.7546288358086,27.618940353393555,430.6231384277344
28.5613496121338,432.5749145507594,32.11767126430099,422.232868054764,29.0618839263916,431.11932373046875
30.014188953580828,433.04467432812834,33.56537647124744,422.7063436044351,30.505239486694336,431.6151123046875
31.45973654552475,433.53616149667243,35.01134914996675,423.1853232990621,31.948923110961914,432.1104736328125
32.91265006713958,434.00697135144753,36.4593916918568,423.65905088542763,33.39302444458008,432.6054382324219
34.35911372516793,434.49817677352155,37.90408544492417,424.13838647986574,34.83763122558594,433.0997619628906
35.81328491722579,434.9676258099222,39.35081017987505,424.6109759987246,36.28269577026367,433.5933532714844
37.25982723547973,435.4596987304857,40.796756525909274,425.08933119203846,37.72821807861328,434.08636474609375
38.713730084506,435.9305165135341,42.24517627358525,425.5625828609931,39.17412185668945,434.578857421875
40.16081524394169,436.4221222701021,43.693708292856854,426.0353454786091,40.620445251464844,435.07080078125
41.61553096547257,436.8923022291156,45.139527725129106,426.5142379427824,42.06722640991211,435.56207275390625
43.063047440678886,437.3841407634708,46.58795946135021,426.9867794495269,43.51443099975586,436.0527038574219
44.50963743882596,437.87932731439196,48.03475612777041,427.4658154220152,44.96208572387695,436.5427551269531
45.96591342109181,438.34674146187837,49.48354778283309,427.93846892833335,46.410194396972656,437.03216552734375
47.412936201451956,438.8418776214841,50.93102453883245,428.41762748516066,47.85871124267578,437.5210266113281
48.86953627275052,439.30971980109166,52.379821527486136,428.89034346357937,49.30768585205078,438.0091857910156
50.317393499355425,439.8046327453291,53.82660252243008,429.36925066067687,50.75724411010742,438.49664306640625
51.77439379339418,440.2724334646802,55.27614700059514,429.8423086330695,52.207157135009766,438.9834289550781
53.22270076761755,440.76693774802203,56.72364346661937,430.3214458570937,53.65753936767578,439.46954345703125
54.67997672296793,441.2351559877648,58.17396117005804,430.79476371227776,55.108367919921875,439.955078125
56.12861655592688,441.72962747558523,59.62297080443746,431.27410313498814,56.559593200683594,440.4400939941406
57.585932847219304,442.19830304394355,61.07488276698993,431.7480961030462,58.011138916015625,440.9247131347656
59.034809175525645,442.6929925581668,62.524985263556324,432.2279084144617,59.463050842285156,441.408935546875
60.492744799524424,443.16173604562897,63.97683763362467,432.7021500250835,60.91545104980469,441.8927307128906
61.94193483342199,443.6568143756287,65.42762572377792,433.18199966996275,62.368106842041016,442.3761291503906
63.39966555337469,444.1270502593692,66.88011784753999,433.65727232184287,63.82114791870117,442.8591613769531
64.84955534290977,444.6213375889919,68.33102501350416,434.1383794891926,65.27449035644531,443.3418273925781
66.29845342110733,445.1189939496779,69.78454824465456,434.6140098789295,66.7281265258789,443.82421875
67.75813738955871,445.5853424282787,71.23537421406404,435.0944559544723,68.18212890625,444.30615234375
69.20751626802698,446.0831524375166,72.68779362327771,435.5704028757064,69.63641357421875,444.78759765625
70.6671574861239,446.5508964848881,74.14033244144083,436.04586451978355,71.09112548828125,445.2685546875
72.1170529326905,447.0483059749029,75.59124078901253,436.5281584377273,72.5461196899414,445.7490539550781
73.57654698169483,447.517479688839,77.04459975451158,437.0036426306725,74.00151824951172,446.2291259765625
75.02721682483738,448.0139701105851,78.49613580708635,437.4856564335796,75.45726013183594,446.7087707519531
76.48711750860275,448.48339584438116,79.94986658138811,437.9613510714233,76.9134292602539,447.18798828125
77.93852473584234,448.97931260799606,81.40220550309057,438.4434627998263,78.37000274658203,447.6668395996094
79.39790982500408,449.4510249641669,82.856930068358,438.9198647609255,79.82677459716797,448.14532470703125
80.85018246111305,449.9455721039912,84.30948903722543,439.402326799675,81.28398132324219,448.6234436035156
82.30151645516183,450.44337717504135,85.76463203786643,439.8789502031341,82.74148559570312,449.1012268066406
83.76282077497204,450.9116275714921,87.21723894265706,440.36136273767255,84.19930267333984,449.57855224609375
85.21483433913208,451.40865583323165,88.67247364205267,440.8380668823584,85.6574478149414,450.0555114746094
86.67597149542775,451.8784308632605,90.12773050150992,441.3142025033234,87.11589050292969,450.53204345703125
88.12866144197959,452.37456422797646,91.58125778210038,441.79726770460826,88.57466125488281,451.0082092285156
89.58986096020088,452.8451233471682,93.03824064839365,442.2739724767135,90.03380584716797,451.48419189453125
91.04340800245751,453.3400724391702,94.49281743731237,442.75733607400855,91.49327087402344,451.95989990234375
92.50468074858712,453.811760733076,95.94960985997086,443.2342715309223,92.95297241210938,452.435302734375
93.95909572426179,454.3052190804871,97.40473594815987,443.7176762152435,94.41300964355469,452.91046142578125
95.4125788225672,454.8017727217085,98.86234779030184,444.19527925776345,95.87325286865234,453.3854064941406
96.87523628554784,455.27054803289286,100.31795343606385,444.6794788663273,97.33370208740234,453.8601379394531
98.32950432397848,455.76599579556995,101.77644370147196,445.1571771845816,98.79452514648438,454.33477783203125
99.79216374888804,456.23584528055,103.23492411638851,445.63434241017234,100.25545501708984,454.8092041015625
101.24720599987361,456.73026709334124,104.69108591481155,446.11856278980787,101.71675109863281,455.283447265625
102.709984484051,457.20121703071953,106.14979402864515,446.59635550759873,103.17826843261719,455.75750732421875
104.16547801872495,457.695261712462,107.60599375414583,447.08115100628385,104.64000701904297,456.2313232421875
105.62044033808445,458.19210076728484,109.06458004389643,447.5585025300662,106.10213470458984,456.70489501953125
107.08419035083224,458.6614196336368,110.52274440447903,448.0425902939526,107.56441497802734,457.17840576171875
108.539465910948,459.157190375472,111.98319961300643,448.52125567990987,109.02684783935547,457.65191650390625
110.00292065631496,459.62833010984366,113.44160343432604,449.00661000334503,110.48947143554688,458.12542724609375
111.4589739622708,460.123145620163,114.90123261288366,449.48463762404134,111.95222473144531,458.5987243652344
112.92214921198271,460.5958100744637,116.36199951090188,449.9624313444441,113.41510772705078,459.07196044921875
114.37913160970004,461.0894522246182,117.819241764401,450.4469513050312,114.87837982177734,459.5449523925781
115.83527874148868,461.5858279806173,119.28029558509824,450.9252369176253,116.34195709228516,460.0179138183594
117.30032422095347,462.054595400521,120.73962120414059,451.4110941464957,117.80561828613281,460.4908752441406
118.75767103540066,462.5493928350344,122.20044365135445,451.88888542599767,119.26976013183594,460.9637145996094
120.22265563618821,463.0202361897112,123.66037770479628,452.3737376416959,120.7340316772461,461.4365234375
121.68121687920863,463.51186165822,125.12179775999002,452.85173673109733,122.198486328125,461.9091796875
123.14724970623186,463.9812652019333,126.58060670159267,453.33619506815813,123.66319274902344,462.381591796875
124.60637178732004,464.47217850350506,128.04323027487365,453.814198369113,125.12818145751953,462.85400390625
126.07217511361249,464.9426738549833,129.5063733535376,454.2918895914377,126.59331512451172,463.326416015625
127.53205464341835,465.4327857065764,130.96688774696594,454.776492289628,128.05874633789062,463.79876708984375
128.99162617472388,465.92527938438366,132.42912361996125,455.25455240571637,129.52455139160156,464.2709655761719
130.45873405517133,466.394160645188,133.88941789690952,455.7394317579379,130.9904022216797,464.7429504394531
131.91853125713544,466.8855433113036,135.35364489877165,456.2182608714714,132.4564666748047,465.2150573730469
133.3856915691582,467.35583724660574,136.81387247249458,456.7029125309768,133.92276000976562,465.6869201660156
134.84619024274198,467.84692090160974,138.27638659155826,457.18121655624157,135.38919067382812,466.1585388183594
136.312845232085,468.3188960079079,139.73803972480067,457.66639262845604,136.85585021972656,466.630126953125
137.77398436766612,468.8093362626351,141.20078601415761,458.1445393611958,138.32275390625,467.1014709472656
139.2343886928305,469.302183325397,142.66489700657417,458.62257977093606,139.7899169921875,467.57275390625
140.70227105001882,469.77187816906894,144.12614671730043,459.10739831288294,141.257080078125,468.0437927246094
142.16335330060107,470.26430845788667,145.58957401075858,459.5856245121615,142.72471618652344,468.5146789550781
143.63136733016577,470.7354660580961,147.05154806703956,460.0709585095657,144.19261169433594,468.9854431152344
145.09285396022972,471.2264777379772,148.51666976625017,460.55019173375086,145.6605682373047,469.4562072753906
146.56084225270362,471.69819153022536,149.9801106190221,461.03652275028384,147.12884521484375,469.9270935058594
148.02356522295923,472.18750145142025,151.44551280173357,461.5161742262249,148.59739685058594,470.39801025390625
149.49196597922148,472.6592776180283,152.90859139853782,462.0022542357978,150.06597900390625,470.86883544921875
150.9553618606772,473.14741360728334,154.37449196141168,462.4823245567583,151.53488159179688,471.3397521972656
152.4181779711926,473.63788568487985,155.83924072542317,462.9614548681369,153.00375366210938,471.8104248046875
153.88781815038385,474.107644841803,157.30198285914875,463.4480951847372,154.47288513183594,472.2809753417969
155.35133997425274,474.5976702437736,158.7667332077738,463.92722566223614,155.94232177734375,472.7513122558594
156.82063583550604,475.0694062063403,160.23023170201145,464.41331268663833,157.41189575195312,473.2215270996094
158.28448738287918,475.5585785972886,161.6963819242739,464.893529480129,158.8817138671875,473.6917419433594
159.74801600063373,476.0500149459702,163.15948707367895,465.3804741510004,160.3517608642578,474.1617736816406
161.21861607091455,476.5204001502693,164.62463107329066,465.86017500917654,161.82211303710938,474.6315612792969
162.68278326422003,477.01049157676874,166.0916188763557,466.33988835085034,163.2926788330078,475.1013488769531
164.1532894699199,477.48159904689203,167.55612327174137,466.826851537674,164.76345825195312,475.5710754394531
165.6178596366072,477.9707816957744,169.02461547837603,467.3074965347031,166.23439025878906,476.041015625
167.08788832127405,478.4442546646732,170.48974287000198,467.79462505908276,167.70545959472656,476.51092529296875
168.5536613101847,478.93241543784336,171.95543194175622,468.2744405569625,169.17666625976562,476.9804992675781
170.01870242833078,479.422868458351,173.42167006196482,468.7537970573746,170.6480255126953,477.4497985839844
171.49000270971985,479.89459159848064,174.8851846118914,469.24043257677727,172.11964416503906,477.91876220703125
172.95509302220322,480.38471020757646,176.35367703795387,469.72146493229263,173.59152221679688,478.38787841796875
174.4261684784642,480.857117058502,177.81857613162177,470.20934572181153,175.06346130371094,478.8568420410156
175.89145518906162,481.3467769866064,179.28812206396873,470.6912450203447,176.53558349609375,479.32611083984375
177.35674162871402,481.8386945609513,180.7536745211257,471.17881246166667,178.00790405273438,479.7952880859375
178.82886886222292,482.3095814505762,182.22129011054605,471.6610377436113,179.4804229736328,480.264404296875
180.29480067696898,482.8002403343508,183.68913274305186,472.14273555102966,180.95306396484375,480.7334289550781
181.76641248661056,483.2729471094791,185.15521798396074,472.63260495597416,182.4258270263672,481.2024841308594
183.2328348517992,483.7622566895477,186.62402094909905,473.11494272864275,183.89871215820312,481.6716003417969
184.6986650890974,484.25364944352214,188.09130075524212,473.60472689383164,185.37176513671875,482.1408996582031
186.17007973905368,484.7258104493429,189.56121706993866,474.0878062493915,186.8444366455078,482.6103515625
187.63704041426612,485.21605359212225,191.02907627970004,474.56965690648695,188.31768798828125,483.0797424316406
189.10310370397727,485.7083258335344,192.49547844831392,475.05984237889595,189.79098510742188,483.5491027832031
190.5761651545681,486.17934301923816,193.96204229429162,475.5415094204621,191.26409912109375,484.0179748535156
192.04342530010686,486.67024569652585,195.43028163803385,476.0231316109617,192.73797607421875,484.48681640625
193.51609394134923,487.14345069800856,196.89713301032947,476.5137438027573,194.21197509765625,484.9556579589844
194.9830918761746,487.63302798728364,198.36703316306557,476.9961791501261,195.68569946289062,485.42449951171875
196.44946645138157,488.12482518541253,199.83472381080412,477.4866407166494,197.15951538085938,485.89349365234375
197.92157359095413,488.5977063699069,201.30694700097428,477.9696716002086,198.63340759277344,486.36297607421875
199.388282986068,489.0878285973938,202.77933493904186,478.4520863878278,200.10723876953125,486.8328857421875
200.86123036760276,489.5600620117931,204.24820840449755,478.9428926391944,201.5812225341797,487.3031005859375
202.32862726751205,490.05013508871764,205.72004827431266,479.4258527817269,203.05531311035156,487.7736511230469
203.79536968759953,490.5420711385562,207.19032298011734,479.9168395821367,204.52943420410156,488.2446594238281
205.26898632735129,491.0126942073896,208.66322157349188,480.40082092506265,206.0035400390625,488.7161560058594
206.73525724144343,491.5068688180686,210.1361014976878,480.88417871930733,207.4776153564453,489.1880798339844
208.20077905503084,492.0026626303041,211.60689245088537,481.3764073057394,208.95152282714844,489.6605224609375
209.67335235586785,492.4773657749791,213.0787962472003,481.86011558230103,210.42523193359375,490.1332092285156
211.13907210210374,492.97306749203585,214.54807092518942,482.352115874234,211.89877319335938,490.6061706542969
212.60962346854797,493.45207698869024,216.02008688596416,482.83602816179405,213.37185668945312,491.07940673828125
214.07501851856935,493.9460650694517,217.49163378065293,483.319189160171,214.84445190429688,491.5528564453125
215.53936062485465,494.44169849533176,218.96009199050943,483.8107856576458,216.31649780273438,492.0265197753906
217.0087093744723,494.91920768322905,220.43119793736383,484.294176785714,217.78782653808594,492.5004577636719
218.4721772356476,495.41362721399406,221.90110407637,484.7765372482691,219.25843811035156,492.9745178222656
219.93448240143778,495.9096650890767,223.36695740071346,485.26731325502783,220.72825622558594,493.4485778808594
221.40202825349445,496.3871096846054,224.8340125213702,485.74937288521085,222.19717407226562,493.9224853515625
222.8631535654232,496.881228562847,226.2977183370135,486.2394978570301,223.6651611328125,494.3962707519531
224.32800336795844,497.3608548899735,227.76246472690283,486.72090865174084,225.13209533691406,494.8697814941406
225.78735846794177,497.85263478263437,229.22783749128257,487.2019175276635,226.5979461669922,495.3432922363281
227.24538060932136,498.34584928577885,230.68831663512887,487.69046402922544,228.06263732910156,495.8165588378906
228.7073645956575,498.82304952458804,232.15023129363163,488.1711739981838,229.52621459960938,496.28961181640625
230.16300920885047,499.313899522001,233.6123035757265,488.65133145881003,230.98834228515625,496.7626037597656
231.6166322850831,499.80591461006145,235.07032918502443,489.1401908180824,232.44894409179688,497.2355651855469
233.07384673508454,500.28097170567384,236.53012287307533,489.61988300786896,233.90782165527344,497.7085266113281
234.52458892653098,500.77060982589325,237.98814154332513,490.098307813061,235.36488342285156,498.181396484375
235.97280245834597,501.261277713844,239.44067718062934,490.5855711637074,236.8197479248047,498.65399169921875
237.4236472117431,501.7338806978758,240.89465555910928,491.06283439173086,238.27182006835938,499.1263122558594
238.86643164465812,502.22073579279555,242.3423587446343,491.5480141542457,239.72056579589844,499.59814453125
240.30942094869766,502.69344475991034,243.7900058370736,492.02315204668224,241.1653594970703,500.0694274902344
241.7449294749398,503.1754563466991,245.23382690815683,492.49644850813775,242.60592651367188,500.5400695800781
243.17535500403028,503.65748249598926,246.6704196348603,492.9774121349944,244.04176330566406,501.00994873046875
244.60598140022464,504.12373176862803,248.10576929977566,493.448411253952,245.4729766845703,501.4791564941406
246.0281022246806,504.6014019223902,249.53678637300447,493.91730784840837,246.89959716796875,501.9476623535156
247.6027127661532,505.1324013817873,251.11900053808998,494.44627982646426,248.47958374023438,502.4675598144531
249.17747636566182,505.64562415407096,252.69897063168528,494.9643792886262,250.05410766601562,502.9866638183594
250.74247685312613,506.1721789670294,254.26999379613878,495.48917140327916,251.6232452392578,503.5047912597656
252.3066608774177,506.6837756367984,255.83891921699356,496.0040504871319,253.18702697753906,504.0220031738281
253.86179146821627,507.2056440861869,257.40269299046344,496.51658424736263,254.7454071044922,504.5382385253906
255.41099640307698,507.72770732085837,258.95827085996,497.0368263462243,256.2983093261719,505.0534973144531
256.9604720919169,508.23254859603844,260.5110991313838,497.546107394875,257.84588623046875,505.56768798828125
258.5002080201013,508.75038537268017,262.05591742376936,498.06210984751124,259.3883056640625,506.080810546875
260.0348911012479,509.26856081053785,263.5971182397616,498.5680731363359,260.92572021484375,506.5926208496094
261.57012749822286,509.76741651145534,265.1338159122698,499.0718774854374,262.4578552246094,507.1031188964844
263.09506358085724,510.28090414587507,266.6622965389274,499.58326720539355,263.98492431640625,507.6123352050781
264.62004123487736,510.7778982820268,268.18850203258154,500.0840948387445,265.50689697265625,508.1202087402344
266.1355779812621,511.28722657465903,269.70619068734914,500.59174175070075,267.0238037109375,508.6266174316406
267.6453550515302,511.79664909684953,271.22250199394597,501.0894146896101,268.5356750488281,509.1317138671875
269.1559727958354,512.2880492990844,272.73409507173693,501.5848926965739,270.042724609375,509.6355285644531
270.656767367292,512.793386386724,274.23646305528257,502.0867134617684,271.544677734375,510.1376953125
272.15710011212224,513.283168555895,275.7372607458991,502.5795617854219,273.0417175292969,510.638427734375
273.64776813007154,513.7846534759734,277.23455861869115,503.0705193508464,274.5338134765625,511.137939453125
275.1335390719119,514.2863956284798,278.7225848610617,503.56873959084396,276.0210876464844,511.635986328125
276.61917803344204,514.7717020405555,280.2095818470357,504.0565217234323,277.5034484863281,512.1326904296875
278.09567413401686,515.2691571744951,281.68881363044846,504.5510558143594,278.9810791015625,512.6280517578125
279.5665378773163,515.7667566968325,283.166058837102,505.0357988077,280.45367431640625,513.1220092773438
281.0381039348474,516.246093150583,284.6396319018687,505.51867847645684,281.9215087890625,513.6148071289062
282.49997377161975,516.7402961983568,286.10406742690043,506.00815594857636,283.38458251953125,514.1061401367188
283.96118434914194,517.2189065421784,287.5681438849374,506.488752106904,284.8427734375,514.5963134765625
285.4131780318255,517.7085899326211,289.025728501353,506.97618250839713,286.2961120605469,515.0855102539062
286.8604574893726,518.198635563214,290.47961919125953,507.45365504635964,287.74468994140625,515.5734252929688
288.3085751235355,518.6708487948301,291.92987843861533,507.9292985842212,289.1886901855469,516.0602416992188
289.74694629566363,519.1565392286285,293.3725595534126,508.41229383240864,290.6278991699219,516.5458984375
291.18545860175743,519.626571028644,294.8132450353272,508.88490428109145,292.0622863769531,517.0303344726562
292.6150734834747,520.1087357169804,296.246095650034,509.3635980511473,293.4920654296875,517.5134887695312
294.03963094020463,520.5910609257348,297.67660229348115,509.8333382739322,294.9172058105469,517.9953002929688
295.60677494693823,521.1042646774899,299.24497116219067,510.3476757749685,296.4795837402344,518.5237426757812
297.1642017412425,521.6301372572101,300.8029441202752,510.8683193619352,298.0365295410156,519.0501708984375
298.7200634880036,522.1410466287816,302.35968297504326,511.37884931356825,299.5879211425781,519.5748291015625
300.266833692343,522.6612957409101,303.90875057026045,511.895349138678,301.1340026855469,520.0978393554688
301.80728643983804,523.1816450081612,305.4552538630371,512.4036370782471,302.674560546875,520.6192626953125
303.34836992941536,523.6839668393436,306.99301681650707,512.9171705831665,304.2098693847656,521.1389770507812
304.8797140832892,524.1980403656798,308.5273460935031,513.4217274115209,305.7398681640625,521.6568603515625
306.4094050332626,524.6979659816277,310.0556498272462,513.9310046875598,307.2644348144531,522.1731567382812
307.93192086256494,525.2029147213591,311.5796281843368,514.4328544247315,308.7837829589844,522.687744140625
309.4531782828045,525.6950814971158,313.09708944075874,514.9319190502671,310.29779052734375,523.2003173828125
310.96593389113787,526.1942295698731,314.60820407722866,515.4366953679195,311.806640625,523.711181640625
312.47803097441835,526.6788024127643,316.1164589110654,515.9327478091789,313.3104248046875,524.2203369140625
313.98025175231516,527.1757339401923,317.61733439445175,516.434003637529,314.8091125488281,524.727783203125
315.48128649536403,527.6587096372731,319.11540074214577,516.9271957044491,316.30255126953125,525.2335205078125
316.9732250766872,528.1517101568603,320.60552746394734,517.4254864547208,317.790771484375,525.7374877929688
318.464354848798,528.6305250506655,322.0930526021238,517.9148646114027,319.2739562988281,526.23974609375
319.9457495802684,529.1203138804989,323.5745821972839,518.4098398419536,320.7520446777344,526.7405395507812
321.42622887514096,529.5960801081593,325.05369080993677,518.8965747789739,322.22503662109375,527.2399291992188
322.8980645728067,530.0826418804303,326.5232002329251,519.3875578282126,323.6929626464844,527.7374877929688
324.3688154949606,530.5560565205533,327.9905535613916,519.8707034055438,325.15606689453125,528.2333984375
325.83088728550155,531.0386831313947,329.4503393660828,520.3587065067645,326.6141357421875,528.7275390625
327.2874667716425,531.5215791647755,330.90720882634923,520.8382472470227,328.06732177734375,529.2199096679688
328.74400327500854,531.9869757706276,332.3584188103333,521.3230566700743,329.5155029296875,529.7107543945312
330.19012800851425,532.4675549290599,333.80547292254624,521.7995126452925,330.9586486816406,530.1998291015625
331.6364896264306,532.9311638219319,335.2464642613177,522.2808799920538,332.39703369140625,530.6873779296875
333.0720611463163,533.4101563881605,336.6847211612232,522.7543520525562,333.8304138183594,531.17333984375
334.50760385225624,533.8735500787274,338.1165622956187,523.231941889692,335.259033203125,531.6578369140625
335.9333647320762,534.3506119460017,339.5442712874889,523.7020895989937,336.6827697753906,532.140625
337.4873874383925,534.855750358725,341.09587814864113,524.2190507017773,338.2303771972656,532.6656494140625
339.0314212379919,535.3726777276855,342.6425676063649,524.7286226259014,339.7723388671875,533.1887817382812
340.5751445963362,535.8733932864595,344.1790730584741,525.2413396816492,341.3086242675781,533.7095336914062
342.11200852801767,536.3737585339128,345.7153072661158,525.7469085396159,342.8393859863281,534.2285766601562
343.6401109939713,536.8831573706257,347.24117544988627,526.2558279632589,344.364501953125,534.745361328125
345.167052140151,537.3783820689324,348.7613805415889,526.7616825202012,345.88427734375,535.2598876953125
346.68352937730344,537.8847988818148,350.27952955014945,527.2622768805771,347.3985900878906,535.7725219726562
348.19908256853824,538.376672416718,351.7889023637304,527.7664458317173,348.9074401855469,536.2830200195312
349.70450910887405,538.8799434317398,353.2955430587166,528.2624487429243,350.4108581542969,536.79150390625
351.2090239720022,539.3684736297903,354.794109990474,528.7618739145815,351.9089050292969,537.2978515625
352.7035659365599,539.8677217397018,356.29032668171703,529.2545552807106,353.4015808105469,537.8023071289062
354.1975297026445,540.3516997968503,357.77747044493583,529.75087271728,354.88885498046875,538.3045654296875
355.6815021358462,540.8467103454908,359.262633563758,530.2389682892003,356.3708190917969,538.8048706054688
357.1650817117952,541.3257046121412,360.73965407544034,530.7311678283571,357.8475036621094,539.3031005859375
358.63850282732983,541.8171560421849,362.21392343477265,531.2146926086627,359.3189697265625,539.79931640625
360.11146367054056,542.2918963674902,363.681284856171,531.7025583073986,360.7851257324219,540.2935791015625
361.57425793049106,542.7800416332569,365.14401231267976,532.1827898793106,362.2460632324219,540.7857055664062
363.0368568965743,543.2512640519402,366.5993068452964,532.6673086798713,363.7018127441406,541.2756958007812
364.4889928750522,543.7360412591745,368.0519731736671,533.1440294708906,365.1524658203125,541.763671875
365.94145185828404,544.203373190457,369.49631497615985,533.6247633757404,366.5980529785156,542.2494506835938
367.38336003188505,544.6850343737534,370.93553947135484,534.1042555613096,368.0386657714844,542.7330932617188
368.8249809054636,545.1486682479448,372.3734477378562,534.5760983128912,369.4740295410156,543.21484375
370.2563849766938,545.627032820615,373.8034200272501,535.0506858788385,370.90447998046875,543.694580078125
371.68821504301735,546.0872976417884,375.22920593829303,535.5190802145336,372.32989501953125,544.1721801757812
373.22811649617984,546.6012784986674,376.76587195371127,536.0297339072779,373.8686828613281,544.6871337890625
374.76774716781057,547.0964641639601,378.2997438915072,536.5336915811049,375.4019470214844,545.1998291015625
376.30266719387106,547.5896370589381,379.826710203217,537.0417260867193,376.93048095703125,545.7105102539062
377.8262363613012,548.1023952701688,381.3496455305721,537.5414721677964,378.45458984375,546.218994140625
379.3497199252286,548.5993346312855,382.8671703193486,538.0452878835392,379.9742431640625,546.7254638671875
380.8634720756973,549.1108940083718,384.38245966526136,538.5428652409702,381.48974609375,547.2301025390625
382.37817344898593,549.6064991710173,385.890158391487,539.0440999584722,383.001220703125,547.732666015625
383.8832420368166,550.11684091212,387.3953604560293,539.5436736881136,384.50885009765625,548.2334594726562
385.3892434697857,550.6107050925518,388.8988823973157,540.037156071216,386.01263427734375,548.7326049804688
386.89089483566676,551.1053538270919,390.3966692429953,540.5340526038647,387.5127868652344,549.2301025390625
388.3849981704644,551.6106502875425,391.89146516746797,541.024979574291,389.00933837890625,549.725830078125
389.879362447259,552.1014997286711,393.3818435201339,541.5202950200606,390.5021667480469,550.219970703125
391.36534465135713,552.6047645362798,394.87091058529376,542.0088093282579,391.9913330078125,550.712646484375
392.8526061319442,553.0929869202374,396.3529213394603,542.5010957633316,393.47698974609375,551.20361328125
394.33129209369156,553.5944561773821,397.8313992462689,542.9919609330105,394.95904541015625,551.69287109375
395.8110916510431,554.0806593007417,399.30720160703316,543.4767700201784,396.4376220703125,552.1803588867188
397.28264082477665,554.5801200750365,400.77757659750904,543.9653176589845,397.912841796875,552.6660766601562
398.75658526471614,555.0621996626818,402.247566962595,544.448031490908,399.3853759765625,553.150390625
400.2234660132008,555.5596923297694,403.7130834585914,544.934525944521,400.8561096191406,553.6334228515625
401.6957401461117,556.0361133922769,405.17808270449757,545.4206777088519,402.3257751464844,554.1155395507812
403.1615254400986,556.5315292554022,406.64435390048845,545.9038487969399,403.7954406738281,554.59716796875
404.6334957173767,557.007205899204,408.1125366359069,546.3945008480164,405.26556396484375,555.0791015625
406.10028519042305,557.5016177313456,409.58362381832023,546.8792640767432,406.73651123046875,555.5614624023438
407.57346105563107,557.9810271571204,411.0542246913608,547.3632892085905,408.2084655761719,556.0440063476562
409.0422848207658,558.4747779135118,412.52807575634915,547.8566002870022,409.6815185546875,556.527587890625
410.51191782063927,558.9714369778115,414.0056664037287,548.343243485595,411.15594482421875,557.0122680664062
411.9894886205069,559.4492356762472,415.4840339568433,548.8379109815432,412.6319580078125,557.4983520507812
413.4629390627013,559.9469202865099,416.96662046491986,549.3262215542464,414.10986328125,557.9859008789062
414.94448635769334,560.4276977202517,418.4497429897343,549.8218251455412,415.58984375,558.4750366210938
416.42311950052385,560.925880640575,419.93920893598397,550.3127261304957,417.0723571777344,558.9661865234375
417.90984578240955,561.4097481767553,421.4299227086024,550.8111894138282,418.5575866699219,559.45947265625
419.3954299875953,561.908769406221,422.92530885036314,551.3039103240541,420.0458068847656,559.954833984375
420.8884456513157,562.3956608595463,424.4246588314569,551.8043599471204,421.5371398925781,560.4527587890625
422.38002852607383,562.895543125799,425.9324479482563,552.3014736062835,423.0311584472656,560.9537353515625
423.8799085307225,563.3825550747307,427.44376569249084,552.8065308576757,424.5283508300781,561.458251953125
425.3774765182159,563.8850217318201,428.96471374082273,553.3077731805107,426.02801513671875,561.9668579101562
426.88391962630965,564.3750919637152,430.4859385650705,553.8150465635789,427.5305480957031,562.4793701171875
428.38915241071044,564.8801450859237,432.0125462577655,554.3185516377611,429.03564453125,562.9957275390625
429.8976019717775,565.389405806862,433.5384883953388,554.8279710316469,430.5435791015625,563.5155639648438
431.4171485646081,565.8808820385923,435.0660640962897,555.3319239112368,432.0545349121094,564.0382080078125
432.9344209475552,566.3934311333719,436.58979234514396,555.8420233767995,433.5686340332031,564.562744140625
434.462987555059,566.8875707716405,438.1168713582548,556.3443903894092,435.0863952636719,565.0887451171875
435.988059208434,567.4025929083635,439.6444330916491,556.8534229655781,436.6073303222656,565.6159057617188
437.5241620266406,567.8984018611841,441.1756408681767,557.3567191862087,438.1318664550781,566.1439819335938
439.0561774632674,568.4152516318986,442.70798147872176,557.8665790678663,439.6593933105469,566.6727905273438
440.5985435607486,568.911788557831,444.2451171925586,558.3717785342143,441.1899719238281,567.2023315429688
442.14234285636985,569.4121551464887,445.7822719067476,558.8836477936659,442.72308349609375,567.7323608398438
443.6837974440428,569.9290986527105,447.32125411287853,559.3886841415887,444.25897216796875,568.2623901367188
445.107286334232,570.4098200670602,448.7425789736096,559.8608502461317,445.6787109375,568.7516479492188
446.53985814478506,570.8692494706761,450.1674679712513,560.3289974162567,447.10028076171875,569.2409057617188
447.9669638735352,571.3513089998362,451.5892145828274,560.8029567345317,448.5238037109375,569.729736328125
449.40263935628263,571.8120957756705,453.0155941759711,561.2709626303105,449.9489440917969,570.2182006835938
450.8326591182679,572.2947227570035,454.439230579113,561.7450950885967,451.37579345703125,570.7059936523438
452.27112501173605,572.7562696845375,455.86670992471517,562.2127947166827,452.80419921875,571.193115234375
453.7029183201181,573.2395194265309,457.29826889724785,562.681303938935,454.2339782714844,571.6799926757812
455.14291409033154,573.7019906251026,458.726809545326,563.1563321399217,455.6648254394531,572.166259765625
456.5764845716405,574.1852407711531,460.1584759069768,563.624084191383,457.0965576171875,572.65185546875
458.018033882898,574.647345070586,461.5880272281214,564.0984731182823,458.5292663574219,573.13671875
459.4523343571565,575.1310103033005,463.0208919230321,564.5668292035642,459.96246337890625,573.620849609375
460.89353430113727,575.5945435454819,464.45280387709977,565.0422953182232,461.3961486816406,574.1044311523438
462.3286501791021,576.0776171553405,465.88548456506936,565.5103247056925,462.830322265625,574.587158203125
463.77022866062117,576.5413088552241,467.31699834268034,565.9852114483255,464.2648620605469,575.0691528320312
465.2054579673335,577.0236053973582,468.7515740436726,566.4540483132223,465.6996765136719,575.550537109375
466.63914019322397,577.5089056128974,470.1833867033103,566.9295053271703,467.13421630859375,576.0311279296875
468.08098256037056,577.9685859514667,471.61598648975195,567.3973137019716,468.5684814453125,576.5107421875
469.512844157605,578.4529894076607,473.04603062231973,567.8725806862302,470.0016174316406,576.9893188476562
470.95112010029106,578.912046904788,474.47663242781744,568.3386657516581,471.4330749511719,577.4666137695312
472.3781566165966,579.3945597185705,475.9047609267224,568.8113562571936,472.8619384765625,577.9427490234375
473.8099715404562,579.8530540457142,477.33196506052695,569.2762087240004,474.2879638671875,578.4176025390625
475.34907121799745,580.3727554091029,478.87369827397606,569.777681996099,475.8289489746094,578.9302368164062
476.8901890795381,580.8683918711214,480.4112412837743,570.2863139126771,477.3650207519531,579.4413452148438
478.41837835894637,581.3843590743688,481.9447920521701,570.7848269545063,478.8954162597656,579.9505004882812
479.94748249295833,581.8772510241527,483.47077675608284,571.2891391825212,480.4198303222656,580.457763671875
481.4641478067222,582.3885819748936,484.9916891007561,571.7837937444002,481.9383850097656,580.962890625
482.98170863452975,582.8774907450197,486.5047089035745,572.2845559314477,483.4511413574219,581.4660034179688
484.4868072800355,583.3841727424796,488.0143059995281,572.7752493491074,484.9580078125,581.967041015625
485.9851319648823,583.8923885850788,489.5142059564176,573.2712664258995,486.4591369628906,582.4658203125
487.4861630929523,584.3721342631892,491.0126188302945,573.7583256222781,487.9544677734375,582.962646484375
488.9730058206327,584.87505815487,492.50279313304867,574.250868518437,489.4439697265625,583.45751953125
490.46249595950144,585.3510951181873,493.9883465455742,574.7340178455332,490.9277038574219,583.9502563476562
491.9383717661985,585.8491010851943,495.46493198244536,575.223128026,492.40576171875,584.4407958984375
493.41649715329896,586.3212789804749,496.93881257440773,575.7019513705961,493.87823486328125,584.92919921875
494.88112427949255,586.8148363956734,498.40570647905844,576.1864742509724,495.3451232910156,585.4156494140625
496.3471855824751,587.2844445098243,499.8701345957438,576.6625757562795,496.8062744140625,585.9002685546875
497.80048521323675,587.7730625853511,501.33043460133365,577.1368264078734,498.26171875,586.38330078125
499.24681706901504,588.2630583564996,502.78458416144383,577.6183859496883,499.71142578125,586.8651123046875
500.69683449879875,588.7231202817785,504.23606388148517,578.0899249691645,501.1553039550781,587.345703125
502.13252148456854,589.2086959708811,505.6775000516163,578.5674380149685,502.5935363769531,587.8248291015625
503.5714826792333,589.6667426639751,507.1153308898422,579.0345186133966,504.0262451171875,588.3023681640625
504.9969186560039,590.1466197494042,508.5460903301544,579.5075226341286,505.4533386230469,588.7784423828125
506.5336594101878,590.6408806754838,510.0830445858057,580.0075584001104,506.9847106933594,589.2896118164062
508.06067285968555,591.1522008191874,511.61233094337064,580.5133801297337,508.5122375488281,589.799560546875
509.59007724481137,591.64508229197,513.1384897292811,581.0102800931363,510.03619384765625,590.3080444335938
511.1129162276199,592.154471113127,514.6613116268818,581.5054437367759,511.55908203125,590.8154907226562
512.6453798831366,592.646344109615,516.182844388362,582.0097068189241,513.08544921875,591.3231201171875
514.1617700870394,593.156590900851,517.702213820838,582.5039927756025,514.6034545898438,591.82763671875
515.6777870626563,593.6431439616667,519.209677562007,583.004054627632,516.114013671875,592.3291015625
517.1861379640729,594.1271738421467,520.7143831987864,583.4936506060038,517.6172485351562,592.827880859375
518.680776813204,594.6275949596923,522.2078759598554,583.988995724371,519.113037109375,593.3237915039062
520.1741799262329,595.1062603436284,523.6979184760143,584.474004927275,520.6014404296875,593.8170776367188
521.6538929451104,595.6017011021708,525.1783104884861,584.9640094945718,522.0825805664062,594.3078002929688
523.1330000489008,596.0749800820349,526.6514724317562,585.445170110661,523.5564575195312,594.795654296875
524.5990027506625,596.5655665045447,528.116805410647,585.9321079485974,525.02392578125,595.2811279296875
526.067546412815,597.03619645577,529.5812885534668,586.4112462233528,526.4878540039062,595.7652587890625
527.5263771798885,597.5249257130804,531.0411038639313,586.8882879462334,527.9483642578125,596.2478637695312
528.9904324072662,597.9921681775751,532.4953238580931,587.3730890220845,529.4072265625,596.7293701171875
530.447165337012,598.4806369890063,533.9492680214253,587.8493173943133,530.8657836914062,597.2098388671875
531.9020124506236,598.9400517743919,535.3924274190075,588.3311390743546,532.314453125,597.6864624023438
533.3387392229009,599.4216109546164,536.8275118806548,588.8026085079517,533.7534790039062,598.1592407226562
534.7743954174138,599.8746242614258,538.2531313331518,589.280148274187,535.1834716796875,598.6287841796875
536.2934835221516,600.3828396106253,539.7727881915966,589.7794874509132,536.7052001953125,599.1281127929688
537.8096797942354,600.863732899493,541.2803959361935,590.2845218106244,538.2164306640625,599.6239013671875
539.3081355037187,601.3642989728191,542.7797059796421,590.7760736046052,539.7174072265625,600.1160278320312
540.8030336054086,601.8381484670141,544.2687961437789,591.2751653017604,541.2076416015625,600.60498046875
542.2807174354566,602.3316264413429,545.749037402478,591.7570441531561,542.6878051757812,601.0904541015625
543.7549377211939,602.7999678476033,547.216860257538,592.2450052399599,544.1575317382812,601.572509765625
545.2116477636777,603.2871180294137,548.6789323799337,592.7181980767646,545.6170654296875,602.0513305664062
546.6652492314373,603.7503914491739,550.126056810734,593.1959727522254,547.0665283203125,602.526611328125
548.1020514968408,604.2308748261288,551.5681123828188,593.6605991529094,548.506103515625,602.9986572265625
549.5359469869768,604.6871271108027,552.9964869171389,594.129731001905,549.935791015625,603.46728515625
551.0469150604131,605.192734878426,554.5143695551245,594.6177233649878,551.4498901367188,603.9637451171875
552.5543901678692,605.673059985544,556.0155327363036,595.1090471989032,552.9530639648438,604.4562377929688
554.0433965911426,606.1723220446402,557.5066557805998,595.5983101587474,554.4453735351562,604.9450073242188
555.529111325344,606.6447456678474,558.9896400234718,596.0754802140965,555.9268188476562,605.4300537109375
556.9966637205335,607.1370224083423,560.4581958836814,596.5575089524517,557.397705078125,605.9113159179688
558.460897303281,607.6022605910513,561.9202807240613,597.026494432341,558.8577880859375,606.388916015625
559.9133798110322,608.0682518804576,563.3682873799617,597.4992784557226,560.3074340820312,606.86279296875
561.349379225358,608.5486042566486,564.8074983383109,597.9600231753384,561.7464599609375,607.332763671875
562.7812299754161,609.0072507880421,566.2344277028884,598.4248269145722,563.1754760742188,607.799072265625
564.2846784255437,609.5115726078717,567.7402724350678,598.9073177959928,564.6826782226562,608.2902221679688
565.7829339697179,609.9924588905433,569.2337389150014,599.3939904188702,566.1785888671875,608.7772827148438
567.2631243126946,610.4894674997292,570.7175940017396,599.8764744156516,567.6631469726562,609.260498046875
568.7387196680522,610.961500012447,572.1936594221092,600.3491456164592,569.1363525390625,609.7401123046875
570.2029187126315,611.4320170883859,573.6544116442362,600.8251843978541,570.5986328125,610.2159423828125
571.650183684936,611.9159339467031,575.1073920319751,601.2899906703609,572.0496826171875,610.6880493164062
573.0926419039105,612.3773335195032,576.5481397412948,601.7592938045767,573.4898681640625,611.15673828125
574.5170159728764,612.8562543227787,577.9779812420969,602.2240382247612,574.9188232421875,611.6218872070312
576.0187372766062,613.3404964422234,579.4846363655583,602.7048754985167,576.41943359375,612.1109008789062
577.5078745561212,613.8218380500659,580.9740117783126,603.1883379271233,577.907470703125,612.595947265625
578.9796712814381,614.3148765571976,582.454396047033,603.6606989218836,579.38330078125,613.0772705078125
580.4456143663149,614.7877523538159,583.9186887233496,604.1363398555441,580.84765625,613.5547485351562
581.8942807867558,615.2745022758045,585.3701260613022,604.607654773902,582.3004150390625,614.0281372070312
583.3370218747125,615.7402575407481,586.8123300910521,605.0670974132096,583.74169921875,614.4974365234375
584.7635313243308,616.2198682938155,588.236149533554,605.5273432993147,585.1720581054688,614.9619750976562
586.2641081361534,616.7049344556847,589.7198567467628,606.0024879828925,586.670654296875,615.4458618164062
587.7537952737582,617.1873791847216,591.1737180285851,606.4767190227271,588.158203125,615.9208374023438
589.2270298413392,617.6824141576557,592.6076949028342,606.9482925159293,589.6353149414062,616.3860473632812
590.6965751919253,618.1543899215756,594.0182458168878,607.4062308343431,591.1029052734375,616.839599609375
592.149434355312,618.6422008912607,595.3986612998978,607.8884211074965,592.5609741210938,617.2801513671875
593.5972603790578,619.1086088149143,596.7779947328285,608.3160198994696,594.01025390625,617.707275390625
595.105858568762,619.6126115526575,598.2083295173135,608.7596422136247,595.526611328125,618.1407470703125
596.6087203516947,620.0980081802344,599.6116338596701,609.2074300974112,597.0338134765625,618.5563354492188
598.0997948297788,620.5947358944909,600.9941802200784,609.603948507822,598.5326538085938,618.9510498046875
599.5849490589476,621.074417430112,602.3041630776432,610.2193399573096,600.0233154296875,619.324462890625
601.057594208682,621.5646965927353,603.6028771479824,610.8409537804773,601.5057983398438,619.6763305664062
602.52366341589,622.0412430698652,604.8976659471746,611.4581343326719,602.97998046875,620.0070190429688
604.0538598285821,622.5479728265672,606.235485917595,612.1417071798829,604.5189208984375,620.3296508789062
605.5796611832578,623.0422134832346,607.600536656966,612.6334173472814,606.0486450195312,620.6266479492188
607.0981687154696,623.5369621963595,608.9528738419469,613.146526213465,607.5692138671875,620.8980712890625
608.6138980935342,624.0230485115678,610.3059494365657,613.5757918526855,609.0803833007812,621.142822265625
610.1237597924772,624.5041855407696,611.652942785298,614.013973152763,610.5818481445312,621.3616943359375
611.6311885556972,624.9713582441462,612.9910629533642,614.4700343410252,612.0736083984375,621.5548706054688
613.2037442093356,625.4531835434622,614.3994846260638,614.8942017391962,613.6253051757812,621.7305908203125
614.7734764115393,625.925363662665,615.8002333811862,615.3425137533842,615.1659545898438,621.8800659179688
616.3420737189089,626.3769855632906,617.1985508214394,615.7349919076781,616.694091796875,622.0030517578125
617.9079839906383,626.831367028046,618.5911068655345,616.1498875128359,618.2105712890625,622.1000366210938
619.4668413292814,627.2541091864804,619.9911724204138,616.5044493871641,619.7146606445312,622.1734008789062
621.0997692751778,627.6939796752755,621.4427624435582,616.8924438917527,621.2734985351562,622.222900390625
622.7318444662495,628.1007512165543,622.8927024409913,617.2144512200565,622.818359375,622.2457275390625
624.3647072998424,628.4947736842328,624.3372015065834,617.5457215675762,624.3489990234375,622.2418823242188
626.0008724776415,628.875992600272,625.7761775735735,617.8694877826664,625.8648071289062,622.2109375
627.6363601788512,629.1720814242428,627.208688026694,618.0778688020372,627.3657836914062,622.153076171875
629.3545526222134,629.4730418271051,628.6954584947481,618.3460079238657,628.91552734375,622.061279296875
631.0770390932739,629.7350432623404,630.1694058633155,618.4886342767165,630.44775390625,621.9376220703125
632.7930341706452,629.8843675500425,631.6427081132239,618.6721914477265,631.9617919921875,621.7822875976562
634.4958759560074,630.0174727386867,633.1041347684704,618.729724060152,633.457763671875,621.5978393554688
636.2475832399277,630.0994688065192,634.6292592334614,618.8155077514764,634.9966430664062,621.3771362304688
637.9882801409233,630.1087199575725,636.1488369075043,618.8926686416208,636.5154418945312,621.1280517578125
639.7041647334395,629.982824176871,637.6249399293135,618.7511665971884,638.0136108398438,620.8507080078125
641.4078511059428,629.8559358960019,639.1095658455448,618.6942194578129,639.490966796875,620.5465087890625
643.1767369537722,629.6655501059719,640.6018571336878,618.4460430094248,641.0042114257812,620.19921875
644.9229404813406,629.357046131267,642.095943245429,618.2610251219629,642.4931030273438,619.8198852539062
646.6544066990577,629.0174433453386,643.5371477616421,617.9137420092271,643.9569091796875,619.408935546875
648.3592645830481,628.6197268345437,644.9771044548276,617.6062056762707,645.3950805664062,618.96728515625
650.122190869168,628.1356236434837,646.4170533706268,617.1629099380767,646.859375,618.4728393554688
651.8413620153384,627.5958274518756,647.8507072815861,616.7387157592725,648.2942504882812,617.9454345703125
653.5104061215746,626.9256577159352,649.2632084209918,616.2947259606034,649.6985473632812,617.3843994140625
655.204547064976,626.2277326243662,650.6581382360114,615.6940975492927,651.1224365234375,616.7698364257812
656.852033533626,625.4726628390614,652.0580913630808,615.1436575213407,652.5132446289062,616.1243286132812
658.4550655739955,624.6749595148341,653.392045842102,614.4861648078306,653.870849609375,615.44970703125
660.047320114777,623.7528840438374,654.770872184193,613.8369074791622,655.2410888671875,614.7205810546875
661.607361650738,622.8406062436726,656.1257771103794,613.1706559136421,656.5755615234375,613.964111328125
663.1265845770059,621.8960885158805,657.384524852897,612.368522751433,657.8743896484375,613.1813354492188
664.5814938955311,620.8939273706852,658.6617888430787,611.6275823218347,659.1384887695312,612.373779296875
666.0568951947623,619.8563067096534,659.8911035093171,610.7473631300916,660.4096069335938,611.5133666992188
667.4914201745836,618.7937892998428,661.1305945104375,609.912611627513,661.6439208984375,610.6293334960938
668.8751090265988,617.7192235486765,662.3456629420516,609.0661654447285,662.8426513671875,609.7247924804688
670.1907850537476,616.5304953268904,663.4838283894222,608.0594536830196,664.0472412109375,608.7710571289062
671.4875409343387,615.3437456558826,664.6569668348023,607.1098394119276,665.2247314453125,607.7942504882812
672.7239088583503,614.1145296776771,665.7410956675766,606.0520402984023,666.3819580078125,606.7919921875
673.9072463156059,612.8440304916481,666.8567789628105,605.0253341738834,667.5224609375,605.7635498046875
674.9793000990445,611.4788035584935,667.9743001460449,603.9881117065283,668.6492309570312,604.7098388671875
675.9987757496865,610.1549283844558,668.880343641559,602.7902284442201,669.7279663085938,603.6671752929688
676.9737059769831,608.809035871497,669.8402106032522,601.6419845879082,670.7969360351562,602.6032104492188
677.8913128446171,607.420801264501,670.6835905325262,600.3713477267876,671.857177734375,601.5191650390625
678.7920524277484,606.0304049609807,671.5579512526439,599.1253084979453,672.91015625,600.416015625
679.6596655390587,604.6321287399767,672.3477950178058,597.7889065582153,673.958251953125,599.296142578125
680.4650189127574,603.2026556871984,673.152845989623,596.4525639900014,675.0049438476562,598.1622924804688
681.2337863421865,601.8212750221035,673.9100272676689,595.1290136308708,676.0172119140625,597.0545043945312
681.9833246414411,600.4419674717458,674.6447413698504,593.7653853153552,677.0328979492188,595.9381103515625
682.7075398576712,599.0500729202572,675.3896691807804,592.388857740271,678.0551147460938,594.8151245117188
683.4181733642209,597.6478465450691,676.1512114692963,591.0051832766397,679.0857543945312,593.6876220703125
684.16991815806,596.2795793071747,676.9215773989579,589.6060502828556,680.126708984375,592.5570068359375
684.8982370196828,594.901036613624,677.722946112046,588.1937837585982,681.1824340820312,591.4276123046875
685.6957422706245,593.6579713532706,678.5756602142341,586.8654746687236,682.2189331054688,590.3411254882812
686.480095492778,592.4109039193155,679.4423269402098,585.4947443072341,683.2776489257812,589.2637939453125
687.3289105640398,591.221424172971,680.3959290522347,584.1608198222342,684.361572265625,588.199462890625
688.182458700662,590.0264758814724,681.384978042888,582.8116998300648,685.4738159179688,587.1515502929688
689.0453803755358,588.8169714532263,682.4173678634708,581.4670105874901,686.6152954101562,586.1221923828125
690.0164319703528,587.7072484525,683.5455751555535,580.1786855728302,687.787841796875,585.1143798828125
690.9589338277277,586.5436914083581,684.7145472015574,578.8829121646339,688.9931030273438,584.1319580078125
691.9838533249595,585.528823890526,685.8809132447432,577.6547127874921,690.1851196289062,583.2080688476562
693.0019464941822,584.4704801923988,687.0812908213622,576.4478854350832,691.4055786132812,582.307373046875
694.107041292431,583.5061615702837,688.377902911374,575.324533088336,692.6549682617188,581.4324951171875
695.2130071194184,582.5177397682409,689.692467245471,574.1794284787798,693.9338989257812,580.5857543945312
696.343107573661,581.5419783199048,691.0695233216546,573.0496482708749,695.2440795898438,579.7721557617188
697.5820613991406,580.6989726340546,692.5116634776355,572.0226244552931,696.5831298828125,578.9896240234375
698.7599406098086,579.82730622473,693.9089761618447,571.0309777955629,697.8980712890625,578.2644653320312
700.0196126133218,579.0711681199078,695.3405667675994,570.0766287817528,699.2374877929688,577.5676879882812
701.2752932498465,578.2747658792578,696.8309832855587,569.2161627580725,700.600341796875,576.8990478515625
702.5948875015208,577.5770466514979,698.3372292641974,568.3614574404493,701.9859008789062,576.2589111328125
703.9187801945052,576.8605444947038,699.8828787116319,567.5431976309104,703.3939819335938,575.6489868164062
705.2640987834566,576.1579648076514,701.4637258841722,566.7634782820651,704.8241577148438,575.0704345703125
706.6760409106653,575.5902003518261,703.1056666396746,566.0854524604121,706.2759399414062,574.5250854492188
708.0837533715636,574.9756711255277,704.75183339039,565.4051782637805,707.7484130859375,574.012451171875
709.4864532475814,574.497075576888,706.3687102997651,564.780530274321,709.1832275390625,573.5520629882812
710.8911045385157,573.9909145383025,708.0204964239731,564.2505764955736,710.6356201171875,573.1240234375
712.3133645661509,573.5037012107723,709.6862429347783,563.7249932556294,712.1052856445312,572.7291870117188
713.7851433363485,573.1706865950871,711.383279395109,563.239801027887,713.5914306640625,572.3697509765625
715.251515584028,572.7800367950547,713.1087753193914,562.8437148554796,715.0932006835938,572.0458984375
716.756911502896,572.522650882361,714.8262000747466,562.4721893176799,716.609375,571.754638671875
718.2621933521822,572.231836319145,716.5715889365753,562.1421481568581,718.1392822265625,571.498291015625
719.7816448846469,571.9640634131498,718.3234830183934,561.8679599299884,719.6821899414062,571.2754516601562
721.2691826089581,571.8651164581634,720.0245586934351,561.715079730137,721.1744384765625,571.0924682617188
722.7552647102106,571.70545813585,721.7257933050216,561.5773185622278,722.6774291992188,570.939697265625
724.2602014070046,571.6847622187611,723.435696411259,561.4883014854446,724.1900634765625,570.8173828125
725.7676518739083,571.6249170616748,725.1404516914757,561.4489307576263,725.7120971679688,570.7235717773438
727.289124537454,571.6873442091509,726.8332732152941,561.5531388848552,727.24267578125,570.6547241210938
728.8151674024998,571.7382140009602,728.5142819206628,561.6643443029636,728.7814331054688,570.6087646484375
730.3453832276775,571.8304773691821,730.2059536204455,561.8215644874266,730.3280639648438,570.5872192382812
731.8800980747478,572.0712894864984,731.8930788439079,562.0564294011635,731.8820190429688,570.5892333984375
733.4171122360702,572.2758422475089,733.5746704216056,562.299367138158,733.443359375,570.6138916015625
734.8873481668898,572.5835929250047,735.1914869774939,562.5616694671422,734.9457397460938,570.6594848632812
736.3617616194,572.8766838339167,736.7936227654241,562.8440298795716,736.4544067382812,570.7244262695312
737.8336684241101,573.2403651000496,738.3968138665821,563.1212817148637,737.968994140625,570.8087158203125
739.3057900523885,573.6016395875527,739.9993859883091,563.4280822377076,739.4891357421875,570.912353515625
740.7784383131569,573.9803346103778,741.6015479306199,563.7324559069052,741.0150146484375,571.034912109375
742.2475256751808,574.4067689917246,743.2034549130923,564.0659148036059,742.546142578125,571.1764526367188
743.7164805928991,574.82447125962,744.8103078517352,564.4033032307923,744.0824584960938,571.3377075195312
745.1830763390321,575.2641422946868,746.4199977501507,564.7482279409005,745.6235961914062,571.5189819335938
746.6531249267102,575.6997494869062,748.0229992569577,565.1433403645549,747.1696166992188,571.7196044921875
748.1214608838254,576.1457959722254,749.6320895327717,565.5333790559691,748.7200927734375,571.9403076171875
749.5292722785624,576.567377964931,751.1679538044789,565.9392830109769,750.2073364257812,572.1696166992188
750.9404157666277,576.985996068209,752.7057575524186,566.3451621607642,751.6984252929688,572.4169921875
752.3535098900375,577.4076699526202,754.24278746388,566.7761424288606,753.1931762695312,572.6826171875
753.769831417316,577.8254518187058,755.7834358130305,567.2094837986019,754.69140625,572.966796875
755.186414868184,578.2484012292027,757.3269556279276,567.6589239429162,756.1926879882812,573.270263671875
756.6065324817027,578.667948796019,758.877096680995,568.1002841827316,757.6968383789062,573.5934448242188
758.0264320017862,579.0900585783745,760.4347625209335,568.5454416645771,759.2032470703125,573.9375
759.4510144580034,579.5090286668936,761.9980598717532,568.991935200196,760.7118530273438,574.3028564453125
760.8816312495675,579.9310701933352,763.564908196334,569.441241661907,762.2224731445312,574.6892700195312
762.3208218684505,580.3509813207943,765.1355322553044,569.891216972286,763.73486328125,575.0962524414062
763.6971984210948,580.7547341432984,766.6425090643835,570.3243251426672,765.1798095703125,575.5042724609375
765.0798838567844,581.1560897298904,768.1561524470796,570.7593640390762,766.6256103515625,575.9320678710938
766.4730796659727,581.5598874935614,769.6727818171507,571.1962620424305,768.0726928710938,576.3788452148438
767.8707786074426,581.966900980641,771.1974234623888,571.637228811911,769.520263671875,576.8450317382812
769.2747923045024,582.3726687926019,772.7292468161445,572.0796536713634,770.9669799804688,577.33056640625
770.6782419863406,582.7781968934463,774.2622732023115,572.5239457473275,772.4064331054688,577.8336791992188
772.07671029546,583.1789221734193,775.7845677904977,572.9658901716731,773.8297119140625,578.3504028320312
773.4745905616056,583.5793878304073,777.2887317307934,573.4033421742963,775.23681640625,578.8778076171875
774.9372173180783,584.0018539762901,778.8438142935905,573.8579546208256,776.6943969726562,579.4391479492188
776.3934232228582,584.4201478790635,780.3878413540456,574.3034119771825,778.1354370117188,580.0081176757812
777.8466064240937,584.8403158641153,781.9140154562384,574.7407434102948,779.5614013671875,580.5823974609375
779.2876981141043,585.2539635233237,783.43136783701,575.1873424932047,780.9716796875,581.1629028320312
780.7179638605378,585.6681064925609,784.9405630227977,575.630593389804,782.3663940429688,581.7496337890625
782.1423798208731,586.0783578391544,786.4309675272755,576.0856522917346,783.7460327148438,582.3417358398438
783.6260077244483,586.5097497659636,787.970134882933,576.5542809397163,785.1730346679688,582.9644165039062
785.1052020793861,586.9375315037487,789.4866791254121,577.0264257197414,786.5855712890625,583.5888671875
786.5730175226943,587.3671201026798,790.9908190906846,577.4940878570256,787.9837036132812,584.2144775390625
788.0362021694716,587.7931771446856,792.4706570069633,577.9614612698874,789.3685913085938,584.839111328125
789.4904968997408,588.2218598555569,793.9308388849164,578.4212973836643,790.7413330078125,585.4610595703125
791.0033952824255,588.6657511651381,795.4286907701188,578.8846466616291,792.1624145507812,586.10400390625
792.5057002756907,589.1122033365538,796.8833850143396,579.3746988134626,793.572998046875,586.7381591796875
794.0013760054876,589.5549184013006,798.3058888818751,579.8488461703101,794.974853515625,587.35986328125
795.4883309191922,589.9956296150123,799.6909537000499,580.3169774932364,796.3698120117188,587.965576171875
796.9626891067468,590.4384258016548,801.0434872400099,580.7743384205199,797.7591552734375,588.55224609375
798.4901162255806,590.8940531386378,802.4107893091066,581.2264664435243,799.2024536132812,589.1375732421875
800.0031231472068,591.3488085974594,803.7498178862954,581.6567722284315,800.6427001953125,589.6943359375
801.5029362023315,591.7956880373632,805.0595858947909,582.0842979168766,802.0797729492188,590.2206420898438
802.9885149588455,592.2406854516207,806.3495542001508,582.4930496211305,803.5144653320312,590.71533203125
804.4628055863597,592.6776501315752,807.614114748598,582.8990473588684,804.9464721679688,591.1768188476562
805.9863624397262,593.12830849297,808.928878526213,583.3163066533871,806.4375,591.6239624023438
807.507745516136,593.5817948239758,810.2188747652458,583.7312915611242,807.9332885742188,592.03564453125
809.0272104594588,594.0308939185913,811.5063116983146,584.1426559955853,809.4331665039062,592.4116821289062
810.5456881585105,594.4796137706929,812.789645127312,584.5570536016482,810.9364624023438,592.7516479492188
812.0651613884459,594.9245855659898,814.0763226666478,584.9720190561148,812.4427490234375,593.0560302734375
813.5872729193823,595.3709853988033,815.3623446675876,585.388983520101,813.9512329101562,593.3242797851562
815.1064749124745,595.8128379581317,816.678281821892,585.8142535376895,815.4603881835938,593.5615234375
816.630883299983,596.2596434495806,817.9949297078746,586.2359690885586,816.9700927734375,593.7669677734375
818.1601605233614,596.675277500988,819.3329329158985,586.6401603746732,818.4794311523438,593.943359375
819.6918809050975,597.0960221389603,820.6833746549828,587.0502399731134,819.9883422851562,594.09228515625
821.2331571912551,597.4900236722626,822.0390019560243,587.4377207202247,821.495849609375,594.213134765625
822.781330935077,597.8829711786291,823.4013357613667,587.8251151077084,823.0018310546875,594.3059692382812
824.3368188901779,598.2839675975862,824.772845875912,588.2202361384619,824.50634765625,594.3711547851562
825.9050142577632,598.6240647848018,826.1523719264434,588.545058851214,826.0084838867188,594.4080200195312
827.5402257813975,598.9902059450701,827.5966888031085,588.9153076095507,827.5658569335938,594.416748046875
829.1882376675507,599.2898976365393,829.0475441211255,589.1984053192904,829.1199951171875,594.3950805664062
830.8460325581425,599.5821648228875,830.5085238682648,589.5068760359885,830.6705322265625,594.3431396484375
832.5099378176145,599.8542782140969,831.9788875464907,589.7235345630033,832.216796875,594.2620849609375
834.1806453841837,600.0217043306245,833.4563477942745,589.9540874177208,833.75830078125,594.1511840820312
835.858257971077,600.1870602150484,834.9367689378363,590.0887920632259,835.294677734375,594.010986328125
837.5493262237392,600.3171394481777,836.4199695318175,590.219385659601,836.8248901367188,593.83984375
839.2274646873531,600.3240930003275,837.914155272037,590.3334177498099,838.3487548828125,593.6395263671875
840.9122807699757,600.3242198465265,839.3947527785355,590.2989345803744,839.8656616210938,593.409912109375
842.5954115743513,600.2793279054958,840.8876001061766,590.3043213849576,841.3750610351562,593.1514892578125
844.272804756523,600.1406862436078,842.3646987133812,590.197109052261,842.8763427734375,592.8634033203125
845.9496058149302,599.9900576074397,843.8523571178878,590.1140476637701,844.368896484375,592.5464477539062
847.6243004294364,599.8000399772037,845.3242638136298,589.9367102017789,845.8521728515625,592.2005615234375
849.2885748308814,599.5342854549016,846.8009985172921,589.7656821307219,847.3255004882812,591.8253784179688
850.9525380101884,599.2593102531972,848.2762039057926,589.5661926726196,848.7884521484375,591.4214477539062
852.611326685959,598.9593306901953,849.7268188012887,589.2627865929358,850.240478515625,590.989501953125
854.2523232549618,598.5814445485909,851.1900438669468,588.9919635726148,851.6810302734375,590.5294799804688
855.8965265014534,598.1946533312716,852.6249891163188,588.6237707110603,853.1094970703125,590.0411987304688
857.5266016079669,597.7748379243193,854.069059611424,588.2710007718746,854.525634765625,589.5260009765625
859.1253487392125,597.2726296330216,855.4857594490327,587.8340735755025,855.929443359375,588.9846801757812
860.718961996907,596.7587596523439,856.9056070575699,587.3948638655537,857.3220825195312,588.4175415039062
862.3054676872167,596.2084653793796,858.324069378051,586.9403728118895,858.7036743164062,587.8240356445312
863.8529316343855,595.5728031807713,859.6909802632983,586.3547969152215,860.0748291015625,587.2049560546875
865.3979654355611,594.909596868371,861.0746559524678,585.7987299039999,861.435546875,586.5592651367188
866.9215090684268,594.2014015305725,862.4118719863638,585.1358221424327,862.7858276367188,585.8875732421875
868.4210746039678,593.440023324263,863.7563118422374,584.4793698736335,864.1261596679688,585.1898193359375
869.8604470556857,592.5926635400368,865.0633542964507,583.7377712923493,865.4588623046875,584.4678344726562
871.2837327440225,591.7455262531207,866.3700982457784,582.9797827877364,866.7869262695312,583.723388671875
872.6894540003331,590.8636658927356,867.6720582955601,582.1962026411185,868.112060546875,582.956298828125
874.0586983399744,589.9020020334976,868.9244562535745,581.3067890149453,869.43701171875,582.1648559570312
875.3793243542813,588.9558685857678,870.1470260742686,580.4559722179503,870.7147827148438,581.3782958984375
876.6881470838722,587.9775098033365,871.3305120432369,579.5158161223211,871.99609375,580.5670166015625
877.967591959928,586.9322157302632,872.5221010141701,578.5621767583403,873.2821044921875,579.7303466796875
879.2456032841133,585.8706278864547,873.7124320565936,577.5765519191256,874.57421875,578.8683471679688
880.4718582701873,584.8182247313337,874.804549404136,576.5246020005268,875.822998046875,578.0150146484375
881.7053886704521,583.7357573216133,875.9252914768098,575.4919398212443,877.0775756835938,577.1353759765625
882.8757981989613,582.5261495497234,876.9920653643783,574.3610904072791,878.337158203125,576.2277221679688
884.0104747132532,581.3517585100477,878.0322056659219,573.2772185752024,879.5512084960938,575.328857421875
885.1395960063261,580.164304834659,879.0428281723147,572.1247126529354,880.7711181640625,574.4037475585938
886.2730926578935,578.9550781957992,880.062539567633,570.9626883237937,881.9965209960938,573.4515380859375
887.4267215713502,577.8592999159739,881.0207363402161,569.8017032430998,883.1765747070312,572.5133666992188
888.592536632218,576.7501486686697,881.983124640371,568.6252080471398,884.3617553710938,571.5492553710938
889.7865768556676,575.646666789177,882.9428701402991,567.4240136840584,885.5518798828125,570.5587158203125
890.8955104803006,574.5263014419746,883.8488926015423,566.2391815207728,886.6951904296875,569.5865478515625
892.018864226192,573.3943637803329,884.7624199281437,565.0450119291942,887.8427124023438,568.5892333984375
893.1521006779411,572.2490507394915,885.6744267338325,563.8278526985795,888.9943237304688,567.566650390625
894.2276152812079,571.0143219861438,886.592013996395,562.5949323423716,890.1502075195312,566.5183715820312
895.2719054358621,569.8371323021922,887.4807624986755,561.4074472216765,891.2581176757812,565.494384765625
896.2800995227008,568.6049927486647,888.3782643673874,560.201746380883,892.3710327148438,564.4478759765625
897.29627034157,567.3598756455143,889.2836276549677,558.9808596975827,893.4891357421875,563.378662109375
898.2995560329845,566.0787021957203,890.2046483101492,557.7535196150678,894.6123046875,562.2865600585938
899.2425758164284,564.8203864926489,891.0843570997739,556.5707552235755,895.6864013671875,561.224365234375
900.1914381665009,563.5463493044508,891.9774159599049,555.3817924499544,896.7643432617188,560.139892578125
901.1573626485243,562.2690728312247,892.8760992971942,554.1768815047911,897.8458251953125,559.0331420898438
902.1342189473172,560.9755674350553,893.7846329317932,552.969071860018,898.9297485351562,557.9027709960938
903.0694288282779,559.7332495570788,894.6528420832087,551.8079233471716,899.961669921875,556.806884765625
904.0116127429163,558.48384838114,895.5382920767036,550.634424234955,900.9960327148438,555.6903076171875
904.9600105143576,557.224586217829,896.4338724361693,549.4423393813619,902.0336303710938,554.5535278320312
905.9158416478869,555.9529679558791,897.3426130844828,548.2395498645948,903.0745239257812,553.3966064453125
906.8781843019063,554.6707654719344,898.2608297614252,547.0175029032905,904.119140625,552.2203979492188
907.7963883344388,553.4464099172542,899.1457646522861,545.8483495763443,905.1126708984375,551.0892333984375
908.7210647242052,552.2117245256474,900.037293526609,544.6625071136292,906.110107421875,549.94189453125
909.6508459985838,550.9677270312375,900.9457800482346,543.4647783531077,907.1119995117188,548.7794799804688
910.5889632407795,549.71605396011,901.8628447811844,542.2493892746593,908.1190185546875,547.6026000976562
911.5367107032819,548.4587585253698,902.7954086979274,541.0210311985575,909.1317138671875,546.4124145507812
912.4838792162457,547.1857204858748,903.7355238347658,539.7760956249969,910.1505737304688,545.20947265625
913.3943772057339,545.9796921220193,904.6323583948665,538.5950211195477,911.1182250976562,544.0613403320312
914.29461671613,544.7498968069455,905.5329710828323,537.4021040953157,912.0907592773438,542.9016723632812
915.2067413184725,543.5153422040506,906.4441163146261,536.2021945695084,913.0681762695312,541.7305297851562
916.1141521813482,542.2624439678865,907.3596929747029,534.9892027482022,914.0505981445312,540.5480346679688
917.034678549084,541.0045135276343,908.2843926915166,533.7731384639893,915.0374145507812,539.3539428710938
917.9487796900701,539.7254737337068,909.2112948620502,532.5474013633544,916.0283203125,538.1477661132812
918.8707720825041,538.4384864473827,910.1451541200238,531.3130168836736,917.0230712890625,536.9296264648438
919.7962522385346,537.1397112569317,911.0886799243171,530.0733409283122,918.0214233398438,535.6994018554688
920.6730411865966,535.9066686281797,911.9744378928108,528.9012130819189,918.96337890625,534.52978515625
921.5617545407413,534.6706769966019,912.8692971239263,527.7255149162592,919.9071044921875,533.3486328125
922.4607271455261,533.4298499293635,913.7650555001147,526.540753336493,920.852294921875,532.1555786132812
923.3608872276482,532.1779496962179,914.6711672758527,525.3507527999466,921.7988891601562,530.9507446289062
924.277457263237,530.9267708052471,915.5796502927473,524.150755019688,922.7466430664062,529.7341918945312
925.2042867774076,529.6716797420646,916.4981901740787,522.9444971109876,923.6956787109375,528.5059814453125
926.1175833635843,528.3937649694377,917.4177043334429,521.7284970774799,924.6456298828125,527.2660522460938
927.0538599975383,527.1202444229064,918.3452093901021,520.5119254203441,925.5958251953125,526.0138549804688
927.9499999426507,525.8047601557389,919.2737155529987,519.2839338847095,926.5460205078125,524.7495727539062
928.8577867502398,524.4872578951433,920.2154330647445,518.0504424594832,927.4965209960938,523.473388671875
929.7002448992205,523.2357395164138,921.0990047241665,516.8810432353753,928.3882446289062,522.2664184570312
930.5737743598221,521.9981430909736,921.9979657005243,515.7056606938926,929.2810668945312,521.0496215820312
931.456353570402,520.7587841131234,922.9064850297401,514.5174354284184,930.17578125,519.823974609375
932.3492586725843,519.5180526559196,923.8191729820103,513.3126663498082,931.073486328125,518.5899658203125
933.2549856002703,518.2767061337972,924.7436599819308,512.1042175109247,931.9742431640625,517.347900390625
934.1674129865262,517.0303131976412,925.668562111835,510.8841155583924,932.878173828125,516.0979614257812
935.0948079426522,515.7839094853499,926.6033469261075,509.6618519696864,933.7852783203125,514.8397827148438
936.017651958413,514.5270317412344,927.5442095826517,508.42047727971016,934.6967163085938,513.5750732421875
936.9554826541148,513.2711976421799,928.4970268914666,507.17433655648244,935.6131591796875,512.3036499023438
937.894892553127,512.0048561767687,929.4509030420517,505.9267959463622,936.5335693359375,511.02496337890625
938.8215384039275,510.720212246061,930.4059514789564,504.66746318848556,937.4580688476562,509.73956298828125
939.7634306803019,509.43585465613313,931.3691989707153,503.40597476144006,938.3866577148438,508.4468688964844
940.6978150098242,508.1367985203609,932.3320520953073,502.13301779838326,939.3192138671875,507.1474304199219
941.5846298814635,506.9259257668863,933.2411695384785,500.9429788112153,940.1934204101562,505.9283142089844
942.4638124689423,505.70136005961047,934.1500769521763,499.7428273770243,941.0713500976562,504.703369140625
943.3564135692891,504.47926786432885,935.0690487955644,498.5380742130636,941.9531860351562,503.4732971191406
944.2427455083867,503.2446560302318,935.9928489858796,497.32665960679896,942.83935546875,502.2379455566406
945.1410975931816,502.01179060759074,936.9145348917643,496.1056443168091,943.7293701171875,500.9982604980469
946.0416448336989,500.774310597977,937.8457394184353,494.8850059287393,944.6228637695312,499.75482177734375
946.9415508838315,499.53044120575436,938.7726819515195,493.65760464944395,945.519287109375,498.5079345703125
947.850804336213,498.2896953043406,939.7091114998457,492.42976091373504,946.4183959960938,497.25872802734375
948.7608712337457,497.04592037717805,940.6465807046653,491.2001475637652,947.3197021484375,496.0076599121094
949.681694110773,495.80712323713516,941.5783050849152,489.96623802379935,948.222412109375,494.7552795410156
950.6124136671576,494.57385748060653,942.5158922452422,488.73738984413745,949.125732421875,493.5021667480469
951.5362856698825,493.33608810330935,943.4519135117876,487.5012906439235,950.0301513671875,492.2490539550781
952.4618018091547,492.0993027790864,944.3923570194526,486.264600469385,950.9360961914062,490.9961242675781
953.3985190378696,490.86898222480096,945.326862635523,485.02706733240154,951.8429565429688,489.7431335449219
954.3240296054314,489.62894052464844,946.2636341759973,483.7933814349872,952.7504272460938,488.48968505859375
955.2587163335401,488.39501967811964,947.1955475796817,482.5578791078418,953.6578979492188,487.23614501953125
956.1936736638932,487.1617636475179,948.1322488131885,481.3215678955637,954.5660400390625,485.98260498046875
957.1184354334274,485.9194781527527,949.0618747772548,480.08529528272345,955.4740600585938,484.72869873046875
958.0534599529475,484.68411033827294,949.9904679151209,478.8501138122173,956.381591796875,483.47442626953125
958.9787948596999,483.44245615334825,950.9257168502864,477.61594988890465,957.2891845703125,482.2200012207031
959.9139561677791,482.2072665118585,951.8558201101677,476.37816006461895,958.1968994140625,480.9651794433594
960.8398642321255,480.9654443191066,952.7909373086445,475.14456560427055,959.1043701171875,479.7103576660156
961.7739324330106,479.73090664106724,953.7234050465707,473.9046789633683,960.01220703125,478.4559326171875
962.7000778090182,478.4896114208517,954.659431233827,472.6699272106242,960.9202270507812,477.2013854980469
963.6346080942275,477.2535097434569,955.5892995783612,471.4341821030769,961.8278198242188,475.9466247558594
964.5695167259482,476.01879365871014,956.5206818181003,470.196848759178,962.7352905273438,474.6920471191406
965.4944024496482,474.7771913990408,957.4560186438871,468.96195733792484,963.6427612304688,473.4376525878906
966.4294196061732,473.542962950746,958.3864726166003,467.72361165574296,964.55029296875,472.183349609375
967.3523757918038,472.3010988256827,959.3233887387688,466.4856032629564,965.4585571289062,470.92938232421875
968.2846937402901,471.06492478864106,960.2535732129567,465.2467850448038,966.3668823242188,469.6755676269531
969.2075782370997,469.82272634301887,961.1883867881995,464.01032578176097,967.2753295898438,468.4222106933594
970.138571721003,468.5876231447386,962.1195703517849,462.7678402265473,968.1845092773438,467.1694641113281
971.0609209042613,467.3454104294568,963.0539277764566,461.53083382683894,969.093994140625,465.91705322265625
971.9904903202084,466.11046159498443,963.985250797951,460.28651709861725,970.0044555664062,464.66558837890625
972.911231149648,464.8701200367117,964.9226162998334,459.045185873617,970.9160766601562,463.41534423828125
973.8387172184496,463.6365574495489,965.8567818328131,457.79700192521506,971.82958984375,462.16668701171875
974.759175237082,462.3987560201712,966.7913823501813,456.5481150713015,972.7451171875,460.91986083984375
975.6864654555025,461.1672796472831,967.7328169786737,455.3028168056699,973.662841796875,459.6752014160156
976.6040179402119,459.93241678448965,968.6695290522142,454.0517944623749,974.5825805664062,458.4342346191406
977.5272735350987,458.7046167690774,969.60910628469,452.80824643745507,975.5034790039062,457.19757080078125
978.4495410650635,457.4809667600816,970.5414411226593,451.5616481461067,976.4254150390625,455.96588134765625
979.3604339581177,456.2534038539808,971.4767946820126,450.32453668677874,977.3475952148438,454.7396545410156
980.2769410868273,455.0388039133516,972.4037283747546,449.0868774722955,978.2689819335938,453.5208435058594
981.1786785448709,453.82196335896157,973.330786901085,447.86017705754665,979.1886596679688,452.3102111816406
982.0850494337761,452.6176791232737,974.2461474309735,446.6365423837107,980.1061401367188,451.1077575683594
982.9783604391384,451.4123539962927,975.1628822615783,445.42437370463705,981.021484375,449.9130554199219
983.9400566941355,450.13548131518553,976.1337660849792,444.1279028196888,981.9995727539062,448.6421203613281
984.8867890608889,448.85658427664924,977.1038756691056,442.84457575945453,982.9747924804688,447.379638671875
985.8389499547177,447.5899326196051,978.0586186366783,441.56844021493924,983.9459228515625,446.1248474121094
986.7775790804526,446.32263917894096,979.0060707980862,440.3002716196828,984.91259765625,444.8774108886719
987.7210990594031,445.0687582309256,979.9546001231531,439.0462347507664,985.8745727539062,443.6368713378906
988.6506514529461,443.8132517181485,980.8891407775209,437.7958209533934,986.8313598632812,442.40277099609375
989.5841984379151,442.5716263213905,981.8271445015397,436.55642408181774,987.7833251953125,441.1751403808594
990.5031187240121,441.33027864673016,982.7556304245318,435.3162271748131,988.7308349609375,439.95452880859375
991.426445051127,440.1022474628032,983.6844164930804,434.0876985641574,989.673828125,438.7406921386719
992.336390763199,438.87412707417195,984.6018185075011,432.8601955101506,990.6123657226562,437.53363037109375
993.2506518870034,437.6592747483573,985.521274490892,431.6442837513376,991.5465698242188,436.3331604003906
994.1638917571436,436.452617063043,986.428066884494,430.43127380745545,992.4761352539062,435.138916015625
995.0561274401244,435.2399466636709,987.3382561987682,429.2284776395357,993.4013671875,433.9510498046875
996.0152809625971,433.9628840200286,988.2973158246052,427.947851027142,994.3833618164062,432.6910400390625
996.9566487254451,432.68217845764786,989.255301946361,426.68096826265145,995.35986328125,431.4378967285156
997.9060896070987,431.41900395848955,990.2023093011215,425.41564668199663,996.3310546875,430.1916198730469
998.8341524468302,430.1495374485798,991.1445769364818,424.15763092905763,997.297119140625,428.95184326171875
999.7676485613919,428.89501906853195,992.087932122901,422.9115797407776,998.2578735351562,427.7187194824219
1000.6895515373654,427.64192662424443,993.0193586165271,421.6665952200468,999.2135009765625,426.4920349121094
1001.6177096242193,426.40420287978174,993.9532102739781,420.43385232049275,1000.1640014648438,425.2718200683594
1002.5399665392957,425.17207468711496,994.8745737673877,419.20357150305483,1001.109130859375,424.0579833984375
1003.4431896673527,423.9350290431408,995.7895122639693,417.9796333860941,1002.0489501953125,422.85015869140625
1004.3569820563109,422.7158589255149,996.706374494713,416.76987541084964,1002.983154296875,421.64813232421875
1005.2497923800934,421.4905838607657,997.6113893017708,415.5611658071099,1003.9117431640625,420.451904296875
1006.1507049974996,420.28112104040076,998.5177315153107,414.36385987753425,1004.8348999023438,419.2610778808594
1007.0925770743646,418.99512519681616,999.4691882791755,413.09359975707355,1005.8096313476562,418.001953125
1008.0426185013345,417.7270627593927,1000.4219987170877,411.83211503143684,1006.7786254882812,416.7492980957031
1008.9772902403058,416.4575817333585,1001.3612443252348,410.57389629404804,1007.7415161132812,415.5028991699219
1009.9227461563778,415.2076972762514,1002.3064397221815,409.3281801175205,1008.6987915039062,414.2628479003906
1010.851206161958,413.9549646876644,1003.2359922584799,408.0832285153588,1009.6502075195312,413.0289306640625
1011.7950584944927,412.7247985480457,1004.1733157774742,406.85253496486433,1010.59619140625,411.8011169433594
1012.7139488169274,411.48642258338947,1005.0989178208036,405.6208317416475,1011.5369262695312,410.5798034667969
1013.6315787826992,410.25646462586076,1006.0213962148905,404.402507432314,1012.4718627929688,409.3643798828125
1014.5606396796389,409.04585494935407,1006.9262233464725,403.17787981963784,1013.4014892578125,408.1549072265625
1015.4714226165557,407.830902302168,1007.8447377323034,401.9748117815568,1014.3257446289062,406.9512023925781
1016.3979097103147,406.63784804466565,1008.7509437187273,400.77375851802464,1015.244384765625,405.7532653808594
1017.2963368821977,405.4327643980188,1009.6553362461568,399.5825377364088,1016.1574096679688,404.5607604980469
1018.2646614722619,404.1804101476287,1010.6071090615336,398.3276317570677,1017.1179809570312,403.3039855957031
1019.2049046372427,402.91759836848064,1011.544275565449,397.07188468816213,1018.0723266601562,402.0533447265625
1020.16139585013,401.67736101897106,1012.4844408328994,395.8317116000703,1019.020263671875,400.8084411621094
1021.0931289776208,400.4286762916054,1013.4072964481082,394.5891166652768,1019.9618530273438,399.56915283203125
1022.0420595720933,399.2047923141937,1014.3447566242455,393.3616092685403,1020.8978271484375,398.336181640625
1022.9616297313692,397.96920952251253,1015.2709094244071,392.13362962992767,1021.82861328125,397.1094970703125
1023.8964078823558,396.75432761398895,1016.192075382546,390.9179221599739,1022.7535400390625,395.8885498046875
1024.8088178128478,395.5329962908697,1017.0982546666305,389.69802787204446,1023.6730346679688,394.6734924316406
1025.7429881185144,394.3372393945537,1018.0115860855756,388.4976775189799,1024.586669921875,393.4638671875
1026.6413342874514,393.12561436844834,1018.9119319461221,387.29034287777847,1025.4952392578125,392.2603759765625
1027.5538245025177,391.9345278703532,1019.8216746403787,386.0984671558134,1026.3990478515625,391.06292724609375
1028.4970631151373,390.6729140673913,1020.766776342348,384.83964169512876,1027.3477783203125,389.8056640625
1029.4563232580545,389.4343648678547,1021.7178881070997,383.59186993606846,1028.2918701171875,388.5552062988281
1030.387217977116,388.1848071026048,1022.6545722136422,382.3454251439403,1029.23095703125,387.3116455078125
1031.3298145271544,386.9548556056138,1023.5930547685599,381.1080394555953,1030.16552734375,386.0749816894531
1032.250485950848,385.71877831176016,1024.514399739737,379.86703720952255,1031.095703125,384.84527587890625
1033.1810254485408,384.50064553088197,1025.4451204198779,378.64513197466476,1032.0211181640625,383.6226806640625
1034.1145103680853,383.29457234144996,1026.3613976391407,377.4231659693609,1032.9420166015625,382.4066467285156
1035.0189146049067,382.0778829612116,1027.28111943444,376.2097716715045,1033.858642578125,381.1979675292969
1035.941110191564,380.88601086134594,1028.1803367252385,374.9907339826032,1034.7708740234375,379.9970703125
1036.880699970788,379.6202880060044,1029.1430700655408,373.72917857575067,1035.7266845703125,378.7416687011719
1037.8395049308176,378.3819538125354,1030.0915331077733,372.46937744020204,1036.677734375,377.4953918457031
1038.7673357779215,377.12995211982536,1031.0370952728474,371.22073119721273,1037.624755859375,376.25653076171875
1039.7144937505586,375.90217608400764,1031.9605967097402,369.97103066363434,1038.567138671875,375.0245361328125
1040.634873859272,374.6628360684656,1032.8936480811424,368.7431771954877,1039.504638671875,373.7985534667969
1041.5546249695667,373.4328134738633,1033.8072289336744,367.51227877369723,1040.4368896484375,372.5786437988281
1042.4857572180656,372.22240405746527,1034.7350847512175,366.2950752417136,1041.3648681640625,371.3652038574219
1043.4114439500977,371.01699385278727,1035.6485410105345,365.079825214278,1042.2882080078125,370.1579284667969
1044.312080787872,369.8024538969897,1036.5624985302704,363.8718661585726,1043.207275390625,368.95697021484375
1045.2329512149472,368.61286020647873,1037.4583917788937,362.660599671652,1044.1219482421875,367.76226806640625
1046.1664178491922,367.35020485608595,1038.4111826485473,361.4073911496653,1045.0772705078125,366.5155944824219
1047.109178148903,366.11426460569373,1039.3408077029258,360.1631894275386,1046.0224609375,365.2817687988281
1048.0263019140823,364.8843234857325,1040.266500403984,358.94468391765804,1046.95458984375,364.0639953613281
1048.9500637527592,363.6858103929091,1041.1698499387066,357.7346542610387,1047.8736572265625,362.8624572753906
1049.8836917186063,362.4312249469455,1042.0949362740137,356.48654515559406,1048.821533203125,361.62054443359375
1050.8270677199823,361.19747464594326,1043.0268380828288,355.2588869597682,1049.7613525390625,360.3861083984375
1051.767628651446,359.97083002911603,1043.9414172744348,354.0319761571407,1050.6944580078125,359.1564636230469
1052.686994716891,358.736479487523,1044.8588215071863,352.82383476863055,1051.6202392578125,357.9307556152344
1053.6256457157801,357.5229174912381,1045.7542617688232,351.6244349805162,1052.537109375,356.70721435546875
1054.5401606029234,356.2987803305683,1046.6365716289392,350.43543850031796,1053.443603515625,355.48529052734375
1055.474949774013,355.0939083502514,1047.5133138523859,349.2745823489383,1054.33740234375,354.262451171875
1056.3827588892966,353.8753380860389,1048.3676560215133,348.12266736046655,1055.2161865234375,353.0380554199219
1057.3046165024073,352.67164058097273,1049.2218694071687,346.99288237421075,1056.0787353515625,351.81036376953125
1058.25148065252,351.4083115992384,1050.1001962295932,345.8112612177901,1056.9625244140625,350.52325439453125
1059.2076656091226,350.15597342636534,1050.9748541718657,344.64564327964604,1057.826904296875,349.2318115234375
1060.164039818271,348.90985650160496,1051.8348648521264,343.47782853320314,1058.671630859375,347.9365539550781
1061.0983811029676,347.64693077473777,1052.6839680371324,342.3418233948343,1059.4925537109375,346.6344909667969
1062.0449740688969,346.39507808964044,1053.5316541130196,341.21115800828846,1060.289306640625,345.3260192871094
1062.9655164513779,345.1228762486864,1054.3535177637436,340.0936222876097,1061.058349609375,344.0091247558594
1063.889104288229,343.8581942762788,1055.1994277868928,338.97532254292935,1061.8021240234375,342.68548583984375
1064.8052255626403,342.5814734100899,1056.029017837535,337.8737995838544,1062.5164794921875,341.353759765625
1065.6992588388196,341.2898836323785,1056.8400788847582,336.765257128259,1063.2008056640625,340.01385498046875
1066.6530997340928,339.9421207980281,1057.6690277748432,335.6150284380653,1063.87890625,338.60595703125
1067.5615195193852,338.559613931501,1058.51855393923,334.48472257345605,1064.517822265625,337.1880798339844
1068.4720223167083,337.1736534421541,1059.2720323534554,333.29868921833156,1065.1187744140625,335.76129150390625
1069.3580188782862,335.7688743594472,1060.118397671895,332.1440137138666,1065.681640625,334.3265686035156
1070.1481951389724,334.31289306192446,1060.7409095044893,330.90574293031057,1066.2039794921875,332.8843688964844
1070.9543138251586,332.8512836145885,1061.407772242136,329.68478281408795,1066.6846923828125,331.4350891113281
1071.7090298837677,331.36534353812016,1061.9563358006371,328.41832446658753,1067.1243896484375,329.97998046875
1072.3265113612858,329.8284127220779,1062.5234195641265,327.15879148601203,1067.52197265625,328.52001953125
1072.9525125821162,328.2966750016665,1063.0221291552048,325.86895343821016,1067.8797607421875,327.0565185546875
1073.5421251803564,326.74960737858044,1063.5375275930464,324.5796295084326,1068.19775390625,325.5904235839844
1074.0094998821994,325.1084370588375,1063.989208293338,323.2089543078528,1068.487548828125,324.0616760253906
1074.4847632903902,323.45462367952763,1064.444656253703,321.8446805457988,1068.7327880859375,322.53228759765625
1074.9283145336935,321.7918901832821,1064.806839645146,320.4607871257153,1068.933837890625,321.0035400390625
1075.2297230484985,320.10629475558596,1065.1562478878627,319.0719206955011,1069.0906982421875,319.4759216308594
1075.532786340078,318.42326278801454,1065.504270552265,317.67563616311077,1069.204345703125,317.95147705078125
1075.7949157249957,316.72708608668347,1065.687251109091,316.2678496289189,1069.2734375,316.4307861328125
1075.937686824219,315.02797700870065,1065.9041171374183,314.85746450838536,1069.2991943359375,314.9151611328125
1076.0793821710927,313.3286851866029,1066.007568159957,313.442711869569,1069.2821044921875,313.4056396484375
1076.183535778165,311.62680530563756,1066.1236486035557,312.026544042327,1069.222412109375,311.9034118652344
1076.1976198059947,309.8734407492615,1066.154405567588,310.5488004560902,1069.117919921875,310.3495178222656
1076.2074643563274,308.1207422966559,1066.1755829449241,309.07009792859185,1068.9718017578125,308.80548095703125
1076.1680698445266,306.3620596332766,1066.1299200181927,307.59924561505727,1068.7828369140625,307.27227783203125
1076.0354361894222,304.62101491215316,1066.0525858548087,306.12843452379855,1068.5531005859375,305.7508544921875
1075.8988320576811,302.8791406741625,1065.9546700072208,304.6590796979218,1068.2830810546875,304.2423095703125
1075.721748518784,301.143573671607,1065.7529284757295,303.2062986024624,1067.9736328125,302.7467956542969
1075.4421447640393,299.4289218884454,1065.553000381231,301.7531418822945,1067.6256103515625,301.2660217285156
1075.1544977264273,297.7172756212357,1065.2642975834099,300.3205018468768,1067.2398681640625,299.8005065917969
1074.8055289464974,296.0124444447466,1064.955487483623,298.89615253324786,1066.815673828125,298.3515625
1074.3571664743477,294.34133155353845,1064.5834272498862,297.49042762338735,1066.3543701171875,296.9198303222656
1073.8773550611281,292.6159883753703,1064.1557822810244,296.04496770049093,1065.836669921875,295.45208740234375
1073.332570204409,290.9049195259822,1063.7062331826094,294.61112121184897,1065.2796630859375,294.0053405761719
1072.7228668460314,289.2236661709467,1063.1737610066493,293.2110655556861,1064.6845703125,292.5802001953125
1071.9976373615611,287.5775136837218,1062.628729200798,291.8224399985647,1064.049560546875,291.1786804199219
1071.2658568935656,285.941515455255,1062.0233817098162,290.4638926362104,1063.3759765625,289.80206298828125
1070.4997683446347,284.32512724228354,1061.3879030026114,289.1233157413403,1062.66455078125,288.4510498046875
1069.6271480126966,282.7586427476922,1060.720569245425,287.8035346005632,1061.9146728515625,287.1271667480469
1068.7526376816795,281.230158024706,1059.9878649038458,286.51948312570835,1061.1314697265625,285.829345703125
1067.8358207039344,279.7310102779585,1059.2464292754446,285.24408789966265,1060.3154296875,284.5579528808594
1066.8330696847133,278.2753231363307,1058.4452831289389,284.01376018350453,1059.465576171875,283.31573486328125
1065.7706331246723,276.7861333456704,1057.587850262941,282.76081320409526,1058.54833984375,282.05950927734375
1064.6574781464346,275.31256513657155,1056.6801797146177,281.5532056997819,1057.5933837890625,280.83880615234375
1063.5064791373093,273.8780557449922,1055.7301350304758,280.38486627863404,1056.6026611328125,279.65478515625
1062.259132617304,272.52019605134103,1054.764799292309,279.23585327297195,1055.575927734375,278.5090026855469
1061.005063585419,271.18376377545513,1053.7357757940156,278.149546472926,1054.5155029296875,277.4023742675781
1059.723770224856,269.88060216363607,1052.6840151859833,277.09146934957903,1053.42236328125,276.3351745605469
1058.3980267994286,268.67072978594797,1051.6006868567072,276.06755664940664,1052.3013916015625,275.3050537109375
1057.0554067015075,267.48328589389877,1050.486125498587,275.08526958088146,1051.1534423828125,274.31304931640625
1055.6863012702554,266.33735648135183,1049.3525389302736,274.13094809882364,1049.979736328125,273.35919189453125
1054.285828022167,265.2291228930034,1048.175327605709,273.23503074856364,1048.7796630859375,272.4432373046875
1052.839591665645,264.19714987571,1046.981919196473,272.3636235619747,1047.554931640625,271.56475830078125
1051.3840165151523,263.16799283759053,1045.7594546185794,271.5377792597223,1046.3055419921875,270.72515869140625
1049.9038843172925,262.1722222627251,1044.5147382725515,270.75058581831155,1045.032958984375,269.9256896972656
1048.3655038871036,261.27317399257106,1043.250706312892,269.99850160077244,1043.73828125,269.166748046875
1046.760351657098,260.3624386776246,1041.9121236679553,269.2762980319063,1042.375,268.4252624511719
1045.1291409542623,259.5044637894092,1040.5556163678393,268.59301159642206,1040.9906005859375,267.7286071777344
1043.4757847335413,258.69849790735395,1039.1721821025885,267.971021668376,1039.5870361328125,267.0771789550781
1041.7664023509017,258.00870562946665,1037.7769093253942,267.38542324300045,1038.1654052734375,266.4723205566406
1040.051677411349,257.34595708647885,1036.3617521493272,266.855666045884,1036.72705078125,265.9142150878906
1038.3235471535477,256.7516526513291,1034.9306328612843,266.37751510881736,1035.2744140625,265.4021911621094
1036.5726663806506,256.21464205670435,1033.4924962878715,265.933786410933,1033.8082275390625,264.9375305175781
1034.8083132794193,255.78979276995025,1032.034986938889,265.55764538609134,1032.3302001953125,264.51788330078125
1033.027456638721,255.37551363008416,1030.5697806354267,265.2118443749122,1030.83642578125,264.1446533203125
1031.2351956093182,255.00972046108762,1029.0827264847753,264.9218707582871,1029.3228759765625,263.81597900390625
1029.460902289281,254.74424398902184,1027.6292235584558,264.68670744839005,1027.8399658203125,263.54278564453125
1027.6826194661212,254.50648232350633,1026.1593657254584,264.47503045466743,1026.3369140625,263.3131103515625
1025.8823796114975,254.31413768785416,1024.6680306472294,264.3383944698421,1024.8145751953125,263.1286926269531
1024.0749597028844,254.1564423582215,1023.1627271742805,264.2245205282468,1023.274658203125,262.9891662597656
1022.3059500509382,254.1111718731147,1021.6970330262271,264.1718069890585,1021.7741088867188,262.8983459472656
1020.5414210752568,254.07390038935443,1020.2178407677733,264.15384337652733,1020.2597045898438,262.8497314453125
1018.7543670360451,254.0888854932197,1018.7293402514997,264.188000372904,1018.732666015625,262.845947265625
1016.9643808997891,254.21822729230374,1017.2309380579808,264.277168675082,1017.194091796875,262.88671875
1015.171189129072,254.37692560475153,1015.724021208541,264.3962172850122,1015.6454467773438,262.97216796875
1013.4258766293163,254.58448651319154,1014.2727672030334,264.60041979657365,1014.1458129882812,263.0989685058594
1011.6949205753826,254.83963193036936,1012.8132672036155,264.8224577718296,1012.6390991210938,263.26776123046875
1009.9612360179082,255.22300624540182,1011.3585083859628,265.1241813327315,1011.1266479492188,263.481201171875
1008.2338802142691,255.60903236272637,1009.901644463584,265.4625792278695,1009.6097412109375,263.7379455566406
1006.5045801059523,256.04237321225236,1008.4452187432781,265.8338219188006,1008.0895385742188,264.03924560546875
1004.8598661303241,256.5752812282555,1007.0640984874997,266.3043347874554,1006.6260375976562,264.3708190917969
1003.2248239938815,257.1127084080651,1005.6757658017563,266.76798249005157,1005.16162109375,264.7425537109375
1001.5830416599995,257.6952986279314,1004.3139854429895,267.3287470254624,1003.6984252929688,265.1573486328125
999.9832717019818,258.3840342232699,1002.947461232497,267.89207418417845,1002.2369384765625,265.61297607421875
998.3884378925377,259.0859119748708,1001.6080061121776,268.5488494669153,1000.7780151367188,266.1093444824219
996.8108362463371,259.8343784610636,1000.2732232501827,269.22412945545705,999.3225708007812,266.6460266113281
995.2790387502201,260.68995397116504,998.9431189036219,269.92237975828675,997.8713989257812,267.2219543457031
993.815878969656,261.5318375763781,997.7193846472388,270.7212395032841,996.4833984375,267.8115539550781
992.3850701785138,262.4027324020166,996.47815018902,271.49672737978415,995.0997924804688,268.4342956542969
990.9796510406138,263.33548307070714,995.2862879883567,272.37357490981077,993.7220458984375,269.0907897949219
989.5867191371631,264.27971598315116,994.0878227214962,273.2364755800877,992.3507690429688,269.7799072265625
988.1906321361568,265.2616200589373,992.9468293779819,274.1758939721061,990.989013671875,270.5064697265625
986.8445700250978,266.320733115143,991.8060720982787,275.11237902583133,989.6372680664062,271.2693176269531
985.5068378453326,267.3822562622477,990.7065661207636,276.11605062090354,988.2963256835938,272.0676574707031
984.2306732805018,268.4111870658992,989.6645172585305,277.08207326692485,987.0223999023438,272.8659973144531
983.0191813945179,269.54860819261467,988.6620220903407,278.0882187411891,985.76171875,273.69903564453125
981.8098989828081,270.67597514235234,987.673023155971,279.1063575872113,984.5152587890625,274.56591796875
980.631255845997,271.83830488484426,986.6875790023078,280.12357169974047,983.2833251953125,275.4664306640625
979.513099109533,273.0814884494694,985.7900140298877,281.2385078584499,982.0679931640625,276.4016418457031
978.3974312758235,274.3062684768173,984.875257113709,282.33408128184277,980.8689575195312,277.3691711425781
977.3301007239277,275.5834460464558,984.0201582082811,283.4914737154797,979.6868286132812,278.3692321777344
976.2715676669949,276.8589437426656,983.1595337735648,284.6383752223606,978.52197265625,279.4006042480469
975.2315883951031,278.1523500370855,982.3488887615791,285.82351558407413,977.3760986328125,280.4637451171875
974.2906696258115,279.4366037079351,981.576415425336,286.96151943382256,976.296875,281.5086669921875
973.346096105526,280.7078868463108,980.8171219496746,288.1155051459859,975.2344360351562,282.5802001953125
972.4437127669723,282.0137690919399,980.0650530373496,289.2804262759352,974.1884155273438,283.6772766113281
971.5391083804151,283.31047716431954,979.2946360128365,290.4394490230726,973.1578369140625,284.7984313964844
970.6472453064096,284.61222327292796,978.5223053295557,291.62008042463333,972.1408081054688,285.9413146972656
969.7676049111956,285.9244311414406,977.7482042056839,292.8067905047025,971.136962890625,287.1053466796875
968.866728603166,287.2182010095158,976.9529838895012,293.99228716669154,970.1452026367188,288.2892150878906
967.9906937744229,288.53399599885483,976.1588963230747,295.1992592304222,969.1641235351562,289.49151611328125
967.0861443124579,289.82855491080727,975.3404359550519,296.41165369073053,968.1919555664062,290.7104797363281
966.2099890633152,291.1514129744292,974.5310425766124,297.6379617801652,967.22900390625,291.9457702636719
965.341359532061,292.39305517819287,973.7337025727196,298.8098327244614,966.3167724609375,293.13885498046875
964.503364260293,293.6632079085764,972.9374812958702,300.00005355295906,965.41064453125,294.3448791503906
963.6292700335351,294.91164269774504,972.1264742267032,301.1895931198772,964.5107421875,295.5628967285156
962.786726725862,296.18991337613886,971.3227011463022,302.3877693814546,963.6174926757812,296.7931213378906
961.903861742298,297.44613306020165,970.5113776716995,303.5768484324565,962.732177734375,298.0361022949219
961.055803526604,298.7351883434384,969.7128033003909,304.7650523663193,961.856689453125,299.29302978515625
960.1683878618691,299.99747012019367,968.8818229537355,305.9973525583907,960.984619140625,300.55950927734375
959.317402888985,301.2924155786275,968.045761642813,307.22317529229343,960.1173095703125,301.8359375
958.4178450983279,302.5634710200322,967.2247643979335,308.4478268995014,959.2567138671875,303.12396240234375
957.5631589936035,303.87473828356553,966.4039366691969,309.65071855900607,958.4063110351562,304.42559814453125
956.6627274966484,305.1579482382703,965.5652821533691,310.9028016458582,957.56005859375,305.73699951171875
955.8170942739264,306.48525593032787,964.7173144992489,312.14466189354886,956.7194213867188,307.05902099609375
954.9358713507977,307.7984078650319,963.8679322413007,313.3900431638746,955.8847045898438,308.39239501953125
954.095821458581,309.05823481334204,963.0712257156122,314.57524603292626,955.0971069335938,309.6737060546875
953.2923169526244,310.3434235805005,962.2451826579551,315.7873589044799,954.3126220703125,310.9638366699219
952.4484960334565,311.61452104314094,961.4334029452397,316.99403824897564,953.533935546875,312.264404296875
951.6356408595371,312.91182649964713,960.6086381645466,318.2035512942165,952.7608032226562,313.57537841796875
950.7942707311503,314.1971260779605,959.7774990918821,319.43817347894975,951.9907836914062,314.89520263671875
949.9510672601915,315.4892607174989,958.9425300244326,320.6775724423137,951.22412109375,316.2238464355469
949.1358147843661,316.8083938192923,958.1057489244359,321.9050960039126,950.46337890625,317.5627136230469
948.2886444105909,318.11688572867746,957.2699507056395,323.1450843119057,949.7081909179688,318.91162109375
947.4605156066733,319.4437948590308,956.4252932156202,324.3853787782688,948.9594116210938,320.27001953125
946.6091776854637,320.758524527521,955.5852965613294,325.6314183532681,948.2196044921875,321.6327819824219
945.757040084167,322.0676222692865,954.7419528174199,326.87031279504237,947.4915771484375,322.9947814941406
944.9338720743705,323.3864949950225,953.9077050980724,328.1058994424164,946.7760620117188,324.3553161621094
944.0937806828535,324.686831187534,953.0729435215703,329.34634102346615,946.0714721679688,325.7131042480469
943.2688001168086,325.9918463224975,952.2373942010366,330.5718974292103,945.3788452148438,327.06939697265625
942.429318327154,327.28083961458594,951.4082471500932,331.8037032608223,944.6969604492188,328.423095703125
941.6048691520513,328.57234758041034,950.5761239166915,333.0263689161341,944.0260620117188,329.7744140625
940.7657321989844,329.85011867391313,949.7533203812577,334.25108216557004,943.3656005859375,331.1231994628906
939.8983948039232,331.19183380802485,948.883724256861,335.5295522961141,942.6834106445312,332.53631591796875
939.019839267222,332.51972659724174,948.0217512739633,336.8121787074785,942.0111694335938,333.94610595703125
938.1438454680688,333.8417020572945,947.1551077513462,338.0883484098593,941.3486328125,335.35198974609375
937.2573325602285,335.1464787410435,946.2934950916723,339.37181707383445,940.6934204101562,336.7532043457031
936.3870101832766,336.4464286441027,945.4270530855564,340.65458472733417,940.0438232421875,338.148681640625
935.5017015440178,337.732643596062,944.5703381095711,341.93479890143595,939.399658203125,339.5388488769531
934.6428768639031,339.0208385619313,943.7100085108533,343.2099741233205,938.7601318359375,340.9230651855469
933.7722759403122,340.29574914031895,942.8594628294273,344.48280872677026,938.1250610351562,342.3013610839844
932.923756190195,341.5652565492537,942.0027221978971,345.75374599596836,937.4923095703125,343.67291259765625
932.0645966955008,342.82138565037843,941.1565532624749,347.0219582228667,936.8617553710938,345.0377197265625
931.1850772986442,344.1351209310004,940.265840303477,348.34240017912504,936.2028198242188,346.4599304199219
930.294505933688,345.43633351137515,939.3874626075616,349.65828056248836,935.5459594726562,347.8746337890625
929.424413117327,346.7365338648643,938.505754029822,350.9650393819163,934.8907470703125,349.28179931640625
928.5434506649144,348.0229677126898,937.6368095148318,352.2685576408299,934.2373046875,350.6813659667969
927.6901928893561,349.2975021799348,936.7595164081532,353.5680649200346,933.5824584960938,352.0720520019531
926.8369946062463,350.53742493558804,935.8913854624032,354.8741597199105,932.921630859375,353.4517517089844
926.0078763801706,351.7692484578418,935.0169994712029,356.16918831778906,932.2536010742188,354.819580078125
925.1757897562783,352.9755836627819,934.1566231672244,357.4643823458406,931.5762939453125,356.1746826171875
924.3643000908199,354.17711979857353,933.2897854532467,358.7450066946904,930.8895263671875,357.5166015625
923.5457862724753,355.3612102937495,932.4401112807591,360.02344936597393,930.1929321289062,358.84552001953125
922.7089318817282,356.60156996129245,931.5442150224189,361.341793759067,929.4550170898438,360.2209167480469
921.8675939088939,357.81897907968624,930.6659683874044,362.66020596507,928.7061767578125,361.58184814453125
921.0541676107584,359.026477535123,929.794453290094,363.97372673090956,927.9448852539062,362.92681884765625
920.2347016716813,360.22020292391545,928.9071779359563,365.26617380207335,927.17138671875,364.2562255859375
919.4374028717926,361.4055653550598,928.0422257026277,366.5633001190446,926.3842163085938,365.5694885253906
918.6341040864376,362.58001833857753,927.1637735510802,367.84025550124585,925.58447265625,366.8663024902344
917.8356003441233,363.7492461425368,926.3064031455934,369.11922198136403,924.7726440429688,368.14691162109375
917.0654961149957,364.90250349219826,925.4354579777428,370.3853646592383,923.9456176757812,369.409423828125
916.2970306650451,366.03074000473026,924.5822984646232,371.6576167877931,923.1016845703125,370.6520690917969
915.5164205408964,367.2092452670349,923.6972089484682,372.9814538137617,922.2023315429688,371.92669677734375
914.7376566112434,368.3622620382349,922.7896312694359,374.28609130526615,921.2823486328125,373.17718505859375
913.9873952815358,369.50912619367705,921.9005463891903,375.60320745958984,920.3397216796875,374.40118408203125
913.2357202706713,370.63672395088076,920.9918542422339,376.90559434671707,919.373046875,375.5971984863281
912.499003223776,371.7810028526563,920.0959895181747,378.21511625150794,918.3839111328125,376.7651062011719
911.7537704715004,372.917765298288,919.1878691639429,379.5153661038428,917.3727416992188,377.90447998046875
911.0019423121485,374.0595437839869,918.2856390442961,380.82126224949786,916.3409423828125,379.01593017578125
910.2753591932367,375.2171451021424,917.373800428779,382.12852172186183,915.287841796875,380.0975341796875
909.5397766126601,376.3716632733585,916.4465500514526,383.4310382447387,914.2135009765625,381.1486511230469
908.7630321350669,377.5747303800211,915.4819363392896,384.80289421626213,913.0717163085938,382.2099914550781
907.9650045022121,378.7781940769591,914.4829624217945,386.14907920597494,911.908935546875,383.23822021484375
907.155491617884,380.0085081250032,913.4797166553192,387.4920519242705,910.7281494140625,384.236083984375
906.2747372357749,381.17590990103645,912.4570629573639,388.82394292518336,909.5308227539062,385.2039489746094
905.4121076126644,382.389045918267,911.3782489472966,390.0954006974806,908.3181762695312,386.14276123046875
904.4558208861238,383.49594152980745,910.2956024003377,391.3771675231504,907.0908813476562,387.0521545410156
903.5119838609884,384.63157871617483,909.1873174358336,392.6453435099705,905.8490600585938,387.9316101074219
902.4920589912895,385.67285596653613,908.0041859362289,393.8264374115968,904.5930786132812,388.78070068359375
901.4753272721231,386.7376201231793,906.8267138313655,395.0218766035617,903.324462890625,389.6001892089844
900.3825697061948,387.703004727204,905.5978820911257,396.14027305867245,902.0443725585938,390.3914489746094
899.239455461843,388.7032505426323,904.2976577190137,397.28560211940214,900.7010498046875,391.18316650390625
898.0550832238589,389.63165870139466,902.9522510476128,398.3981474181626,899.344970703125,391.9407043457031
896.8509030576105,390.5361469173249,901.5724847077548,399.4628747816011,897.9766235351562,392.6644592285156
895.6291935666123,391.42111785921645,900.1356412232367,400.4204707276778,896.5975952148438,393.3550109863281
894.3626177330681,392.22531629669794,898.688802405455,401.3656465008246,895.20849609375,394.0124816894531
893.0886095001289,393.0220771939187,897.2201908744851,402.2672296347922,893.8104248046875,394.63726806640625
891.78731613426,393.7665649094828,895.7152734847094,403.0814871895675,892.4044799804688,395.2301330566406
890.4721086118456,394.4857769558786,894.2037420480875,403.8719225711618,890.9913940429688,395.79193115234375
889.1333937298157,395.1505414091384,892.6728844039185,404.62161513770286,889.5714111328125,396.3226013183594
887.7736254852188,395.76099330720774,891.1251479996994,405.33144749220946,888.1452026367188,396.8220520019531
886.39590804496,396.32249177539325,889.5451593297229,405.9380663598672,886.713134765625,397.29107666015625
884.9972509887597,396.8180718024836,887.9610626779356,406.5403644872971,885.2750854492188,397.7294616699219
883.5852956431493,397.2728698871492,886.3727120786873,407.0963017405618,883.8311157226562,398.1391906738281
882.1637129599447,397.69330802531704,884.7468710744876,407.58155747343886,882.3792724609375,398.5184631347656
880.723784686161,398.05601281171437,883.1147498420308,408.05330372366586,880.91796875,398.8679504394531
879.2725880789468,398.3859280158229,881.4482948155083,408.4869154173207,879.4447631835938,399.1852722167969
877.8010831128562,398.65901383822313,879.7918878784074,408.84489677965223,877.9606323242188,399.475341796875
876.3137908978556,398.8880660620936,878.1281219327108,409.07093922437264,876.4658813476562,399.7416687011719
874.8133351675731,399.0739369401023,876.4656257640011,409.2871180675404,874.9607543945312,399.98516845703125
873.2953787053322,399.20594053524485,874.8249092060578,409.43660776483586,873.4457397460938,400.211669921875
871.7712693128694,399.29594105603104,873.1287969154157,409.50322560433835,871.9200439453125,400.4145812988281
870.2375601035254,399.3237198656892,871.4183830875836,409.551829326984,870.3839721679688,400.5919189453125
868.6968070884471,399.3186049520354,869.7116692763865,409.5700284249421,868.8380126953125,400.7449645996094
867.2121871814438,399.2659400136061,868.0516802328762,409.5536144913142,867.3428344726562,400.8669738769531
865.7236427893453,399.19574880812206,866.3961268625087,409.45399455223355,865.8396606445312,400.96551513671875
864.2292587654983,399.0529161263248,864.7462404684726,409.3550877435658,864.3290405273438,401.04132080078125
862.7349186833853,398.8860641632612,863.0930165680367,409.215235629586,862.8114624023438,401.09393310546875
861.2361272686285,398.6284372966658,861.4461614370871,408.91393407559923,861.287109375,401.12506103515625
859.7442662226237,398.3326535421249,859.7898683756556,408.5876166374045,859.7567138671875,401.1318664550781
858.2487418671722,398.0095401728253,858.1566982513025,408.21381170135334,858.220703125,401.1180114746094
856.7759350883027,397.58985600121525,856.4937206713344,407.76448141239956,856.6792602539062,401.07525634765625
855.3017860730693,397.16948004697815,854.8567729278594,407.26906633132586,855.1326904296875,401.0071105957031
853.8161183178536,396.6886676592817,853.2593613641811,406.75307457636166,853.5819702148438,400.92132568359375
852.3682735217408,396.1929427457472,851.6225373530051,406.2899170920311,852.0275268554688,400.8065185546875
850.9731235624669,395.70287032854253,850.0733165412838,405.84219957206903,850.531982421875,400.6737976074219
849.5872702753936,395.19553399704097,848.5254864843778,405.40179557473846,849.0335693359375,400.5179138183594
848.2010118659997,394.71944967550166,846.9831113274348,404.9603086749368,847.5326538085938,400.33941650390625
846.8374047117808,394.0893121395359,845.441868048391,404.5367492274658,846.0293579101562,400.13861083984375
845.480635853441,393.44582701360116,843.9080642636605,404.0839254844761,844.524169921875,399.9161071777344
844.1303232654639,392.80790641158507,842.3708926805378,403.6571424609914,843.0172119140625,399.6717224121094
842.7994677966967,392.12385653407864,840.8437239939441,403.1569214475873,841.5089111328125,399.40435791015625
841.4466275902706,391.5681326087387,839.3186836622031,402.6680089001886,839.9998168945312,399.11505126953125
840.1007372164023,391.0020317319493,837.7990268834559,402.1470843284451,838.4896240234375,398.80316162109375
838.7449312385988,390.4642286526549,836.2814892099359,401.62954737502395,836.9786376953125,398.46978759765625
837.3723536584786,389.91533820656207,834.7701685958625,401.1151535650919,835.4664306640625,398.1184387207031
836.0068682293708,389.3529780013004,833.2553124939437,400.60148485144555,833.9532470703125,397.748291015625
834.6199549948988,388.80210973836853,831.7446131192603,400.0839403888938,832.4382934570312,397.3621826171875
833.2811182589757,388.2562928341792,830.3136021406615,399.52731793794095,830.9844360351562,396.9794006347656
831.9329841716594,387.72855275721815,828.8763813205471,398.98644207233997,829.5286254882812,396.5841369628906
830.5903017233275,387.1886080429566,827.4435040469019,398.4147799583021,828.0711669921875,396.17559814453125
829.2334125118498,386.6612198952963,826.0046078929678,397.8614360190321,826.6118774414062,395.7549133300781
827.8757620727534,386.1213139347439,824.5598485070853,397.3176379258525,825.1508178710938,395.32220458984375
826.5112123267794,385.5912287756496,823.1208054433831,396.743068722724,823.68798828125,394.8774719238281
825.1469110810317,385.0493202742857,821.6683790251409,396.20070203336263,822.2236328125,394.4206848144531
823.7791718923901,384.5196500686581,820.2231084314205,395.62128119715067,820.758056640625,393.95123291015625
822.4122269738496,383.97896336021705,818.7621599594387,395.07716193373227,819.2911376953125,393.4687805175781
821.0338294499678,383.4495097174018,817.3105525741153,394.4946570675256,817.8231811523438,392.97393798828125
819.6491269561536,382.9076480066746,815.8422794860589,393.9507162642013,816.3536376953125,392.46734619140625
818.2569929149608,382.3643412413061,814.3843442381841,393.36514665270636,814.8826904296875,391.94952392578125
816.8486788047387,381.82827814292676,812.9080637313649,392.8216351832773,813.409912109375,391.4216003417969
815.5009371951395,381.30254071664774,811.5069158428832,392.2582479511454,811.9993896484375,390.9073791503906
814.131055679648,380.782915997489,810.0875119413911,391.7381342229741,810.5866088867188,390.38592529296875
812.7435640390028,380.2568246567233,808.6821150761402,391.1726893392516,809.1708374023438,389.8591613769531
811.3580263682513,379.71982618135394,807.2565957945089,390.6471016083938,807.752197265625,389.3266906738281
809.9770681907916,379.15352112383107,805.8421088969417,390.07953359340456,806.3306274414062,388.7886962890625
808.5655416023214,378.6319978718961,804.4100523881613,389.54854496069026,804.90576171875,388.2463073730469
807.167792788155,378.06935724361864,802.9712400701305,389.0212620724641,803.4778442382812,387.69915771484375
805.7180913895022,377.6220227134067,801.5448914353667,388.4494852334144,802.0466918945312,387.1475524902344
804.2634097744577,377.16486038485897,800.0989909151,387.9169571058834,800.6121826171875,386.5919494628906
802.7592639850276,376.78497602308545,798.6634130980985,387.3500122734468,799.1735229492188,386.0342102050781
801.312556385345,376.2533531024892,797.208530047577,386.8194660139317,797.7311401367188,385.4739685058594
799.8625988271375,375.7190645366408,795.7451017993299,386.29798479404417,796.284912109375,384.91107177734375
798.4125156149372,375.1780927515057,794.3098095704441,385.69086211759077,794.8349609375,384.34521484375
796.9739088885343,374.60476915502306,792.8522114260747,385.12765965827987,793.3816528320312,383.7759704589844
795.5187785735372,374.0575279201626,791.4131033755156,384.50567135015143,791.9248046875,383.2034912109375
794.0649037501983,373.50360860760657,789.9545555344695,383.92023554935815,790.4647216796875,382.6273498535156
792.6684980213648,372.97932386565486,788.5755123101987,383.31759644273035,789.0677490234375,382.07427978515625
791.268766214298,372.447942920224,787.1781526283237,382.7516264907593,787.667724609375,381.5184631347656
789.859129462247,371.9182395830831,785.7941174921996,382.14313541410326,786.2642822265625,380.96051025390625
788.4446600076137,371.38118359481774,784.3915687251587,381.57148474817603,784.857177734375,380.4008483886719
787.0288703061127,370.85016645896457,782.9843579905411,380.99999674614924,783.447021484375,379.83892822265625
785.6105266290075,370.3133839038056,781.5918774098021,380.3815284422821,782.0336303710938,379.2747802734375
784.1885737169162,369.7820819212554,780.1769790743557,379.80804449551164,780.6171264648438,378.7080078125
782.7728113034601,369.24984158939935,778.7710905973561,379.19936044018027,779.1982421875,378.1373291015625
781.3460953472102,368.7168352255946,777.339703263695,378.63985624671665,777.774658203125,377.56256103515625
779.8988495519362,368.1730943443132,775.9230244241768,378.0321642239264,776.3449096679688,376.9859924316406
778.4492831298672,367.62770001272446,774.4786694928342,377.4711253211081,774.9081420898438,376.40643310546875
776.9877165359817,367.08237981492607,773.0471501342723,376.8571817255493,773.463623046875,375.8240966796875
775.5248790871963,366.53246333970986,771.5892403389868,376.28425641379886,772.011474609375,375.238037109375
774.0534176285565,365.98457836418925,770.1220436318067,375.7103479372843,770.551513671875,374.64788818359375
772.6483349196161,365.45919005388845,768.7357660261168,375.1132851533868,769.1539306640625,374.08148193359375
771.2337993836023,364.9318688919851,767.3219870403668,374.5629412928649,767.749267578125,373.5109558105469
769.8122094647359,364.4005453278592,765.9209227336908,373.95904131397754,766.3373413085938,372.9361572265625
768.3789780186165,363.86353168860717,764.4954225434703,373.3944607959226,764.9178466796875,372.3577575683594
766.9363165775707,363.325676523976,763.0661940827953,372.8171889853324,763.4907836914062,371.77587890625
765.4874496535737,362.7841440788781,761.6484626038804,372.1890521619509,762.05615234375,371.1902770996094
764.0328760239494,362.2401793777018,760.2070007607193,371.59645525305075,760.6141967773438,370.60064697265625
762.5658082494949,361.68840074158777,758.7632676816152,370.9895481182832,759.16455078125,370.00799560546875
761.0872814082998,361.1354659770389,757.292508990957,370.42783321720964,757.70703125,369.41278076171875
759.6826516036166,360.6061118404986,755.8988999476451,369.86299662575,756.3154296875,368.8439636230469
758.2637775367829,360.0781655483552,754.4802674911327,369.3421550932054,754.9169921875,368.2728271484375
756.8355759395562,359.5436557412441,753.0673592512807,368.789739267894,753.511474609375,367.70001220703125
755.3935731124544,359.0089095266512,751.6299765016856,368.27986180344686,752.0982666015625,367.1263122558594
753.9509849930661,358.47260393059884,750.1984462832763,367.7346376869603,750.6780395507812,366.5509033203125
752.4901011403306,357.93080319008686,748.7462053105249,367.2268697153333,749.2500610351562,365.9757995605469
751.0169703820063,357.39218830562226,747.2889511703199,366.7143163710637,747.81396484375,365.4014892578125
749.5356868828592,356.8474211334343,745.8396696431718,366.1651414369072,746.3698120117188,364.8286437988281
748.0444142223133,356.3058998402969,744.3698244529351,365.6497276697454,744.9173583984375,364.2574462890625
746.5502890050774,355.76317174949816,742.9045123961968,365.10305882171866,743.4570922851562,363.68743896484375
745.047562515497,355.2185364595791,741.4214400170547,364.5845108862211,741.9888305664062,363.1189880371094
743.5311265251728,354.68282099324233,739.9315238974585,364.0667303813596,740.5123291015625,362.5526123046875
742.0904266809422,354.1712893009867,738.5234134297904,363.5499390348855,739.1061401367188,362.0177917480469
740.64490935665,353.6656361925738,737.0975582730472,363.0611254387122,737.6929321289062,361.4842224121094
739.1899537387765,353.1555991975029,735.676178222763,362.54678675155697,736.2725830078125,360.9527893066406
737.7284876251842,352.64786046975496,734.2384172679391,362.0592002501905,734.8450317382812,360.42340087890625
736.2642916815154,352.1389353076719,732.7913009983181,361.5787063296663,733.4105224609375,359.8956298828125
734.7932953844645,351.6284066044634,731.3512032139663,361.06354660776987,731.9691162109375,359.3697814941406
733.3119044699395,351.11957428382783,729.8932006596536,360.5831652944435,730.5205688476562,358.84649658203125
731.8259935207032,350.6044892224423,728.4421211575286,360.06750802548044,729.0648803710938,358.3259582519531
730.3320746718697,350.09556118580883,726.9748048782072,359.5804518936851,727.6021118164062,357.8081970214844
728.8340565750362,349.5827070545303,725.510991143881,359.06615336762854,726.1322631835938,357.29315185546875
727.3294426278218,349.07774146460986,724.0318957063398,358.57698515615135,724.655517578125,356.780517578125
725.8175788988615,348.570587875835,722.5465316069311,358.0907767614006,723.171875,356.270751953125
724.301503243767,348.0639683923783,721.064055240769,357.5774414302476,721.6813354492188,355.7635192871094
722.7823876816492,347.56260959653105,719.5653647172209,357.0914933896033,720.184326171875,355.25811767578125
721.257229873,347.0566177863515,718.0696649251481,356.58065204836885,718.6807250976562,354.7548828125
719.81010755387,346.58261429996537,716.643064681309,356.1237597048468,717.2545776367188,354.281494140625
718.3603532752818,346.1066703841135,715.2093168408285,355.6716978476933,715.8226928710938,353.8097839355469
716.9074449763019,345.6292288095537,713.7810889138179,355.1862328959477,714.3851928710938,353.33953857421875
715.4449319130729,345.1619597500319,712.3390522477985,354.7275675182976,712.94189453125,352.87091064453125
713.9798256932149,344.68641606001114,710.8993567021449,354.24571470937974,711.4928588867188,352.4039611816406
712.5073513349271,344.2252725532937,709.4460281466698,353.7886720288603,710.038330078125,351.9383544921875
711.0298377754285,343.7590635127447,707.9931320479027,353.3146920044634,708.5780029296875,351.4742736816406
709.5488514586882,343.3001903403339,706.5259112483194,352.86745544266375,707.1124267578125,351.0111999511719
708.0604736067871,342.83774058931743,705.052046369591,352.4273137436777,705.64111328125,350.54962158203125
706.5645733660456,342.3747226614467,703.5857323718499,351.9485514662982,704.1640014648438,350.09002685546875
705.0651549329439,341.9096841296651,702.1046596991989,351.49971502350945,702.68115234375,349.63226318359375
703.5641896412895,341.4386030290807,700.6267276562553,351.02288828022415,701.1927490234375,349.17608642578125
702.0507036403824,340.9892471424935,699.1354930642286,350.5733616389131,699.69873046875,348.7216491699219
700.5329866129264,340.5345960472759,697.6454563616179,350.10361699338125,698.1990356445312,348.26910400390625
699.0101499837543,340.08628148881985,696.1416082202048,349.66011967834845,696.6935424804688,347.8180236816406
697.4825139497501,339.63561981260955,694.6309410945701,349.2226975894356,695.1824340820312,347.3685607910156
695.9526997391961,339.177308298651,693.1244444732581,348.75291751034354,693.6656494140625,346.9205627441406
694.4156333805669,338.7251392900344,691.6029006689847,348.31704239261614,692.143310546875,346.4741516113281
692.870906335262,338.2674916094298,690.0864893037552,347.8494377599121,690.6151733398438,346.03009033203125
691.4103447017545,337.8459084678707,688.6450477714824,347.4412778484262,689.171630859375,345.61407470703125
689.9445525369835,337.43389187196425,687.2065688070154,347.00503935661885,687.7230224609375,345.1996765136719
688.4762535074088,337.02197777117885,685.755251674495,346.5964464297938,686.2695922851562,344.78662109375
687.0041857271941,336.6031308777779,684.3060017556563,346.1656357451651,684.8112182617188,344.3751220703125
685.5254440625171,336.1796677779285,682.8456325116744,345.76152770530194,683.3478393554688,343.9658508300781
684.0416658620416,335.7615490356365,681.378780610588,345.3638206580468,681.87939453125,343.5586242675781
682.556522012326,335.3422960713755,679.9154039191721,344.93512629265746,680.4060668945312,343.1529846191406
681.0632059573484,334.9312713706053,678.4391834708458,344.5377478889816,678.927734375,342.7491760253906
679.5630773823299,334.53016530579987,676.9649233652297,344.1164917194594,677.4444580078125,342.34716796875
678.0561523005282,334.12744201462004,675.4788162991447,343.725145291611,675.9561767578125,341.947509765625
676.5471544580687,333.718787072772,673.9943389281012,343.3102701151113,674.4628295898438,341.550048828125
675.0337825000713,333.30765768114446,672.4978070805832,342.92465939165874,672.9644775390625,341.1549377441406
673.5182386546412,332.89054991187476,671.003558982114,342.5129011646351,671.4611206054688,340.7620544433594
671.9909376727514,332.49940892646646,669.4973849313623,342.13064921174447,669.9528198242188,340.3715515136719
670.4590746933321,332.1026329683169,667.9865947199598,341.7509082185161,668.439453125,339.9837341308594
668.9212840947315,331.71404769611456,666.477290274035,341.34789879379605,666.9210815429688,339.5985412597656
667.3806387613082,331.3236600953831,664.9547895309374,340.9779366641468,665.3975830078125,339.2157287597656
665.8396178080383,330.93236473384405,663.4342585863861,340.5796159833951,663.8693237304688,338.8346862792969
664.2932746782474,330.5393135932474,661.9014484528491,340.21447119523714,662.3362426757812,338.4556884765625
662.7434607658406,330.14124207907247,660.3723865898365,339.8163612048316,660.7982177734375,338.0787658691406
661.1878247610615,329.7654126439172,658.8303446753789,339.4493362850646,659.2554321289062,337.70318603515625
659.6320749503017,329.3841767279033,657.2828434601571,339.0845379147516,657.7081298828125,337.3284606933594
658.0710905815216,329.0125610523145,655.7365612913884,338.69492655772643,656.15625,336.95428466796875
656.6043770404285,328.6611924366025,654.2738778418548,338.3673084471796,654.697265625,336.6039733886719
655.1365204750402,328.31233684373984,652.8148902745736,338.0048699642385,653.234375,336.2535705566406
653.6621503587933,327.95802988128816,651.3428381143289,337.6844913161963,651.7674560546875,335.9037780761719
652.1854082527241,327.61063343279204,649.8770427124911,337.3186600974577,650.296630859375,335.5540466308594
650.7056699784833,327.2576036306987,648.3984637700736,336.99077105236535,648.8218994140625,335.2044677734375
649.2196443212314,326.91292200960385,646.9248891809773,336.6259888441977,647.34326171875,334.8551330566406
647.7318491147552,326.5641509143002,645.4387190029415,336.29728106473124,645.8607788085938,334.505859375
646.2381191610565,326.21996507956084,643.9564960942569,335.9361126873312,644.3743286132812,334.15679931640625
644.7415752117287,325.8711590550375,642.4611304897062,335.6146234858942,642.8839721679688,333.8079833984375
643.2400800460562,325.5270587586001,640.9714485384104,335.2531707213267,641.3898315429688,333.45947265625
641.7333832347864,325.1770548741942,639.4689549374174,334.9335945267221,639.8917846679688,333.1117858886719
640.22119732457,324.8324047511344,637.9729900193082,334.569888345378,638.3897094726562,332.7649841308594
638.7049926977662,324.4854148831694,636.4722914568262,334.21123412938636,636.8836669921875,332.41925048828125
637.1863257438788,324.13715953362737,634.9607047769596,333.8826219622254,635.3736572265625,332.07440185546875
635.6641978303952,323.7896796031862,633.452722718701,333.52150408122435,633.8597412109375,331.7303771972656
634.1407289262178,323.44055163619674,631.9335641697697,333.1910519024239,632.3419799804688,331.3868103027344
632.6137968047412,323.092330566899,630.4179140029447,332.8279446961518,630.8203735351562,331.0436096191406
631.0822495349444,322.74063965132046,628.8918478960937,332.4959672638352,629.2948608398438,330.7010803222656
629.5484279132243,322.3923630692236,627.3692363821368,332.13012725887864,627.765625,330.3588562011719
628.0107623630203,322.0402520915207,625.8362927923297,331.79536109169277,626.232666015625,330.01715087890625
626.4713321486613,321.6913031625492,624.3070370573756,331.4283096985501,624.6965942382812,329.67572021484375
624.9283912332646,321.3377174095683,622.7678516987379,331.0936075655628,623.1573486328125,329.3348388671875
623.3818240181243,320.98804043288527,621.2329517214864,330.72569002242034,621.614990234375,328.9944763183594
621.8351342900206,320.633324090398,619.6878072922467,330.38945238643043,620.0697021484375,328.65435791015625
620.2853756639488,320.2844183075929,618.1464983696992,330.020963901712,618.5214233398438,328.3142395019531
618.7343779463059,319.9298327416893,616.5964089830248,329.6799995266743,616.970458984375,327.9741516113281
617.1804488533896,319.58055201900385,615.0430486234098,329.3406242863167,615.4168090820312,327.6339111328125
615.6260675806872,319.2244815438609,613.493932193941,328.9681109994215,613.8604125976562,327.2933349609375
614.069716051742,318.87621244536234,611.935607025659,328.62466825416016,612.3017578125,326.9521179199219
612.5137975886682,318.52140235741126,610.3830731818765,328.2546703505181,610.742919921875,326.6108703613281
610.9576389973172,318.17360781287414,608.8272407615318,327.9132805361893,609.1865844726562,326.27044677734375
609.4119962618814,317.8200643119044,607.2814901435036,327.5480356448752,607.6356811523438,325.9307861328125
607.869031317627,317.4769076230549,605.736358470158,327.2147214837659,606.0916137695312,325.5926208496094
606.3326646432555,317.12710344409874,604.2038835740345,326.8538766378067,604.5535888671875,325.2560119628906
604.8022170230381,316.78745309384465,602.6704933446083,326.5258234285811,603.0218505859375,324.92071533203125
603.2800581760007,316.44037107145624,601.1502331892934,326.1688167701978,601.49658203125,324.5867919921875
601.7621124266573,316.1053037492659,599.6304733825999,325.8440106244393,599.9783935546875,324.2544860839844
600.254492698265,315.76350739823494,598.1238258488721,325.49168625619194,598.46728515625,323.92352294921875
598.7535418174042,315.4323921070776,596.6176914956261,325.1706995703232,596.9635620117188,323.5937194824219
597.2585995865663,315.0926548569091,595.1256384936233,324.82241747621066,595.4669189453125,323.265625
595.7685731143644,314.76494920251935,593.6344142682599,324.5049675906784,593.9774780273438,322.93927001953125
594.285977186031,314.4274304053914,592.1567035453206,324.16113826891876,592.4949340820312,322.6149597167969
592.8093544596226,314.1048278575904,590.6793316295261,323.8476018506677,591.0193481445312,322.2923583984375
591.3430051282182,313.77370168871647,589.2148681846544,323.50810755604437,589.5508422851562,321.9713134765625
589.7839097851543,313.43371455930935,587.6539074587293,323.1756625317709,587.9917602539062,321.63043212890625
588.2354264309331,313.0853178151002,586.1063969602093,322.8184616280182,586.4404907226562,321.2911071777344
586.6922737648545,312.74883028205056,584.5611501434093,322.4895137181023,584.897216796875,320.9534606933594
585.159517783238,312.40301119318485,583.022301225653,322.1673781059941,583.361572265625,320.6173400878906
583.6350018555241,312.0715541548325,581.4982960025022,321.81083995576057,581.8336791992188,320.2821350097656
582.1174689682273,311.7291435796597,579.973941165258,321.49257963285515,580.31298828125,319.9482727050781
580.6035243519298,311.4025738460909,578.4652031308298,321.1396038237771,578.7998046875,319.615966796875
579.0965357590012,311.06588366811206,576.9564414195091,320.8247613215542,577.2939453125,319.2857360839844
577.596953049293,310.74275289336936,575.4625526950119,320.47622120042746,575.795654296875,318.9571838378906
576.107909908107,310.4101942833125,573.9673885610506,320.1662277785613,574.304443359375,318.6300048828125
574.6250518349384,310.09052296522924,572.4869621064681,319.8209721206632,572.8203125,318.30389404296875
573.1546465043747,309.76131099722335,571.0051101700747,319.51331824969503,571.3434448242188,317.9783630371094
571.6840708679207,309.44473185763013,569.5391124206826,319.17126313866544,569.8736572265625,317.65423583984375
570.1314075219461,309.09884062516795,567.9816916553004,318.8436578538336,568.3197021484375,317.3114318847656
568.5837594750398,308.76512391260206,566.4390489311213,318.4858676141191,566.7734375,316.97027587890625
567.0454585480678,308.42272776939774,564.8973978960432,318.16075724808434,565.23486328125,316.6308898925781
565.5122424167054,308.09137555848974,563.3697108733138,317.80849791719123,563.7037963867188,316.2933044433594
563.9919699763186,307.7528602737407,561.8428527164045,317.48460903418953,562.1802368164062,315.95684814453125
562.4770047167857,307.41684969601897,560.323107015908,317.1660088931761,560.6642456054688,315.6219177246094
560.9668410793404,307.0904408073165,558.8181188963574,316.81565615862246,559.155517578125,315.28857421875
559.4672301902384,306.75724785583833,557.3130133576703,316.4987430913485,557.654052734375,314.95654296875
557.9730728717622,306.4298709036886,555.82172891807,316.15471625248074,556.159912109375,314.6260070800781
556.4853833901639,306.0939902182018,554.331695721475,315.84078697438184,554.6727294921875,314.2973937988281
555.0049636976296,305.7673414532165,552.853936407077,315.5026617574959,553.1925048828125,313.9703369140625
553.5335628763611,305.4324246959498,551.3779850758508,315.1909530466376,551.719482421875,313.64495849609375
552.0687811182248,305.10936714167065,549.9078611855514,314.8828359438194,550.2532348632812,313.3207702636719
550.527102386122,304.7584402724365,548.3659485474294,314.52744232699456,548.70849609375,312.9790344238281
548.9861467249112,304.4190212821417,546.8266217023969,314.2014618194205,547.17138671875,312.63970947265625
547.4605208185757,304.07222699158314,545.2988986979075,313.8527963340978,545.6417236328125,312.3016357421875
545.9389100815984,303.7239038798474,543.7739661096081,313.53013879301943,544.119384765625,311.9655456542969
544.4201623082486,303.39156243177325,542.2559535894089,313.21390789997815,542.6045532226562,311.63177490234375
542.9113694043685,303.0466997864862,540.7522886387814,312.8673170120987,541.0968017578125,311.30029296875
541.4048615972348,302.72257577114544,539.2493964858875,312.5532240899425,539.5962524414062,310.9712829589844
539.9094345362432,302.3888050285957,537.7597611894354,312.2108375422402,538.1026000976562,310.6443786621094
538.4149614476917,302.06915741894164,536.2720590985925,311.8972153024585,536.6159057617188,310.3202209472656
536.9311354664648,301.74104072109117,534.7965982224671,311.5607221145405,535.1361694335938,309.9985656738281
535.455437965902,301.4253218374954,533.322015568723,311.24993451016405,533.6632080078125,309.6787109375
533.9895034183339,301.1019940496637,531.8591627432419,310.9174564753639,532.1970825195312,309.3605041503906
532.4490830463277,300.76105188801375,530.3182328366286,310.58933312211104,530.6570434570312,309.026611328125
530.9135090440573,300.43408799007625,528.7848170233943,310.2639703816132,529.1246337890625,308.69476318359375
529.3872231452167,300.0981063446444,527.2641795677148,309.91656886826956,527.5996704101562,308.3650207519531
527.8663575123378,299.77249217517226,525.7457428557973,309.59430716198403,526.0819091796875,308.0373229980469
526.3518629881158,299.43715030273177,524.2347107233747,309.27651159319146,524.5712890625,307.7122802734375
524.8439397065739,299.10096755687255,522.7376138734696,308.9326171244883,523.0680541992188,307.3902282714844
523.3437291764814,298.7772619367099,521.2408306213576,308.61983094488187,521.5718383789062,307.070556640625
521.8515154696781,298.44216786219846,519.7576153387164,308.2800916314482,520.08251953125,306.7535705566406
520.3658680114266,298.12161528959274,518.2751659983196,307.969730067004,518.6001586914062,306.4388732910156
518.8891908546651,297.7899984404665,516.8054645936091,307.6344546376577,517.1246337890625,306.1265563964844
517.4147122277849,297.4722606207717,515.3374280836076,307.3278926486663,515.6558837890625,305.8169860839844
515.8746968427233,297.12744256005095,513.8049698227208,306.97852270773313,514.116943359375,305.49365234375
514.3401063956248,296.7969325483663,512.2744951720229,306.65716593990453,512.58544921875,305.1728210449219
512.8164901183818,296.4555883287187,510.75673703788584,306.3113430331993,511.0612487792969,304.8542785644531
511.29878065963305,296.12834879356916,509.2408186361672,305.9926747664131,509.5443420410156,304.5378112792969
509.78889125989997,295.78894759750665,507.7373927165501,305.651009136756,508.0343017578125,304.22369384765625
508.2830209378831,295.4647730138109,506.23598297452565,305.3371052540949,506.5314636230469,303.9120788574219
506.7904257311442,295.12950627889234,504.74646606644126,304.9978071558818,505.0355224609375,303.60223388671875
505.30024990682097,294.8089197957377,503.2585670239731,304.68771702103635,503.5465087890625,303.29449462890625
503.82146085735747,294.47546484177235,501.78341811876254,304.35030346864284,502.064453125,302.9886169433594
502.35083910611075,294.16109081979926,500.3081682460973,304.0438477041282,500.58929443359375,302.6837158203125
500.8173336263743,293.8180196015906,498.77342135926807,303.6908039323544,499.0479736328125,302.3646240234375
499.29603697284887,293.4939487977525,497.2383434806575,303.3700914309524,497.514404296875,302.04510498046875
497.7813763249737,293.156175241569,495.7179081621464,303.0195925143414,495.9885559082031,301.72589111328125
496.2734627491682,292.8353863000469,494.19791040014553,302.70274030416476,494.4705505371094,301.4065856933594
494.77610534236584,292.50104769150494,492.69204156333853,302.35421617051304,492.9600524902344,301.08709716796875
493.28953016677946,292.18508321609926,491.1854605448025,302.0403035335726,491.45745849609375,300.76629638671875
491.8079689462075,291.8543327321213,489.6937555992718,301.6945528467276,489.96221923828125,300.4450378417969
490.32982162494125,291.54060310710184,488.2017976392783,301.3845565513602,488.47442626953125,300.1234130859375
488.8624875433028,291.21350888016957,486.7244776950767,301.04122207940725,486.99420166015625,299.8013916015625
487.40092788335096,290.9040072233559,485.24633558868436,300.7328581222017,485.52130126953125,299.478515625
485.95664070883066,290.58251885290395,483.7811761489616,300.3922317555571,484.0558776855469,299.1535339355469
484.44510504445475,290.263096282817,482.2467466049981,300.0680374484428,482.528564453125,298.81109619140625
482.93962468020595,289.9302298652342,480.7267772726155,299.71597215353074,481.00909423828125,298.4674987792969
481.42838662587263,289.61017761351746,479.2079374968882,299.3925827721753,479.4958801269531,298.1240234375
479.9151285045789,289.2759221085345,477.69326479142956,299.07442824650764,477.98638916015625,297.78173828125
478.4043962419606,288.9545175382035,476.1888344842516,298.7225371826128,476.479736328125,297.44000244140625
476.9009707124171,288.62241597196316,474.6784939444523,298.4034562797143,474.97509765625,297.0981140136719
475.4025680356455,288.2891684633594,473.1749852182786,298.05643012327295,473.47174072265625,296.7552490234375
473.9041378794616,287.9696368771453,471.6644450972867,297.73952282632064,471.96905517578125,296.4107666015625
472.41257535471965,287.6373413258344,470.15714336196686,297.3937918556081,470.46478271484375,296.0630187988281
470.9054013971081,287.3148096903974,468.6398920237919,297.073532268409,468.955810546875,295.71270751953125
469.39996737981267,286.9780492614065,467.1145192253658,296.7525232201407,467.44049072265625,295.3583984375
467.8785274827247,286.6523002227363,465.5892722407009,296.3990192774927,465.9176940917969,295.000732421875
466.43315183495844,286.3302714962466,464.1160095755427,296.08889155807043,464.4567565917969,294.6538391113281
464.9774009558796,286.00497631477936,462.6411639228337,295.75013288886134,462.9883728027344,294.30181884765625
463.51340300409845,285.69283803836424,461.15045219037995,295.43678647399304,461.5124816894531,293.94390869140625
462.05234326703476,285.3651437236244,459.65579918706436,295.09382375028224,460.0290832519531,293.5784912109375
460.57969582559133,285.05274936487024,458.1453439998907,294.7738401032043,458.5381774902344,293.20513916015625
459.1062359634589,284.72347799032747,456.63121647421093,294.4245822425715,457.03985595703125,292.8228759765625
457.616001009777,284.40886075343394,455.10256750769736,294.09419598903617,455.5339050292969,292.43206787109375
456.1224653407238,284.07670354905287,453.5687411570345,293.7409498532359,454.0202941894531,292.0321044921875
454.6180917006018,283.7614036247991,452.01968100273143,293.402141827529,452.4994201660156,291.6221923828125
453.1855779534715,283.44561231819523,450.532397363781,293.0798581618893,451.044189453125,291.221435546875
451.73968119274434,283.1437989600977,449.04171223082176,292.7321288109729,449.58251953125,290.8101501464844
450.2895265699599,282.8269944741615,447.53513753345567,292.4024579503001,448.1146240234375,290.3879089355469
448.82885905076955,282.5080242243424,446.02480069295905,292.050476044412,446.640625,289.95477294921875
447.35880914213544,282.20494572351544,444.49797636915815,291.7120388448979,445.1607666015625,289.50946044921875
445.8817966867372,281.88330202506285,442.9661730138342,291.35557647760663,443.6751708984375,289.05218505859375
444.39066247299365,281.5766120689833,441.41976573679085,291.0089679055228,442.18402099609375,288.58251953125
442.8929036155624,281.2515024922992,439.86725860319837,290.6472289750046,440.6873474121094,288.1005554199219
441.4597298827625,280.95776401932926,438.37818868203414,290.30860627633984,439.2607727050781,287.63043212890625
440.0224891600594,280.64752680060496,436.87883322672815,289.967186600936,437.8298645019531,287.14776611328125
438.57650359283764,280.3523619254356,435.3696000077747,289.6133131459237,436.3953857421875,286.6510314941406
437.128426753973,280.0420536717907,433.8448763952267,289.26520615523356,434.957763671875,286.13922119140625
435.67169400708536,279.7353455617246,432.31007727453544,288.9051753435607,433.5176086425781,285.61126708984375
434.204631304753,279.4337027314503,430.75986866949944,288.5465201937414,432.07550048828125,285.0661315917969
432.72959827384034,279.11899450012385,429.1990162152662,288.1807515539512,430.6316833496094,284.50360107421875
431.23724877968647,278.7989290849636,427.62936301873816,287.8145520508736,429.1858825683594,283.9250183105469
429.73881964113804,278.46643435118347,426.04652987303353,287.44342860103694,427.738525390625,283.3297119140625
428.2276401790948,278.1194348391801,424.46416179905964,287.0495631627471,426.28924560546875,282.71893310546875
426.7149669539163,277.75699600906444,422.8641130736372,286.65413852388076,424.8390197753906,282.09124755859375
425.27705523377796,277.3993126028749,421.33490270971714,286.27486961763736,423.46429443359375,281.48065185546875
423.83752648337224,277.0192203869949,419.8165346927082,285.84080599036724,422.0895690917969,280.8540344238281
422.3871713438222,276.6428796906413,418.2767768562096,285.4155145551676,420.7156677246094,280.2102966308594
420.9660580883375,276.17992588291213,416.74959051255746,284.93549722810263,419.3433837890625,279.5494384765625
419.53715981088925,275.7182503777116,415.21027969938615,284.444160923041,417.9740905761719,278.8704528808594
418.1247060128913,275.2020393960055,413.6723097458539,283.92688790019696,416.60833740234375,278.1734924316406
416.70825997845526,274.67107629287386,412.1610826340558,283.34357200065955,415.2463073730469,277.4593505859375
415.30209027303596,274.1025685043233,410.6446268534595,282.75525527400373,413.88861083984375,276.7285461425781
413.9013827072044,273.50795452890804,409.1387415464104,282.1371267596222,412.5359191894531,275.9819641113281
412.5072051849634,272.886633148926,407.6655058213786,281.4590800428198,411.188720703125,275.2210693359375
411.11109037614415,272.2592917223783,406.1879922134833,280.77928546724075,409.8475036621094,274.4460754394531
409.7207954402253,271.61441346490767,404.714242448418,280.0774113857037,408.51275634765625,273.6564636230469
408.33586598509555,270.9516965971983,403.2642849174568,279.32898037827425,407.1850280761719,272.8526611328125
406.96367285199824,270.2624625000129,401.80813188809196,278.581233030371,405.86529541015625,272.0347595214844
405.60007770674923,269.5565545614773,400.36101242404715,277.80864451320116,404.5549011230469,271.20281982421875
404.25620651753957,268.8144991939971,398.9192018536091,277.03163606064015,403.25384521484375,270.3577880859375
402.9209187367402,268.0589207841535,397.48277722277396,276.24312927378537,401.9632263183594,269.5002136230469
401.60662637112046,267.2721982836041,396.07071972132167,275.42535123098764,400.6837158203125,268.6314392089844
400.3120247477752,266.4610475740771,394.65845375603953,274.60709315949794,399.4162292480469,267.75177001953125
399.0343704795855,265.6326465096448,393.2532238917646,273.7820978743776,398.16217041015625,266.8621520996094
397.768686382625,264.7966718756558,391.8919128234755,272.89625412347687,396.922607421875,265.9627685546875
396.5250015004597,263.9416558769429,390.52792535110507,272.01629270702995,395.69891357421875,265.0539245605469
395.29105497956544,263.08517184140777,389.19350282376195,271.09634873622576,394.4918518066406,264.13519287109375
394.08526118091197,262.20195979172354,387.8692936119395,270.1674573614644,393.301513671875,263.206298828125
392.8800809310055,261.3273674092471,386.56502952946755,269.2227728972577,392.12799072265625,262.2676696777344
391.64226401187466,260.37111020716105,385.2283093456645,268.18712792026355,390.9076843261719,261.2662658691406
390.4210755213879,259.4045669190646,383.90565120997485,267.14603095459813,389.7056579589844,260.2546081542969
389.21071390012685,258.43618076788056,382.59773105452825,266.0926015315634,388.52264404296875,259.2328186035156
388.03733219244054,257.43595952324586,381.304367942758,265.0238780888612,387.35906982421875,258.2003479003906
386.8632442438057,256.44507232427065,380.05984381038843,263.9192501884146,386.2141418457031,257.1581726074219
385.7315148313827,255.4170347534827,378.82061099239314,262.8239681586864,385.087646484375,256.10711669921875
384.61897943046677,254.37860569488515,377.59654994847216,261.7159880926825,383.9796142578125,255.04664611816406
383.5065277958372,253.34793262107667,376.430472810807,260.5627179441314,382.8892822265625,253.97727966308594
382.43838390353676,252.2826822638405,375.2575120730998,259.406509880206,381.818359375,252.8977813720703
381.36306462606365,251.23111426760306,374.1072135952196,258.2453170855331,380.76556396484375,251.8087158203125
380.3373723997063,250.14138473055303,373.0042046536041,257.0208685177646,379.733154296875,250.70822143554688
379.32847700952186,249.04116661590342,371.9119728116435,255.81641367846032,378.71893310546875,249.59800720214844
378.26790238004804,247.88654590006465,370.81530819618234,254.53602383054272,377.6688232421875,248.4210662841797
377.2556898904689,246.69569104459433,369.7351616118912,253.25679920136423,376.63555908203125,247.23670959472656
376.2396927073979,245.51478400310057,368.6732641923848,251.96990967408436,375.61859130859375,246.04466247558594
375.2762172446128,244.29548800823756,367.6477327661996,250.65705240709534,374.6177978515625,244.8445587158203
374.3337159783315,243.06317046025296,366.6413214823428,249.35009744136437,373.63116455078125,243.63735961914062
373.3923259312788,241.83198933055,365.65979652010657,248.050970639363,372.6556701660156,242.42445373535156
372.4950787892879,240.57155655142213,364.69847181472153,246.70876831449567,371.6936950683594,241.20237731933594
371.59856896171556,239.31572619660741,363.73541525600007,245.3461893282455,370.7474060058594,239.968505859375
370.7452683522328,238.02963770650823,362.78702789841935,243.9659569836696,369.8174133300781,238.7217559814453
369.9077566186135,236.7316983764262,361.88190238971964,242.56387421979127,368.9022521972656,237.46237182617188
369.0766218875136,235.43147927151847,360.98301140882927,241.14833762138264,368.0032653808594,236.18963623046875
368.2756735653752,234.10908786484146,360.10168402808506,239.72996708986688,367.1193542480469,234.90423583984375
367.48210960985415,232.78295747078354,359.25679367513715,238.28312994560628,366.2512512207031,233.60601806640625
366.7227642644324,231.4349922206014,358.4179027529903,236.8316056738932,365.3993225097656,232.29498291015625
365.97456335407526,230.07984334758157,357.59724535145557,235.37288571988557,364.56317138671875,230.9716033935547
365.2551746538729,228.7080677863999,356.8223389637641,233.8825238056804,363.7434387207031,229.63568115234375
364.5585796296467,227.32358755433603,356.05140543368566,232.39113000262225,362.94036865234375,228.2875213623047
363.88530860628543,225.9261152276083,355.2937388978589,230.89426703589365,362.1538391113281,226.92735290527344
363.241300019206,224.5132223641829,354.5903677082746,229.3674351804732,361.3840026855469,225.55538940429688
362.6130917461436,223.09538925514414,353.8823157923157,227.83745310430123,360.6322326660156,224.17127990722656
362.01323304625834,221.66042594049725,353.1986028376227,226.3076211633735,359.8967590332031,222.77626037597656
361.460095321389,220.2950745432009,352.60158532671386,224.81293891702677,359.2152404785156,221.43995666503906
360.9337417612164,218.9159529856045,351.9936685140142,223.3324950639368,358.5500793457031,220.09352111816406
360.4280259997197,217.52760720801203,351.4461899906772,221.8273674875138,357.90087890625,218.73739624023438
359.9368927296717,216.13426172198453,350.90066609981096,220.32377855248657,357.2677307128906,217.3717803955078
359.4821539760851,214.72564662047665,350.38296339596934,218.81138913451102,356.6504821777344,215.99713134765625
359.03202261271605,213.32069697806023,349.858847969385,217.29709115054064,356.050537109375,214.6131134033203
358.6133361994943,211.90302430741735,349.32801914067676,215.79068184138248,355.46734619140625,213.22021484375
358.20004979871146,210.48280713131933,348.82918980557406,214.27711302885533,354.8999938964844,211.8190155029297
357.8217346736822,209.0526686474798,348.3248854508752,212.76356574557332,354.3492431640625,210.4095458984375
357.4575656989067,207.61776732648505,347.859474482675,211.2388151209669,353.81451416015625,208.99217224121094
357.1011240225448,206.18561889099564,347.391154728211,209.71126250381923,353.2969970703125,207.56687927246094
356.804435244005,204.73551273700343,346.9524767436102,208.17307188496162,352.7969665527344,206.13380432128906
356.49681698447125,203.29256352870962,346.5149992375121,206.63537769120163,352.31451416015625,204.69317626953125
356.25409796744134,201.82365744370293,346.08239601437486,205.10599995706175,351.847412109375,203.24566650390625
356.0173716215506,200.36507578441697,345.7302324881627,203.5410913177098,351.3983459472656,201.7911376953125
355.8203576697484,198.88953954708816,345.37875076927793,201.98758195960215,350.9648742675781,200.33016967773438
355.6350338208856,197.41543868388257,345.0652193878319,200.4232918039754,350.54742431640625,198.86322021484375
355.48094762080507,195.93869041456662,344.8460595295824,198.83217483542109,350.1466064453125,197.39002990722656
355.3423067043615,194.45803046022857,344.63595025661095,197.24594963841346,349.76153564453125,195.9112548828125
355.21522852267174,192.96929218065046,344.4797333569535,195.65664356507193,349.3901062011719,194.42745971679688
355.1067622645049,191.47621955411245,344.3619711088498,194.06342013090133,349.0317077636719,192.9390106201172
355.0034237007686,189.98008816416495,344.25499533281214,192.4743467256278,348.685302734375,191.44625854492188
354.9145525782052,188.48976028764173,344.1004646146122,190.89462987829796,348.35235595703125,189.94908142089844
354.83399306240466,186.9949489476506,343.9435619028831,189.3210303664257,348.0317077636719,188.44784545898438
354.7615546562575,185.51018967347233,343.7660245106656,187.74807592444807,347.72528076171875,186.9422607421875
354.7001210296132,184.01959536026837,343.69079578021746,186.15996674137355,347.4317932128906,185.4326629638672
354.6364174387288,182.5290441894635,343.6014250239993,184.5787019516831,347.1507263183594,183.91944885253906
354.5857269532546,181.04092347454412,343.5484656525001,182.99162708309797,346.8825988769531,182.40235900878906
354.5344025230158,179.55170576147452,343.4870808589496,181.41003630894335,346.6268310546875,180.8818817138672
354.4734933567664,178.06927345847612,343.43508128824055,179.82770043657098,346.3840637207031,179.35792541503906
354.4260778824126,176.589286041609,343.37157765587585,178.24839986319992,346.15484619140625,177.83067321777344
354.36810133064506,175.11326022689855,343.32397715398196,176.66829616384655,345.9393310546875,176.300048828125
354.32270522515176,173.6409581326832,343.2630297745053,175.09048398776986,345.73828125,174.7660675048828
354.2657816606515,172.16642277503516,343.2176500474402,173.5134669951938,345.5508728027344,173.22898864746094
354.21946140293335,170.68858748513563,343.1571304523256,171.9401326710104,345.37664794921875,171.68902587890625
354.1726708527197,169.20607584138904,343.09174226614556,170.3691667214975,345.2147216796875,170.14633178710938
354.11258657360565,167.72011171559922,343.0534982567687,168.79688434667727,345.06427001953125,168.60110473632812
354.0643065087304,166.23461058238536,342.9865777782403,167.2271904546353,344.92559814453125,167.05345153808594
354.0050118048127,164.74815302786138,342.9497335030066,165.65520478582832,344.7984313964844,165.50352478027344
353.9587918427436,163.26725727371493,342.8832220840387,164.0839924956174,344.6839599609375,163.95120239257812
353.90079483328196,161.78863576767856,342.8463545756995,162.5100092040703,344.58251953125,162.39671325683594
353.8556351745067,160.31392186978258,342.78130950171214,160.9363628449811,344.4950256347656,160.8400421142578
353.80668290760855,158.8464623393329,342.7424099262974,159.35921569753327,344.42279052734375,159.28134155273438
353.75077616360653,157.37827028575092,342.6786476470426,157.78228275799606,344.3658447265625,157.72071838378906
353.70250346447295,155.9052471405885,342.6299502212754,156.2039033130271,344.3236999511719,156.15821838378906
353.6544305621502,154.43436294416304,342.5574558281557,154.623814246875,344.2969970703125,154.5941162109375
353.61691324797704,152.96264714164988,342.466275454051,153.04132811979719,344.28594970703125,153.0284881591797
353.57298149139376,151.49735307786878,342.471938552986,151.4545444986146,344.2919921875,151.46156311035156
353.5402943137751,150.03163723763956,342.4369292131899,149.86545413599785,344.3154602050781,149.89356994628906
353.50840810496936,148.56324441543345,342.46580284709006,148.2754136650676,344.3563537597656,148.32469177246094
353.46505684138674,147.0898684447078,342.46663431349987,146.68312537108338,344.4143981933594,146.75515747070312
353.43595826489974,145.61367167741722,342.5140760504852,145.0903927406242,344.4896240234375,145.18504333496094
353.3870795338082,144.1327747000442,342.5481201455272,143.49497202356287,344.58203125,143.61465454101562
353.35012519544443,142.65158388553917,342.5925276757291,141.89677111071228,344.6922302246094,142.04409790039062
353.311116866876,141.15870214206188,342.69177342101625,140.30180095624078,344.8189697265625,140.47344970703125
353.27995667706915,139.66517879063855,342.7750798862139,138.70262728563185,344.9628601074219,138.90309143066406
353.2550521962247,138.17148053133025,342.8668019480144,137.10052481550647,345.12469482421875,137.3332977294922
353.2433192286341,136.67014371531616,343.01026755926176,135.50222701952737,345.3038024902344,135.7639923095703
353.24315702053997,135.1689547957773,343.134852850594,133.89815159994092,345.5009765625,134.19561767578125
353.2552159708185,133.65733379919757,343.2902919965921,132.29715776183093,345.7149353027344,132.62811279296875
353.29875894698216,132.1535546699464,343.43644873257534,130.6893822533395,345.9474182128906,131.06216430664062
353.3387940447039,130.71925521859964,343.57885090219315,129.1650505554125,346.1834716796875,129.57981872558594
353.40815809274113,129.28636728991262,343.74415624637595,127.64068076483142,346.4356384277344,128.09901428222656
353.48362118912263,127.84002620447272,343.89931296657767,126.11524514649287,346.7018737792969,126.61959075927734
353.5772549050337,126.39880777873634,344.0641998424412,124.58574931781271,346.98345947265625,125.14212036132812
353.68197273616835,124.94765854494594,344.2222804893609,123.05447805652034,347.2788391113281,123.66619110107422
353.79751842471325,123.49313660539347,344.3797124869765,121.51989131203185,347.58770751953125,122.1920394897461
353.9252264067145,122.03575226420885,344.5632607465644,119.98745086861544,347.90985107421875,120.71965026855469
354.0642992692613,120.58101382164882,344.73425790448954,118.44552804240877,348.2463684082031,119.2493896484375
354.2188915830444,119.12269418561819,344.9332439792524,116.9074272736239,348.5965881347656,117.78138732910156
354.3816407612926,117.66307919967387,345.125779833003,115.3626293034737,348.9608459472656,116.3157958984375
354.5779406222751,116.20759902536263,345.34559360811875,113.81997619929858,349.3392028808594,114.852783203125
354.77837920880626,114.7481318999456,345.5660596479328,112.27311142493127,349.7315979003906,113.39224243164062
355.00001032840606,113.28827953600462,345.78666122312075,110.72297008515028,350.13751220703125,111.93439483642578
355.2285984642552,111.82632711568428,346.06238487455494,109.18365053906277,350.5569763183594,110.4794692993164
355.4829614133946,110.36785175581105,346.32824675775845,107.63671509974944,350.9901428222656,109.02750396728516
355.7511202733981,108.91124953437172,346.63121483714326,106.09451287942241,351.4375305175781,107.57897186279297
356.0449976370494,107.45417350502362,346.9329960606325,104.55205205022595,351.89794921875,106.13336181640625
356.3593677296484,106.00061299130775,347.2376695568598,103.00537378047089,352.37152099609375,104.69114685058594
356.68358213793925,104.54455172743886,347.5906438545805,101.47254993069343,352.85772705078125,103.25200653076172
357.03930921968765,103.0949249091193,347.93209032709007,99.93354309851796,353.3560791015625,101.81636810302734
357.4023997906537,101.6477017567448,348.3224287150057,98.40247057405418,353.86785888671875,100.38443756103516
357.7888584629131,100.20371523638717,348.71345880914276,96.87016405858377,354.3924865722656,98.95616912841797
358.1912849197921,98.76297077034553,349.1174989427293,95.33763867954102,354.9301452636719,97.53189849853516
358.6067038579111,97.32163520331744,349.5601244818429,93.82024135300176,355.47991943359375,96.11144256591797
359.0443518901578,95.88368824355321,349.9945060439445,92.30066776378123,356.0408935546875,94.6945571899414
359.4916422629974,94.4487604048855,350.4667887277093,90.78845025378848,356.61395263671875,93.28162384033203
359.9524567362797,93.0163916744119,350.94532496232097,89.27534216892043,357.1990966796875,91.872802734375
360.4280873450383,91.58555520599074,351.4373961175158,87.76745267959126,357.7958068847656,90.46769714355469
360.91259112677267,90.15385295460032,351.96450578276136,86.27490591145182,358.40338134765625,89.06612396240234
361.41711796151236,88.72735636791674,352.48905617424344,84.77922859169232,359.0216369628906,87.66803741455078
361.9296579472829,87.29957555633322,353.0348186422808,83.29487654687816,359.6496887207031,86.2730712890625
362.45238276688616,85.87329076116181,353.58544158825106,81.81039399736018,360.28741455078125,84.88128662109375
362.99237654492384,84.45181789310486,354.14325889343763,80.3276721148829,360.9345397949219,83.49275970458984
363.53595021786066,83.02991863762131,354.7383229751223,78.85691879385391,361.591552734375,82.10762786865234
364.10208603160277,81.61531066921803,355.3291872817233,77.38428409121371,362.2579345703125,80.72590637207031
364.67500861493465,80.20163717537027,355.94894246837976,75.92212492431241,362.933837890625,79.34771728515625
365.2711428412371,78.79647131414276,356.574197258548,74.46187536942091,363.6189880371094,77.97303009033203
365.8828233160672,77.3976285641831,357.21479985244457,73.00273476904063,364.31402587890625,76.60221099853516
366.5061616152824,76.00250080585427,357.8915109772627,71.55968568734224,365.0188903808594,75.2354736328125
367.14991918787496,74.61654427900497,358.5718202240285,70.11146424792669,365.734375,73.87312316894531
367.80526425313246,73.23432158035303,359.26697441565966,68.67124009789678,366.4599914550781,72.51537322998047
368.48850343700997,71.86536162347532,359.9880090866124,67.24043166392504,367.1961975097656,71.16224670410156
369.18826723640916,70.50394851897619,360.71069415093854,65.80810449431549,367.94293212890625,69.81414031982422
369.88015181467347,69.13733191354042,361.43935366477405,64.37146779471735,368.70098876953125,68.47154998779297
370.59857810773457,67.78382255823449,362.17401145632624,62.93544577467452,369.4704284667969,67.13456726074219
371.3275749859157,66.433925939315,362.91299035622933,61.503743673057905,370.2506408691406,65.80294036865234
372.0634126119659,65.08720172987546,363.6786542823563,60.079655824591256,371.04229736328125,64.47737121582031
372.82385475160953,63.75396232808427,364.45047517348354,58.65316203540912,371.84588623046875,63.1582145690918
373.5863374762776,62.41913691319671,365.2264383751868,57.234984960325406,372.6603088378906,61.844886779785156
374.37790666052297,61.10178272888471,366.05831753490236,55.8426472841829,373.486328125,60.53818130493164
375.17108653278655,59.78435300866225,366.8959119332226,54.44782776275133,374.32452392578125,59.23841857910156
376.0008684145016,58.48757727691188,367.74452623532494,53.07231811713932,375.173095703125,57.94464874267578
376.8425921772541,57.19849621046914,368.63324987594814,51.7147494729682,376.0328369140625,56.657588958740234
377.690382107217,55.912111755368635,369.52343778200196,50.36009123870223,376.9033508300781,55.3770751953125
378.5709547210459,54.64762008443752,370.42864929750243,49.01229220338168,377.7847900390625,54.103511810302734
379.44636492884774,53.37889106637182,371.36450392426076,47.6841854572702,378.67724609375,52.83694839477539
380.35876897776274,52.135855143366875,372.3013258489196,46.35490690325735,379.58074951171875,51.57765197753906
381.28208072939566,50.898956625588696,373.2432988431685,45.0418910445396,380.4937438964844,50.3245735168457
382.1990354673634,49.65703236211444,374.20345115556523,43.74037923586453,381.41632080078125,49.07783126831055
383.1468601964748,48.437461066434075,375.15770651837084,42.434914004302925,382.3482666015625,47.83744812011719
384.0888780240902,47.21321120590696,376.1355504049265,41.14800690238483,383.289306640625,46.603458404541016
385.06276469566006,46.01306038155855,377.1148359485507,39.86185836589096,384.2394104003906,45.37583541870117
386.0466563629755,44.82126640392969,378.10494256214946,38.580416085990706,385.19879150390625,44.15498733520508
387.02631842122935,43.62640736484212,379.13022353109926,37.32648370030244,386.1673278808594,42.94105911254883
388.0300889381942,42.45167376010552,380.1537547937108,36.06464250229338,387.1457214355469,41.734527587890625
389.0322285271871,41.276883650035096,381.20918386905095,34.82355102267263,388.13427734375,40.53615188598633
390.06016359831403,40.123338630299266,382.2709826527017,33.5903725333023,389.1328430175781,39.34557342529297
391.0985030423758,38.980905486116775,383.3512098668121,32.363172132670066,390.14215087890625,38.16399002075195
392.1429005344842,37.843881995587765,384.46203124542404,31.16614243897096,391.16192626953125,36.991024017333984
393.2050487916174,36.72289491072683,385.5773390304681,29.976739559835774,392.19171142578125,35.8266716003418
394.2701354822506,35.603077003142516,386.6951243134395,28.80384376169625,393.230224609375,34.6696662902832
395.35258758374994,34.49819292869446,387.8494194862289,27.673063769974817,394.27655029296875,33.51939392089844
396.4401644346798,33.400645794518574,389.00787153352366,26.539029263866453,395.331298828125,32.376922607421875
397.5481106860399,32.322294004436685,390.17322219440376,25.416083367401406,396.394287109375,31.241796493530273
398.6617181370171,31.252024144228272,391.37128025648093,24.320382011054427,397.4657287597656,30.11489486694336
399.7904050674171,30.196837093041037,392.56391306237555,23.22371844874815,398.545654296875,28.995729446411133
400.9294177134068,29.155635091372112,393.77249446358985,22.135605082696713,399.63458251953125,27.88556671142578
402.08150643969634,28.128629748754133,395.0024090548519,21.074048548680196,400.7322692871094,26.78406524658203
403.2483073007435,27.12037046826577,396.2307049472404,20.006478075762832,401.83929443359375,25.69202423095703
404.4229710200342,26.119741227608543,397.47294115868385,18.966125547350778,402.95465087890625,24.608409881591797
405.6126538685076,25.136130358066502,398.71570125134167,17.93153659631647,404.0780029296875,23.53302574157715
406.8090978183821,24.163048763793853,399.96245251989825,16.901722376508182,405.20928955078125,22.466344833374023
408.01570494603794,23.20361682893685,401.2305451765218,15.89624317645655,406.3487243652344,21.40833854675293
409.23422019760136,22.257479445367995,402.49113036027427,14.892103005234889,407.4955749511719,20.358383178710938
410.4575498389999,21.32085304844816,403.77180812811486,13.908877857753165,408.6500549316406,19.317020416259766
411.6921394827462,20.40210216255772,405.0575621983687,12.928818259668617,409.8125915527344,18.28495216369629
412.9297800018313,19.488229610139374,406.3467494898446,11.960124348620614,410.9827575683594,17.261688232421875
414.1770074172532,18.589193310144694,407.65844057103277,11.01945826251799,412.1604919433594,16.247499465942383
415.42911135397566,17.69800993424776,408.9667092034119,10.080750297165014,413.3455505371094,15.242108345031738
416.689626487196,16.82214785893494,410.2810996135879,9.148774745685493,414.5381774902344,14.246068954467773
417.9590577618344,15.959197456799032,411.6220151561543,8.255116741996533,415.7380676269531,13.2590913772583
419.2282227854284,15.104200405441361,412.958957568053,7.353137353051741,416.9457702636719,12.282269477844238
420.51226241145497,14.268396372131495,414.3152989619314,6.484757797570361,418.16082763671875,11.314898490905762
421.7954360182007,13.436856022095203,415.6715872368284,5.618955598434876,419.38323974609375,10.357369422912598
423.09193088457647,12.626769303239026,417.0350168952732,4.766665406948562,420.6129455566406,9.409770965576172
424.391071917952,11.826476810724156,418.4237344366981,3.949622422435384,421.85015869140625,8.472484588623047
425.6944016771981,11.035596430747672,419.80488513746974,3.128854752862674,423.0946960449219,7.545462608337402
427.0137305446342,10.275447192862899,421.2059606675006,2.3353544599085607,424.346923828125,6.629522323608398
428.33103569670243,9.514459341548395,422.60236759705384,1.5458891087828253,425.606201171875,5.724217891693115
429.66271774076324,8.781910780188657,424.0057559422457,0.7681487710583914,426.8730163574219,4.829965591430664
430.99439023698875,8.05637545655789,425.4088543763162,-0.004998327300870464,428.1471862792969,3.9471232891082764
432.3266995273046,7.336230787952072,426.8062688612278,-0.7798347235960108,429.4286193847656,3.0755109786987305
433.6859004621549,6.661712728000474,428.2099238334833,-1.5403844341860524,430.7172546386719,2.2151777744293213
435.0331119506186,5.977114331669768,429.61040085992073,-2.3009141018370767,432.0128173828125,1.3664898872375488
436.4091710050713,5.339028940927796,431.01140137159916,-3.0528095098728647,433.3151550292969,0.5288047194480896
437.7768936210582,4.699561673072008,432.42386476974747,-3.7854614559521473,434.62451171875,-0.29724183678627014
439.16855887758334,4.092655619550953,433.8280940708135,-4.518160525736393,435.93994140625,-1.11307692527771
440.5523676260085,3.4899322391222833,435.2379597739373,-5.24357370109151,437.26190185546875,-1.917500376701355
441.9554279589486,2.9201664049169915,436.64274653768547,-5.968951266980968,438.5898132324219,-2.711141586303711
443.3586588964946,2.359654119693599,438.0484508927242,-6.689726894009499,439.92376708984375,-3.493910312652588
444.7274600269969,1.7524897322463087,439.48165705774244,-7.361541563263486,441.2638244628906,-4.2652130126953125
446.186845274599,1.2990884768179143,440.9060141912638,-8.037937431566936,442.609375,-5.026228904724121
447.6485383059176,0.8606919258678207,442.34479545343237,-8.68367655623562,443.9601135253906,-5.776825428009033
448.9955397732544,0.22270977643019485,443.78041109077327,-9.330092306405978,445.31610107421875,-6.51709508895874
450.4140858716009,-0.2797997600962905,445.21977392840756,-9.96439711863427,446.67718505859375,-7.247109413146973
451.83081193444553,-0.7812898269960646,446.67238016705494,-10.567420783682223,448.0430603027344,-7.967084884643555
453.24156078232716,-1.2795943796197786,448.12067643629473,-11.175698335518826,449.4139404296875,-8.676466941833496
454.651841215315,-1.7776596482351863,449.56957647062234,-11.775711133408894,450.78955078125,-9.375724792480469
456.0546820580977,-2.2719707859339593,451.0135399439874,-12.384275990078004,452.17022705078125,-10.064013481140137
457.4606244604153,-2.768018079212573,452.45008714515325,-12.999347901337917,453.5553894042969,-10.742362022399902
458.8656570360959,-3.2636942298529785,453.92560265416535,-13.529005823901425,454.9448547363281,-11.411025047302246
460.2696980639946,-3.7590655198771934,455.39223171634296,-14.070510018038801,456.3384094238281,-12.070197105407715
461.67449079965365,-4.254903577080338,456.869269167058,-14.582552517231523,457.7357177734375,-12.720333099365234
463.08361440521895,-4.752838305191117,458.3389093864532,-15.101749733503915,459.1363220214844,-13.362473487854004
464.48640008981073,-5.247963527814905,459.80747157673704,-15.620937402263591,460.5404968261719,-13.995853424072266
465.8981139188485,-5.69975598172595,461.2703017596798,-16.151514836325504,461.9486999511719,-14.619375228881836
467.28578886252615,-6.192967545956698,462.7307881903543,-16.684321415612743,463.361083984375,-15.232585906982422
468.673798303778,-6.686563855268526,464.19625581097614,-17.20018273814802,464.77734375,-15.835742950439453
470.06045656473185,-7.179813088945355,465.65316591612043,-17.731935481841568,466.1974182128906,-16.428863525390625
471.4466952532543,-7.673111447955602,467.11607406842734,-18.245267306799303,467.6212158203125,-17.012086868286133
472.8308940303414,-8.165744094513531,468.5702538394423,-18.77684489053628,469.0487060546875,-17.585262298583984
474.21410251142703,-8.658309884273727,470.03157182073363,-19.287855733686442,470.47991943359375,-18.148418426513672
475.60639124428474,-9.15464895842859,471.48287862453293,-19.81823040077136,471.91412353515625,-18.703012466430664
477.00702722151266,-9.654362913790555,472.9409620718592,-20.32605545157476,473.3507995605469,-19.25040626525879
478.4108261735756,-10.155207948683781,474.38964256723744,-20.855517780164305,474.7896423339844,-19.79112434387207
479.82267826117317,-10.659046102154194,475.8459629507256,-21.36060974872647,476.2302551269531,-20.326457977294922
481.23381252175693,-11.162521769565819,477.2936287310905,-21.887836959525657,477.6725769042969,-20.856327056884766
482.64988208447085,-11.66773837086292,478.7488787538362,-22.39165462721904,479.1163330078125,-21.38151741027832
484.07291918346795,-12.17541599593393,480.1952858601371,-22.91658394841183,480.5611572265625,-21.903108596801758
485.49540523527736,-12.682730257423875,481.6492289683086,-23.419552707595113,482.0069274902344,-22.421016693115234
486.91896595487293,-13.19032774330206,483.0965831098046,-23.94201475321494,483.4543762207031,-22.935606002807617
488.3429265560955,-13.697930282720705,484.5459317495007,-24.46497595869284,484.9048767089844,-23.447124481201172
489.7709144833204,-14.206828636029595,486.0049671460708,-24.96776700829438,486.3590393066406,-23.956029891967773
491.2042755002132,-14.71748104431493,487.4598563063513,-25.49139310502226,487.81732177734375,-24.462848663330078
492.6429326784842,-15.229823122517706,488.92449997486034,-25.997391929326014,489.2799987792969,-24.96796417236328
494.0852793754881,-15.743296641338864,490.3863889623311,-26.52394340043479,490.74749755859375,-25.47146987915039
495.5541871417098,-16.19959862608875,491.85803452685076,-27.036564632597678,492.2204895019531,-25.973861694335938
497.00166068168784,-16.72082628542436,493.32916019465034,-27.569409621540938,493.69976806640625,-26.474632263183594
498.4561641242695,-17.244413327966058,494.80548628410145,-28.105779334065005,495.18585205078125,-26.97412872314453
499.9293436229064,-17.774241166098605,496.2958272700236,-28.61674417691067,496.67864990234375,-27.47439193725586
501.4138110305765,-18.307726890987638,497.78300886789896,-29.158601755373446,498.1786193847656,-27.976295471191406
502.82502794491205,-18.814730763332737,499.2077566933834,-29.63331679859901,499.60260009765625,-28.45241355895996
504.24454081607723,-19.324515943715827,500.62755336104544,-30.146707850124262,501.033935546875,-28.93079376220703
505.6659771884089,-19.83509138610973,502.07687149236153,-30.600440121566994,502.4735107421875,-29.41073989868164
507.09348434356485,-20.347712263643547,503.5251320355933,-31.084534767235297,503.9214782714844,-29.8919677734375
508.5328873644757,-20.864269298727134,504.99578237745544,-31.527986332288787,505.378173828125,-30.375146865844727
509.98559548436464,-21.38525081312248,506.46565264163826,-32.00022634229212,506.8434143066406,-30.86102294921875
511.4524254420058,-21.910942746229196,507.9570081592907,-32.43488165818598,508.3171691894531,-31.350515365600586
512.922296564262,-22.44068889997662,509.45181772886207,-32.89105671508276,509.7998962402344,-31.84291648864746
514.4001011483223,-22.97343792476829,510.96297189088943,-33.328185846515936,511.2916259765625,-32.338077545166016
515.884372526039,-23.508475651082367,512.4792257911901,-33.78122046176571,512.7926635742188,-32.83563232421875
517.3777749598029,-24.044714595847406,514.0055696714404,-34.23390745908175,514.3029174804688,-33.33546447753906
518.7903733682016,-24.553140373346885,515.4452301992296,-34.67782268269094,515.732666015625,-33.80784606933594
520.2117257673331,-25.06258774462017,516.895505493553,-35.11633066245951,517.170654296875,-34.28216552734375
521.6410194363583,-25.5749722900335,518.349341288828,-35.570008553022845,518.6166381835938,-34.75837326049805
523.0803862096102,-26.091704133755165,519.8110364869314,-36.02499327386836,520.0704345703125,-35.23686218261719
524.5265238632816,-26.60922151326573,521.2754947781514,-36.49836186874534,521.5322265625,-35.71742248535156
525.9841075400469,-27.13109779075203,522.7503465206854,-36.964194465622484,523.00146484375,-36.20060348510742
527.4471326762207,-27.652993726930845,524.2259591514107,-37.45387529494465,524.4783325195312,-36.68599319458008
528.9017076218043,-28.17135562263682,525.7172892376567,-37.925645707722765,525.9636840820312,-37.17090606689453
530.3572099589514,-28.693221283512948,527.21284099361,-38.411079120528946,527.4577026367188,-37.654319763183594
531.821817772535,-29.216552275795188,528.7146095977715,-38.902961249811725,528.9605102539062,-38.136390686035156
533.3085787157381,-29.74825188161498,530.2177136234842,-39.41034453294365,530.470703125,-38.6194953918457
534.8118253995448,-30.283449924676525,531.7196412495647,-39.94389338298711,531.9880981445312,-39.105194091796875
536.2233033222574,-30.785059668139567,533.1326905947078,-40.45300322874649,533.41748046875,-39.5621337890625
537.6382116852559,-31.288768198697408,534.5474414789707,-40.97937389911276,534.8533935546875,-40.020111083984375
539.0600225553574,-31.79415250965541,535.9734369804215,-41.49172824830825,536.2957153320312,-40.47917938232422
540.4890287800914,-32.30169159903711,537.4020472005666,-42.01687809952087,537.744384765625,-40.939491271972656
541.9246472334808,-32.810019751488745,538.8396176678668,-42.53500348246213,539.1993408203125,-41.40104293823242
543.3634166917321,-33.322446229190916,540.2801902773858,-43.06504998391278,540.6604614257812,-41.863441467285156
544.8108643066118,-33.83529751900429,541.7293704650465,-43.58833277565346,542.1278686523438,-42.32707214355469
546.2622739351438,-34.35291346771716,543.1814606713247,-44.12296219768318,543.6012573242188,-42.79167938232422
547.71845379756,-34.87219574188358,544.6422079949743,-44.65139376174798,545.080810546875,-43.257102966308594
549.1813322291968,-35.39375688720396,546.1062726881431,-45.189680243765594,546.5665283203125,-43.723487854003906
550.6524037199337,-35.918037714495085,547.5778772603338,-45.72193690902994,548.0579223632812,-44.191192626953125
552.1296132346453,-36.43965588269434,549.053605429183,-46.26166010993707,549.55517578125,-44.66009521484375
553.6091337367404,-36.96760009944053,550.5354879148673,-46.802467990874604,551.0582275390625,-45.12983703613281
555.0928227250572,-37.49706138929659,552.0245942094876,-47.34103483017958,552.5671997070312,-45.600162506103516
556.5808181619044,-38.02803922607183,553.5181205201079,-47.88634161685555,554.0821533203125,-46.07081604003906
558.0753596591754,-38.56124419637859,555.0182880058603,-48.4292587232512,555.6029663085938,-46.54195785522461
559.5754967344369,-39.09643459254644,556.5227167115194,-48.977925617995716,557.1295776367188,-47.013587951660156
561.0813065034326,-39.633605558000625,558.032336927203,-49.5288135227406,558.661865234375,-47.48572540283203
562.4903651736295,-40.136296262717295,559.447511557133,-50.04115545318164,560.0971069335938,-47.92664337158203
563.9072762614629,-40.627630667618625,560.8664601218145,-50.558990627955886,561.5374145507812,-48.36764144897461
565.3227831761316,-41.13568070981211,562.291278632817,-51.075342650948556,562.982666015625,-48.80842971801758
566.7418363976444,-41.645033647670644,563.7200760184838,-51.59718327828871,564.43310546875,-49.24882507324219
568.1634642559098,-42.15539045264271,565.1556060894247,-52.11592353894687,565.888671875,-49.68837356567383
569.5863071202785,-42.66640351491263,566.596061320503,-52.63968809693069,567.349609375,-50.126399993896484
571.0107459537605,-43.17812899313725,568.0439466045833,-53.15883151790739,568.8157958984375,-50.56222915649414
572.4413609105605,-43.68728142269815,569.4958156577866,-53.68281386072448,570.28759765625,-50.995948791503906
573.8767839125024,-44.207775553718875,570.9523865020087,-54.204419621528984,571.7645874023438,-51.42802429199219
575.3166886888863,-44.730599468638275,572.4124181840159,-54.73034249104453,573.2465209960938,-51.858428955078125
576.7638125275945,-45.25192835116588,573.8774558057104,-55.25530338671825,574.7337646484375,-52.28755569458008
578.2180618070593,-45.77494721755566,575.3446487106622,-55.78458001228056,576.2255859375,-52.71580505371094
579.6792748078897,-46.30095819263802,576.8159161908783,-56.31216124854497,577.7221069335938,-53.14383316040039
581.1472859506922,-46.82855643046457,578.2894186077153,-56.84392137718605,579.2230224609375,-53.57211685180664
582.6207215185275,-47.358723102871856,579.7669540691115,-57.37376637171317,580.72802734375,-54.0009651184082
584.0979399389616,-47.88931625705434,581.2480440486082,-57.90865756242073,582.2374267578125,-54.4302978515625
585.5791104609909,-48.42277169164068,582.7339846703775,-58.440555653307776,583.7508544921875,-54.86012268066406
587.0653004286745,-48.95796872806951,584.2224734681739,-58.97737232450421,585.2684936523438,-55.29072570800781
588.5553437355518,-49.49402616350166,585.7162116329865,-59.51045669816642,586.7900390625,-55.72200393676758
590.0493240797402,-50.03294623106572,587.2135507168726,-60.044750865162996,588.3155517578125,-56.15409469604492
591.5486500211547,-50.573286324025545,588.7131321970941,-60.58207129954487,589.8448486328125,-56.58734893798828
593.0508342511508,-51.11538908770395,590.2175746862563,-61.11822675355039,591.3779296875,-57.02158737182617
594.5564921398314,-51.65851459879738,591.7255204602427,-61.657437776639206,592.9148559570312,-57.45673370361328
596.0679719756788,-52.20368008850655,593.2359247945932,-62.19633456756906,594.4554443359375,-57.89335632324219
597.5815563307428,-52.74939274567034,594.7503043730801,-62.7387195164442,595.9995727539062,-58.33100509643555
599.0989795736875,-53.2966577225048,596.2685090390413,-63.280410659475514,597.5473022460938,-58.769798278808594
600.6188497078465,-53.844946112007044,597.790650225079,-63.82537729121415,599.0986938476562,-59.20942306518555
602.0346181880108,-54.35495296130259,599.2064513838629,-64.3305219388051,600.5422973632812,-59.61869812011719
603.4535346644033,-54.8661604938312,600.6246877476631,-64.8379392253427,601.9888916015625,-60.029075622558594
604.8753127807673,-55.37807120894273,602.0461411427606,-65.34487252373178,603.4382934570312,-60.44050216674805
606.2995079675335,-55.89083586253074,603.4705883235895,-65.85374971120727,604.8905639648438,-60.852867126464844
607.7264074687486,-56.40468387653536,604.8984481721419,-66.36280101236036,606.3458251953125,-61.26613998413086
609.1564694334918,-56.91907636140571,606.3283280089144,-66.8727756220311,607.8036499023438,-61.68035125732422
610.5892112049983,-57.43461395275948,607.7613269080236,-67.38367845058079,609.264404296875,-62.095550537109375
612.0250437678301,-57.950940712939264,609.1966402493699,-67.89536620388816,610.7278442382812,-62.511783599853516
613.4627180435075,-58.46805116629535,610.6352219985935,-68.40770190778953,612.1937866210938,-62.928794860839844
614.903587791939,-58.98616634415831,612.0759120159867,-68.92167440647188,613.6625366210938,-63.346805572509766
616.3465029099129,-59.50494384057809,613.5194565201429,-69.43671540559347,615.1337280273438,-63.76557540893555
617.7915596046014,-60.02454552644188,614.9663990395097,-69.95275624034005,616.607666015625,-64.18499755859375
619.2396931266987,-60.54532049118374,616.4152204371784,-70.46956199803749,618.084228515625,-64.60523223876953
620.6891980365893,-61.066808279591434,617.8669785768122,-70.98698364387447,619.5628662109375,-65.02589416503906
622.1404304807513,-61.58856451072452,619.3187332307023,-71.50446278179413,621.04248046875,-65.44693756103516
623.5901023599648,-62.11027079724501,620.7674660324002,-72.02048527571881,622.5198974609375,-65.86773681640625
625.0348816261211,-62.62958383847946,622.2091711921354,-72.53448954975734,623.9913330078125,-66.28751373291016
626.4713489560878,-63.146552678499575,623.6426442991338,-73.04508317068391,625.4542846679688,-66.70558166503906
627.9004303701485,-63.66032939150601,625.0672097817666,-73.55270894473652,626.908935546875,-67.12220001220703
629.3223131654588,-64.17138596831472,626.481694578649,-74.05620667006583,628.3549194335938,-67.53773498535156
630.8435347575391,-64.7193362057332,627.9974904666848,-74.59637168803329,629.9028930664062,-67.98377990722656
632.3568322132412,-65.26305317245371,629.5012709839939,-75.1316001884109,631.4407958984375,-68.42878723144531
633.8606259362383,-65.80463785169344,630.9958642575109,-75.66464708776124,632.9691772460938,-68.87284851074219
635.3551352233063,-66.34140537192206,632.4819712700065,-76.19406345748361,634.48779296875,-69.3156967163086
636.8413102762736,-66.8761811007119,633.9564253900456,-76.7199474442646,635.9967651367188,-69.75792694091797
638.3190650443839,-67.40718118027209,635.4207194988567,-77.24215832926905,637.49609375,-70.19977569580078
639.7873929961428,-67.93534169522742,636.8766970083786,-77.76080874259135,638.98583984375,-70.64109802246094
641.2470337507987,-68.46107505463391,638.3220778398481,-78.27487482337999,640.4658203125,-71.08219909667969
642.6988158041561,-68.9851869387866,639.7543042138306,-78.78534171697105,641.93603515625,-71.52393341064453
644.1412617207527,-69.50520464160532,641.1802011308235,-79.29229019394181,643.3967895507812,-71.96588134765625
645.5746848683365,-70.02192299670581,642.5979691035607,-79.79727504346808,644.84814453125,-72.4078369140625
646.9989268455537,-70.53764707032644,644.0068623191239,-80.29791555088778,646.2901000976562,-72.8498764038086
648.5151571330175,-71.0842342146425,645.509050110879,-80.8328064677731,647.8247680664062,-73.32311248779297
650.0206121948117,-71.6293341277556,647.0023335124456,-81.36337180463462,649.348876953125,-73.79570007324219
651.5169101269678,-72.16824129716221,648.4879913168733,-81.89111771046659,650.8629760742188,-74.26737976074219
653.002949288229,-72.70603857139793,649.9634997333063,-82.41635600979222,652.3668823242188,-74.73812103271484
654.4800141302139,-73.23764927942678,651.4300912597328,-82.93731463934677,653.8605346679688,-75.20777893066406
655.9463772355123,-73.77058172822328,652.886363449204,-83.45465758191935,655.3441162109375,-75.67656707763672
657.406291150462,-74.29205387475561,654.3304377380755,-83.96913030842082,656.8173828125,-76.14484405517578
658.8535564227009,-74.82112740767957,655.7654229477106,-84.47925515733526,658.2807006835938,-76.61273193359375
660.297239830182,-75.32684323610637,657.1938338614334,-84.98787918365745,659.7341918945312,-77.07963562011719
661.7292892759456,-75.83604940683931,658.6155610861762,-85.49254563985548,661.1781616210938,-77.54524230957031
663.1557176027688,-76.33151103238019,660.0275868858332,-85.99537221235343,662.612548828125,-78.0095443725586
664.6660466612559,-76.86004520300618,661.5245548540644,-86.52692058263385,664.1320190429688,-78.50333404541016
666.1674190646053,-77.38291645701733,663.0080296381848,-87.05534538400838,665.6405029296875,-78.99606323242188
667.6567234269331,-77.90630942979507,664.4863122002047,-87.58026346242987,667.138671875,-79.48705291748047
669.137793484409,-78.4225834704819,665.9514995124233,-88.10040288810436,668.6260986328125,-79.97676849365234
670.6079103666456,-78.94046725007465,667.405555581673,-88.6184106841465,670.103271484375,-80.4655532836914
672.0672709443686,-79.45508739842741,668.8541039723997,-89.13254187978312,671.570068359375,-80.95256805419922
673.518597620899,-79.96315293403981,670.2910780371844,-89.64464691554633,673.02685546875,-81.43821716308594
674.9599814545621,-80.4677292366859,671.7190383012241,-90.15193955188042,674.4732055664062,-81.92225646972656
676.3907312707971,-80.9744104153825,673.1340292179859,-90.65661714697353,675.909423828125,-82.40534210205078
677.8219356026462,-81.4486883179551,674.5398570536482,-91.15666886007477,677.3355102539062,-82.8874740600586
679.3195704658082,-81.98793120312664,676.020477624982,-91.68334490841242,678.83935546875,-83.3991928100586
680.8209420730843,-82.48138978959601,677.4942018907896,-92.21135166052355,680.3325805664062,-83.90973663330078
682.2676980620598,-83.09540754828232,678.9656802273992,-92.73697012835538,681.81494140625,-84.41741180419922
683.7032337092252,-83.71028986468002,680.4243670392649,-93.26015052671941,683.2869262695312,-84.92280578613281
685.106270891706,-84.3850666624238,681.8713430645981,-93.77810601847224,684.747802734375,-85.4259262084961
686.5493978567006,-84.90995100710194,683.3091860617841,-94.29280521954273,686.1982421875,-85.92681121826172
687.9745551030368,-85.45468958598823,684.7366181096236,-94.8050091233115,687.6383666992188,-86.4255142211914
689.4039997438264,-85.9538520346484,686.1583175264307,-95.31380034674686,689.0684814453125,-86.92142486572266
690.8226249373265,-86.4528999143159,687.5699768844677,-95.82039748282607,690.4887084960938,-87.41456604003906
692.3121031072816,-86.98321777765672,689.0558080243383,-96.35207947880869,691.9818115234375,-87.93351745605469
693.7880290916578,-87.51853342787255,690.5299756334558,-96.88092549849911,693.464111328125,-88.44934844970703
695.2564754298053,-88.04060711205747,691.99425771294,-97.40431635023283,694.9354858398438,-88.96195983886719
696.7118166015854,-88.5668991707466,693.4469112850163,-97.92612169371502,696.396240234375,-89.4715347290039
698.160412013742,-89.0798520012792,694.8878248639204,-98.44197915808253,697.8463134765625,-89.9784164428711
699.5956333341685,-89.5976030263252,696.320210031731,-98.9564371020509,699.2860107421875,-90.48228454589844
701.023857445887,-90.10263775913205,697.7430371221701,-99.46561498129955,700.71533203125,-90.98312377929688
702.4388439188752,-90.61274293945974,699.1552316172347,-99.97269374576706,702.13427734375,-91.48091125488281
703.9250670676054,-91.13845552959849,700.6336249021691,-100.50171956062889,703.6209716796875,-92.00352478027344
705.3976429769635,-91.66998641265558,702.095055921674,-101.0266147232677,705.0961303710938,-92.52420806884766
706.8632016905837,-92.18760300340304,703.5454906952566,-101.54547952089,706.5598754882812,-93.04315948486328
708.3147982175412,-92.71074520563657,704.9802749498141,-102.06185807232657,708.0116577148438,-93.56085205078125
709.7596284413307,-93.21982960943487,706.4049469594854,-102.57308565067557,709.4520263671875,-94.07746124267578
711.1918729685793,-93.73321129561795,707.8135023433705,-103.0776746603758,710.8806762695312,-94.5939712524414
712.6141476457644,-94.24182935929846,709.210231680217,-103.58042242485624,712.2975463867188,-95.11042022705078
714.1027815544815,-94.76673726754008,710.6712320993835,-104.10479793471781,713.7767333984375,-95.65399169921875
715.5785240118596,-95.29438336185136,712.1148901374354,-104.62368906700557,715.242919921875,-96.19833374023438
717.0448010694541,-95.8131147836379,713.5496923927681,-105.13771228510265,716.6962280273438,-96.74307250976562
718.4979726300841,-96.3342287484993,714.9731726004425,-105.64793969663121,718.1369018554688,-97.28829956054688
719.940352636976,-96.85125662105854,716.3853824350601,-106.15514194395392,719.5648803710938,-97.83392333984375
721.3735491748114,-97.36390203504537,717.7830719010519,-106.65541746140174,720.9805297851562,-98.38096618652344
722.7966982508626,-97.876359959201,719.1573557654634,-107.14740559197213,722.382568359375,-98.93133544921875
724.2810310494739,-98.41192056485531,720.5817356835917,-107.65469051489029,723.8397216796875,-99.51454162597656
725.756005741885,-98.94742473810173,721.9795334853488,-108.15299316191178,725.2808227539062,-100.1057357788086
727.2227140796219,-99.48226511515189,723.3505076585406,-108.63808969028976,726.7044067382812,-100.70780181884766
728.6796214723855,-100.01738313606066,724.7056316494042,-109.11738419233943,728.1100463867188,-101.32164764404297
730.1283138689695,-100.55048219364072,726.0479198088867,-109.58842382155748,729.4973754882812,-101.94799041748047
731.5667735174014,-101.08359331825402,727.3843873654197,-110.05815837330574,730.8665771484375,-102.58607482910156
733.0644621245432,-101.63992873377101,728.7814572562355,-110.54559891070805,732.2820434570312,-103.26681518554688
734.5484263232573,-102.20551163448164,730.1699110412986,-111.02590040955549,733.6776733398438,-103.9596176147461
736.0268508724087,-102.76613397538821,731.5458197063879,-111.50773667065137,735.0535278320312,-104.6648941040039
737.4892096236357,-103.34697739412773,732.9091727928546,-111.98007147064345,736.4086303710938,-105.38380432128906
738.9439897464604,-103.93014255400993,734.2704831389799,-112.43795326047096,737.7428588867188,-106.1167221069336
740.3907072843297,-104.51699038993985,735.6109768497805,-112.9280113754721,739.0571899414062,-106.86361694335938
741.8092950308276,-105.14881239795828,736.9561846747989,-113.39450243225953,740.3516235351562,-107.62547302246094
743.292616103963,-105.80220471423394,738.3337251067213,-113.9323885877989,741.6846313476562,-108.43852233886719
744.7607702072312,-106.47625235821691,739.7249389092066,-114.45323815994307,742.9984130859375,-109.26790618896484
746.1895998287397,-107.21501880078883,741.0768291691228,-115.03051259578687,744.292724609375,-110.1146240234375
747.6235725136737,-107.94247061791775,742.4413540544375,-115.59429820797472,745.5676879882812,-110.97809600830078
749.0293456948203,-108.71917793987312,743.7535576085322,-116.22399025963546,746.8216552734375,-111.859619140625
750.4304591174036,-109.49587408918353,745.0753398161996,-116.85184667709464,748.0556640625,-112.75797271728516
751.822380802666,-110.28436746010094,746.396839972209,-117.48462636816036,749.2693481445312,-113.6725082397461
753.1710149378744,-111.12541012934803,747.6388604181211,-118.23425273179222,750.46484375,-114.60285186767578
754.522983855827,-111.96061902760954,748.9139246519674,-118.95117979672824,751.6438598632812,-115.54886627197266
755.8463555347195,-112.83509777364593,750.1284289370938,-119.7544126778378,752.8084716796875,-116.51126861572266
757.1705880071395,-113.71994549820293,751.3680208558914,-120.53663418569121,753.9600830078125,-117.4915542602539
758.4961705181779,-114.62091140974526,752.5573311041798,-121.38707483631353,755.0990600585938,-118.49126434326172
759.7934157449419,-115.56539048652198,753.7675686581076,-122.23081130882207,756.2266845703125,-119.51068878173828
761.1016219736706,-116.51611259152412,754.9397322248484,-123.13023951679389,757.3429565429688,-120.5506362915039
762.4127257942151,-117.48641688251078,756.1213583516337,-124.03085386016035,758.4468383789062,-121.61183166503906
763.6868763712129,-118.51616134261097,757.3057532687354,-124.9430391841133,759.5377807617188,-122.69500732421875
764.9780604731296,-119.55018292857409,758.4356374939847,-125.92330022714629,760.61474609375,-123.80058288574219
766.2653826279982,-120.60647147407114,759.5909232696433,-126.89424248538319,761.6774291992188,-124.92861938476562
767.4938465442723,-121.72767223328792,760.7041169284182,-127.92376576451606,762.7265014648438,-126.07820129394531
768.7399974249113,-122.85360611348962,761.8325003208485,-128.95258146193092,763.760986328125,-127.24982452392578
769.9265701241005,-123.95734309099294,762.8732168910684,-129.9827766653791,764.7361450195312,-128.39134216308594
771.0444301230948,-125.13024965417551,763.922083980031,-131.02113414142232,765.697021484375,-129.55308532714844
772.1807792196216,-126.30566219816099,764.9706863501852,-132.07276873348093,766.6427001953125,-130.73538208007812
773.2995332406784,-127.50484620680493,765.9496341833443,-133.1946934362338,767.5734252929688,-131.93765258789062
774.3484256413776,-128.7858747273654,766.9574341478923,-134.30278087202436,768.4867553710938,-133.16123962402344
775.4138521460205,-130.07074956569753,767.896351389056,-135.47362787811437,769.3815307617188,-134.40621948242188
776.4582014909465,-131.38271660322198,768.853953732332,-136.6435446021324,770.257568359375,-135.6724853515625
777.4260074894526,-132.76515515648836,769.7543214501902,-137.86324916148692,771.11328125,-136.96017456054688
778.4024210101558,-134.14119741582468,770.661051057843,-139.09253873315382,771.9498901367188,-138.26820373535156
779.3501872098759,-135.54823569821906,771.5578101082953,-140.33957806715125,772.7665405273438,-139.5963592529297
780.2196175533059,-137.00912374084513,772.371702148976,-141.6485516706116,773.5632934570312,-140.94412231445312
781.0635455309293,-138.41481184544492,773.1715180585322,-142.89137739811315,774.3035888671875,-142.24923706054688
781.8850468445257,-139.83539725489288,773.9031928285622,-144.1826578534442,775.0241088867188,-143.57215881347656
782.6409634945346,-141.30462622176543,774.6459043734858,-145.47494864040186,775.7234497070312,-144.9128875732422
783.4017408052763,-142.7708021969041,775.3767237039385,-146.78358129632565,776.4024047851562,-146.2707061767578
784.1476354274836,-144.25801485786332,776.0272955369567,-148.13893640632463,777.0595092773438,-147.64561462402344
784.8306798226671,-145.77892849607477,776.7092814057771,-149.48730357609548,777.6949462890625,-149.0372314453125
785.524126419224,-147.30404045729054,777.316231546106,-150.8769212538423,778.307861328125,-150.4452667236328
786.1724857922729,-148.85196037049988,777.9380684964809,-152.26756962793704,778.8984985351562,-151.8691864013672
786.8139263466611,-150.41490736105783,778.5438641855095,-153.67069785375222,779.4649658203125,-153.30807495117188
787.4350232506898,-151.99199721786673,779.060753795888,-155.1125391050497,780.006103515625,-154.76026916503906
788.0080589944334,-153.59068532141046,779.6077147399553,-156.54621450845752,780.5213623046875,-156.22476196289062
788.5702036380603,-155.1953102205878,780.0776441736083,-158.010127531609,781.0106201171875,-157.70089721679688
789.1117023562099,-156.81135207640975,780.5617178852382,-159.47164747342538,781.4733276367188,-159.18800354003906
789.59537586118,-158.4551446895602,781.0279306809065,-160.9410427551937,781.9078979492188,-160.6857147216797
790.0656293129647,-160.10857063594386,781.3875250210658,-162.4426832623433,782.3134765625,-162.19363403320312
790.5104973557915,-161.7811698371473,781.7735347174361,-163.9370391719665,782.68798828125,-163.71139526367188
790.9233462629508,-163.46502247541093,782.0777590886019,-165.45233795607098,783.031005859375,-165.23817443847656
791.243434450008,-165.1672208241144,782.390754786251,-166.96688291330634,783.3430786132812,-166.77328491210938
791.5656056351098,-166.86868521564304,782.6852990422578,-168.4870235474271,783.6242065429688,-168.31591796875
791.8448075208117,-168.5682994746488,782.8797745490215,-170.02714841765487,783.8762817382812,-169.864990234375
792.0401939029416,-170.2810728745397,783.0981226334031,-171.56357585443894,784.0993041992188,-171.41998291015625
792.2297763348556,-171.9991579430023,783.2368418146976,-173.11076478388318,784.2921752929688,-172.98031616210938
792.3888427847927,-173.7098822923075,783.3806295531878,-174.65876240846714,784.45703125,-174.54537963867188
792.4727238405644,-175.35127726226133,783.500370811288,-176.13474006161982,784.5875244140625,-176.03981018066406
792.550049581293,-176.99172745995696,783.5377743587374,-177.61758245656358,784.6915283203125,-177.53746032714844
792.6023327335316,-178.63529296651367,783.5988320075959,-179.09818470829572,784.7686767578125,-179.0380401611328
792.5837943750146,-180.2830667677332,783.5873341715806,-180.58191668281495,784.818603515625,-180.541015625
792.5632471507024,-181.91428032429775,783.585932893533,-182.06755043337742,784.8442993164062,-182.0460662841797
792.5211900548597,-183.55633635891454,783.5725672816375,-183.55162235875036,784.843505859375,-183.5522918701172
792.4061049855229,-185.18810692283992,783.4600172629716,-185.0366932018201,784.8179931640625,-185.05967712402344
792.2957534129923,-186.82937752564231,783.3792035381235,-186.519346505909,784.7655639648438,-186.5675506591797
792.1627622524375,-188.4596737563177,783.2102749212081,-187.99945684028205,784.6880493164062,-188.07542419433594
791.9516125979497,-190.08796852819842,783.0586110466672,-189.47843838735972,784.584716796875,-189.58303833007812
791.7519988789368,-191.72302696259936,782.8336121139898,-190.94857566085463,784.4539184570312,-191.0892791748047
791.490600193193,-193.3395351391731,782.6100956865397,-192.41932225786155,784.2979736328125,-192.59422302246094
791.2202269861687,-194.96385057520666,782.3735363217751,-193.88261935628563,784.114501953125,-194.09539794921875
790.9292988975828,-196.5651042482891,782.0343159764785,-195.3302700432892,783.906982421875,-195.59024047851562
790.5846418163653,-198.1568505224318,781.7275151928914,-196.7681548326576,783.6744384765625,-197.0734100341797
790.2247792093898,-199.803809313208,781.3161025093551,-198.24953330302864,783.4056396484375,-198.6140899658203
789.8481215062324,-201.42583669933535,780.9192232726057,-199.71818010657614,783.1141967773438,-200.13796997070312
789.3975847844868,-203.02917946018732,780.5166059216664,-201.16531474686937,782.798095703125,-201.64413452148438
788.954056956027,-204.61402876012477,779.9912944523637,-202.5698706002291,782.4586181640625,-203.13259887695312
788.4963102468093,-206.17287486403126,779.5142728264983,-203.97035580442002,782.0978393554688,-204.6038818359375
787.9493803512886,-207.70304449923825,778.9399811695399,-205.3241815887946,781.7142333984375,-206.05670166015625
787.393495392936,-209.27558912054062,778.3704772140616,-206.7390785705404,781.2915649414062,-207.56024169921875
786.8164910870952,-210.83771001434957,777.7210947686762,-208.1049281449368,780.8458251953125,-209.0437774658203
786.1559283267657,-212.34153341768734,777.0862441141667,-209.46250257243025,780.3809204101562,-210.5083465576172
785.508948753741,-213.83720306376054,776.4043127322576,-210.78168767639275,779.8959350585938,-211.95347595214844
784.8154937188076,-215.30312049004246,775.7294627004848,-212.07994248088733,779.390380859375,-213.3786163330078
784.125642038291,-216.74412975418167,775.0455232513622,-213.36092497256138,778.8665161132812,-214.78460693359375
783.3969992990525,-218.23108352156908,774.2909775261098,-214.66275757134147,778.298828125,-216.23329162597656
782.636686032571,-219.6831233934787,773.5517478083918,-215.9525237875511,777.7125244140625,-217.6610870361328
781.8855204988492,-221.11833632444572,772.7975765700305,-217.2176740147595,777.108642578125,-219.0680389404297
781.1299259640307,-222.53127790260413,772.0530474721636,-218.47042979294415,776.48828125,-220.45468139648438
780.3534620348446,-223.90565908356345,771.3031776029892,-219.71420350534916,775.8549194335938,-221.82225036621094
779.557903130263,-225.32082325985948,770.5241835729695,-221.00425259506014,775.1822509765625,-223.23001098632812
778.7524616208715,-226.70502342680192,769.7496183367339,-222.28945565352265,774.5006713867188,-224.6196746826172
777.9585452781312,-228.06616988047588,768.9785285510202,-223.57401602847585,773.8137817382812,-225.9927978515625
777.1710401601372,-229.40275825918954,768.20852443502,-224.85827632362395,773.125,-227.3511962890625
776.3916986605726,-230.71902090156965,767.445623184883,-226.1443797050557,772.4369506835938,-228.6967315673828
775.5899280447347,-232.0711836107158,766.6543834877224,-227.48293395450364,771.7236328125,-230.08590698242188
774.8010570310246,-233.40874807025207,765.8675667000573,-228.81950777313082,771.015625,-231.46412658691406
774.0231983164566,-234.72851556555213,765.0864811962555,-230.1611876126814,770.315673828125,-232.8336944580078
773.2507644709646,-236.02898408097846,764.3029062994908,-231.50938070718402,769.6264038085938,-234.19830322265625
772.5038348353136,-237.3252541156667,763.5194573716874,-232.86615460567754,768.9498901367188,-235.56137084960938
771.7549133806604,-238.6078384976628,762.7457111737729,-234.23989909199705,768.287841796875,-236.92689514160156
771.0335445199277,-239.89603875897987,761.9620897023627,-235.621274328971,767.641845703125,-238.29776000976562
770.3108880018394,-241.17735451950546,761.1974828815083,-237.02888345640855,767.01416015625,-239.67666625976562
769.6187452409622,-242.47079555291077,760.4285701420883,-238.45414766480798,766.4065551757812,-241.06687927246094
768.9304347138105,-243.76721651683928,759.6621858213631,-239.90105400001454,765.8211669921875,-242.47021484375
768.241171084168,-245.06844789818643,758.9451663136202,-241.38869598828168,765.2598266601562,-243.8883056640625
767.6165280159432,-246.4023794779048,758.2202708127403,-242.89320627251172,764.7243041992188,-245.32223510742188
766.9660066862324,-247.74093024784358,757.5207024111248,-244.41640260476834,764.2139282226562,-246.7722625732422
766.391428300398,-249.12014882854598,756.8966233072904,-245.97714726311818,763.728515625,-248.23866271972656
765.811199777038,-250.51061912753093,756.2690522463074,-247.54791840271122,763.2682495117188,-249.7210693359375
765.2442676698497,-251.91831966748316,755.6687659981832,-249.14262541050817,762.8338623046875,-251.2196044921875
764.7863730934941,-253.304790378638,755.1633256822626,-250.71181353706405,762.4421997070312,-252.6731414794922
764.3030989833786,-254.69697696688092,754.6539210515191,-252.28917054362284,762.0758666992188,-254.14120483398438
763.89009430744,-256.1170865253283,754.1642323401832,-253.8885289024358,761.7362060546875,-255.62355041503906
763.4701527868923,-257.54355526783337,753.7500014593046,-255.5308151766346,761.42626953125,-257.1203308105469
763.0971900613803,-258.99101320588073,753.3319057488404,-257.18900473309066,761.1474609375,-258.6312255859375
762.7314355003994,-260.45358348225136,752.944554619138,-258.86389599011034,760.8997802734375,-260.15606689453125
762.3724393904666,-261.9359749525118,752.6393315181895,-260.5460550940722,760.6801147460938,-261.6943054199219
762.1139241714451,-263.4482836130466,752.3386862478055,-262.232435044305,760.4871215820312,-263.2459411621094
761.8518938894003,-264.9082943585505,752.0776904045023,-263.8661369415017,760.3272094726562,-264.7457275390625
761.6603297843177,-266.38904811745505,751.8827407392445,-265.5183071097893,760.1925048828125,-266.2583312988281
761.4747905607771,-267.8825362210948,751.6886365366845,-267.1887826232915,760.0843505859375,-267.7839660644531
761.3154305434872,-269.39353258661544,751.5157783032784,-268.8660907188925,760.0015258789062,-269.32281494140625
761.2310688959028,-270.92175422787085,751.4062012382923,-270.5611979895657,759.944580078125,-270.8745422363281
761.1417991292399,-272.4633456634233,751.2998217431141,-272.2675083419928,759.9134521484375,-272.43890380859375
761.0948462783062,-273.949108868927,751.211921897201,-273.92990746153623,759.9105224609375,-273.9468078613281
761.0549798953415,-275.44990654194197,751.19361350415,-275.5893850234665,759.9320068359375,-275.4657897949219
761.029520196704,-276.9620889553352,751.1795996297768,-277.27571435632905,759.980712890625,-276.9954833984375
761.0738121210316,-278.48718421894534,751.1962758052101,-278.9584190616069,760.05419921875,-278.53582763671875
761.1086858360071,-280.0241382529708,751.2941996163447,-280.66021047730646,760.1546630859375,-280.0859680175781
761.2111125215351,-281.56925344880307,751.4063730541702,-282.37800250175366,760.2833251953125,-281.6457824707031
761.3164361237289,-283.05391929711544,751.5523712614103,-284.03987888390566,760.4345092773438,-283.1429748535156
761.4485526404551,-284.5489960075587,751.7697177925238,-285.6947941996346,760.6126708984375,-284.64794921875
761.6768675858871,-286.04236457342284,752.0014873269398,-287.3703005056227,760.8201904296875,-286.1599426269531
761.8921208832131,-287.54876824243127,752.262196949965,-289.0464296160718,761.056396484375,-287.6787414550781
762.1842092061471,-289.0540034815117,752.5886448555611,-290.7202427498336,761.3212280273438,-289.203857421875
762.4842512525674,-290.57037602853137,752.9250897201881,-292.37856234855707,761.6109619140625,-290.7355651855469
762.8133729388195,-292.09093245893604,753.2909497209852,-294.05105339279686,761.927490234375,-292.2732849121094
763.1955995807125,-293.5339794913512,753.6957491271727,-295.6426026791658,762.2537231445312,-293.7430419921875
763.5701422291025,-294.9872312619326,754.114680448876,-297.24202684263616,762.6052856445312,-295.2173156738281
764.0072046317357,-296.4346377253008,754.5568645320368,-298.8431578398742,762.9821166992188,-296.6958923339844
764.450391480463,-297.8878989067837,755.0591536811831,-300.44462708706914,763.3855590820312,-298.17779541015625
764.9121451627196,-299.3444348403763,755.5766613015551,-302.0553555834194,763.8167114257812,-299.66253662109375
765.461296703802,-300.78245136819544,756.123597007447,-303.67148673043715,764.276611328125,-301.14898681640625
766.0007496688769,-302.23065874680236,756.7018581994613,-305.2873059303979,764.765625,-302.63665771484375
766.6104618406987,-303.6630482149039,757.3686642170054,-306.8817883357965,765.2839965820312,-304.1250305175781
767.1953947298141,-305.02732309069296,758.000571714131,-308.40456757039664,765.80322265625,-305.5386657714844
767.7968257825441,-306.39283119567153,758.6616848632318,-309.9222322884098,766.3493041992188,-306.95208740234375
768.4901660328569,-307.7252753486298,759.4150794706717,-311.4182866925735,766.9234008789062,-308.36285400390625
769.163739887655,-309.068262221198,760.1693400833155,-312.9186005936375,767.5255737304688,-309.76953125
769.9138970286814,-310.37951251544445,760.953823681132,-314.40961304120594,768.1556396484375,-311.17034912109375
770.6573887454304,-311.69447351585137,761.8166128626264,-315.86481149139127,768.813232421875,-312.56439208984375
771.4657276411838,-312.97952654568064,762.679496051892,-317.3165633025394,769.4976806640625,-313.95098876953125
772.2814784129091,-314.2613613608106,763.5692740173816,-318.75147670661767,770.2083129882812,-315.329833984375
773.1104100100514,-315.5342291112778,764.5237583840373,-320.15800204237485,770.9459838867188,-316.6997375488281
774.0197549475491,-316.7656910113543,765.475342342944,-321.5548378202041,771.7089233398438,-318.0609130859375
774.915923358988,-318.00246148024786,766.4504901815612,-322.93781188941074,772.4970092773438,-319.4126892089844
775.8698543280527,-319.20609263916066,767.4708983054527,-324.28723956554444,773.3092041015625,-320.7552185058594
776.8259036442581,-320.4092145891798,768.4886934391556,-325.6301083936613,774.1441650390625,-322.08856201171875
777.7890220170123,-321.604993821502,769.5272257697711,-326.96222553465105,775.0023193359375,-323.4119873046875
778.8164298503139,-322.7578936577683,770.6161297593953,-328.2577905095818,775.8831176757812,-324.7252502441406
779.7714280428044,-323.8569007026057,771.6469737963523,-329.4891109537255,776.7386474609375,-325.9593505859375
780.7767154995131,-324.91562071735075,772.6885855579188,-330.71551786930047,777.6156616210938,-327.182373046875
781.7705321920141,-325.98013433280397,773.8102447053052,-331.881038975549,778.5139770507812,-328.3941955566406
782.8138871065833,-326.9998030772207,774.9237066244262,-333.05468428704825,779.4342041015625,-329.5933532714844
783.8535902670474,-328.02010313777265,776.0890199053036,-334.18167444358374,780.3757934570312,-330.7799072265625
784.8919113977516,-329.0365718488687,777.2625351908456,-335.2994629972315,781.3389282226562,-331.95318603515625
786.0313149682096,-329.964567394025,778.4533470888747,-336.39877008695083,782.323486328125,-333.1127624511719
787.1133272570013,-330.93665790918413,779.7007299840056,-337.44260181651254,783.328857421875,-334.25823974609375
788.3192203995468,-331.79522619342157,780.94965257542,-338.4761459748513,784.3544311523438,-335.3895263671875
789.4960389192903,-332.6778294704988,782.226850653051,-339.47312143371386,785.3994140625,-336.50738525390625
790.7413483876792,-333.48766918712965,783.5439012099727,-340.4254423561854,786.4634399414062,-337.6112365722656
791.9723830421103,-334.3052396126105,784.8557823352752,-341.37262289330573,787.5458374023438,-338.701171875
793.2356969394316,-335.07851343069075,786.1618238195302,-342.3206113554755,788.6467895507812,-339.77655029296875
794.4913126061227,-335.8493586312358,787.4934681016795,-343.2356925606387,789.7660522460938,-340.8369445800781
795.7607523759025,-336.59384949105396,788.8135068159588,-344.15750077562103,790.9036865234375,-341.8818664550781
797.0295631185426,-337.33556334814693,790.1608766973302,-345.0408518672488,792.0588989257812,-342.9116516113281
798.2905147138134,-338.0710521454876,791.5063220384823,-345.92228349535145,793.23193359375,-343.9252624511719
799.5496711266218,-338.79571877404555,792.8622494495252,-346.7867146564333,794.4228515625,-344.9219055175781
800.806364109565,-339.5185164213214,794.2029019726715,-347.6637325038374,795.6314086914062,-345.9017028808594
802.0624617386062,-340.2416420586609,795.5373609194107,-348.543722109851,796.8568725585938,-346.8648681640625
803.325949968464,-340.9705799864356,796.877762549772,-349.4095944207093,798.0977172851562,-347.81298828125
804.5912991203155,-341.70190004762424,798.2071276799285,-350.2880064645573,799.353271484375,-348.7465515136719
805.8588222014259,-342.4340830682497,799.5596004008283,-351.1347211202768,800.623046875,-349.6658630371094
807.1340613540875,-343.1719701481917,800.9026878062483,-351.9922833305907,801.9059448242188,-350.57220458984375
808.4112353635251,-343.91325016979323,802.2670144386052,-352.82096484678027,803.20166015625,-351.4659423828125
809.6954164255447,-344.65580956663524,803.6234970137859,-353.6613340718289,804.50927734375,-352.34759521484375
810.9848161870154,-345.4104066430573,805.002624329057,-354.468273932244,805.8280029296875,-353.2185363769531
812.2798555206906,-346.16601432838655,806.3773597221968,-355.2834286577357,807.1571044921875,-354.0789794921875
813.5850466663583,-346.9337706943186,807.762527572992,-356.08284759025724,808.4956665039062,-354.93084716796875
814.8337004996391,-347.6658452755585,809.0666338274376,-356.8442392939184,809.7669677734375,-355.7296447753906
816.0868738063073,-348.40625012371686,810.3743013501416,-357.60224848197714,811.0445556640625,-356.5232849121094
817.3491562952306,-349.14976340070746,811.678086283207,-358.3694720425974,812.3280639648438,-357.3127746582031
818.5985489325152,-349.8887345082941,812.9906186722619,-359.12977465103796,813.6181640625,-358.0956726074219
819.8594043310434,-350.63492864389906,814.2979090668844,-359.9004513125336,814.9142456054688,-358.8736267089844
821.1231923721476,-351.3810923896316,815.6137521111116,-360.6608824695824,816.2160034179688,-359.646484375
822.387180473707,-352.1286850654313,816.9247972724495,-361.4341953790239,817.5236206054688,-360.4140625
823.6473029639178,-352.8724816604447,818.2458620939886,-362.19669135075304,818.8375854492188,-361.17523193359375
824.9125348777143,-353.62025463919315,819.56262232465,-362.9709300137354,820.1578369140625,-361.93060302734375
826.1971601065538,-354.3806408022378,820.8862341173873,-363.7336782240612,821.4828491210938,-362.6829833984375
827.4748906646158,-355.13541287696813,822.2078591361201,-364.5081492271461,822.8133544921875,-363.4306640625
828.7478994695329,-355.8894384149129,823.5386224684487,-365.2739363621604,824.1499633789062,-364.172607421875
830.0201756657697,-356.6413791256747,824.8675888233727,-366.0503763917761,825.4931030273438,-364.90814208984375
831.3095418293226,-357.4046007192807,826.2018135827617,-366.81795912236726,826.8411865234375,-365.6396179199219
832.5996826650326,-358.16800069768124,827.5347561457979,-367.5951533680028,828.1947021484375,-366.3668212890625
833.8933502006607,-358.9322083308169,828.8707617649666,-368.37404708436026,829.5538940429688,-367.08984375
835.1871980535317,-359.697318573694,830.2131120402497,-369.14930766376455,830.9188842773438,-367.80816650390625
836.4979932444638,-360.4708167155387,831.5527840180222,-369.93162024862613,832.2885131835938,-368.5240783691406
837.8081140293364,-361.242660073833,832.8986763393652,-370.7108913642458,833.6630249023438,-369.2367858886719
839.1210314793108,-362.01449942881413,834.2451528936172,-371.4973554409974,835.042724609375,-369.9461975097656
840.4424575715381,-362.79124977643977,835.5937228421618,-372.2848748107097,836.4270629882812,-370.6532287597656
841.763482388652,-363.5659576571751,836.9427338247103,-373.0816270606614,837.81640625,-371.3570861816406
843.0896880484929,-364.34102535395454,838.2897305144596,-373.88994152638406,839.2106323242188,-372.05792236328125
844.418755760857,-365.1220546749759,839.6611852464221,-374.65674679365776,840.609619140625,-372.7559814453125
845.7526315883289,-365.9037973479876,841.0305378160888,-375.435427236225,842.013427734375,-373.4514465332031
847.0903261560462,-366.6896328158501,842.410969496211,-376.1979503690524,843.4215698242188,-374.1444396972656
848.4350058953219,-367.4772406957121,843.7917841628768,-376.966205044924,844.8342895507812,-374.8357238769531
849.7782975437616,-368.2664168642571,845.1778264297932,-377.7340176146201,846.2515258789062,-375.5243835449219
851.1292922701891,-369.05753679970337,846.5635652885377,-378.5078978462353,847.6731567382812,-376.2112121582031
852.4836216468933,-369.85240164801286,847.9527603362936,-379.28145321862155,849.098876953125,-376.89630126953125
853.8429261221827,-370.64747488010687,849.3429475606105,-380.0608490774764,850.5289306640625,-377.5799255371094
855.2107559960183,-371.44734485498026,850.7310907281245,-380.84765900997553,851.9627075195312,-378.26318359375
856.5824181058813,-372.25171362425357,852.1248458691163,-381.6287826819044,853.3999633789062,-378.9464111328125
857.8790643726974,-373.0090309240393,853.4338575740786,-382.3746625123642,854.755615234375,-379.58984375
859.1790119293264,-373.77095709357155,854.7521035398443,-383.10586382684306,856.114013671875,-380.2340393066406
860.4819671998697,-374.53183530178325,856.0702126387589,-383.84475060910853,857.4752197265625,-380.8788757324219
861.7856648173848,-375.2963701783508,857.3956309678343,-384.5755224028618,858.8392333984375,-381.5242004394531
863.0957123266319,-376.05899873447436,858.7204172502907,-385.31207838591286,860.2059326171875,-382.1704406738281
864.404763422723,-376.83075016706226,860.0516925974061,-386.0410482803469,861.5751953125,-382.8175964355469
865.7176398685918,-377.6012202237507,861.3832336942536,-386.776169087747,862.9471435546875,-383.4657287597656
867.0327501021335,-378.37767554898926,862.7184538027944,-387.50741661117775,864.3214721679688,-384.11517333984375
868.3503002892867,-379.1531169048161,864.0530203808302,-388.24799798698797,865.6983642578125,-384.7657470703125
869.670065524283,-379.9320029582479,865.3887903341256,-388.9904740624344,867.0774536132812,-385.41754150390625
870.993572405114,-380.7103453954575,866.7246626233481,-389.738000616998,868.4588012695312,-386.07073974609375
872.3183276859857,-381.49201779041454,868.0615390035938,-390.48904600280457,869.84228515625,-386.7253112792969
873.6463038185767,-382.2727187505533,869.3998739540139,-391.2424967681806,871.2278442382812,-387.3812561035156
874.9766941690128,-383.0581173877919,870.739019228844,-391.9966741976571,872.6152954101562,-388.0390319824219
876.3093723176147,-383.8422613361656,872.077821981471,-392.7585395656261,874.0046997070312,-388.69842529296875
877.643525857047,-384.62956708186175,873.4200460824093,-393.5171629662255,875.3958129882812,-389.3594970703125
878.979289672471,-385.41501604756513,874.7566003497116,-394.29505754831365,876.7886352539062,-390.0218200683594
880.3156419923769,-386.2019109792589,876.0931191625178,-395.0748244440182,878.1821899414062,-390.68499755859375
881.6522720987996,-386.9920983381025,877.426668875534,-395.85842860448116,879.5757446289062,-391.3491516113281
882.9891654192248,-387.7796431551785,878.7589075892874,-396.6475903408856,880.9692993164062,-392.013916015625
884.3239741411577,-388.56853984075326,880.0937383648317,-397.4279143538575,882.3614501953125,-392.67864990234375
885.6590255000121,-389.35370722087157,881.4229596395393,-398.2102284596486,883.7508544921875,-393.34320068359375
886.9872468153673,-390.1389476396249,882.7515180230806,-398.98744298754735,885.135986328125,-394.0062561035156
888.3112259539768,-390.9181590841217,884.0708915281907,-399.76431659745737,886.5142822265625,-394.66693115234375
889.6271059152185,-391.6955331198843,885.381319768709,-400.53571799718327,887.884033203125,-395.3247985839844
890.9371718640167,-392.46604769190697,886.6843726728991,-401.2984036371382,889.2451171875,-395.98016357421875
892.2389084986643,-393.2339166548024,887.9767421843713,-402.0598157755763,890.5973510742188,-396.6331787109375
893.6146852876443,-394.041959391902,889.3441434924508,-402.8601428030321,892.0249633789062,-397.3245544433594
894.9812143796754,-394.8463090499906,890.7014548456934,-403.659173801742,893.4432373046875,-398.0133056640625
896.3420756804834,-395.6430055070149,892.0475736303391,-404.45264177342796,894.8518676757812,-398.6999816894531
897.6921051948918,-396.43695149939003,893.3883140433979,-405.23728098393275,896.2507934570312,-399.3841247558594
899.0362723752127,-397.2226373614717,894.717230681387,-406.02071388273447,897.6403198242188,-400.0662536621094
900.3713271293378,-398.00401400579864,896.0405403224217,-406.7954393000034,899.0205078125,-400.74615478515625
901.6970144014246,-398.7844436376732,897.3521169224708,-407.5692795612288,900.3914184570312,-401.4241943359375
903.0160255760578,-399.55551523139553,898.659143551953,-408.3342016614328,901.753173828125,-402.10003662109375
904.3251686122342,-400.32629424999305,899.955512680469,-409.0980604214265,903.1058959960938,-402.7738952636719
905.6283282702672,-401.0877176305128,901.2460705273851,-409.85422405614474,904.4496459960938,-403.44561767578125
906.9969228039442,-401.89300869982594,902.6026254349271,-410.65435667497985,905.8627319335938,-404.15435791015625
908.3598386989145,-402.68801940463453,903.9513737067942,-411.44438988878903,907.2659301757812,-404.8608093261719
909.7128282209957,-403.48397908431514,905.2848757966615,-412.23141768732546,908.658935546875,-405.5659484863281
911.0603399100828,-404.2691514073226,906.6081053872795,-413.0130474275284,910.0415649414062,-406.26995849609375
912.3970818909204,-405.0554506448556,907.9233086798328,-413.783684944844,911.4140014648438,-406.9734191894531
913.7282085102123,-405.8301313657961,909.2288114671385,-414.5549080480782,912.7763061523438,-407.67596435546875
915.0465890094325,-406.6066154996523,910.5306231235376,-415.31697511956736,914.128662109375,-408.3771057128906
916.3603559485531,-407.3715448021812,911.82133455495,-416.07831206575986,915.4712524414062,-409.0770263671875
917.6616514292663,-408.13790159047545,913.1088936817515,-416.83260603405466,916.8043823242188,-409.77508544921875
919.0308379716412,-408.9346396426985,914.4548893519722,-417.62772662867,918.2013549804688,-410.51043701171875
920.3871980737171,-409.7342285537516,915.7932049727358,-418.411813526366,919.5877075195312,-411.244384765625
921.7374518138989,-410.52084458805996,917.1244372206332,-419.19807647679824,920.9638671875,-411.9759826660156
923.0791230094998,-411.30119883313154,918.4534245516238,-419.9761750717778,922.3306884765625,-412.7048034667969
924.4079290590721,-412.085519617229,919.7675770146244,-420.7525267672545,923.6874389648438,-413.43121337890625
925.7349992753338,-412.85626656237207,921.0679756638132,-421.5144568634525,925.0338745117188,-414.156982421875
927.04787120244,-413.6312277673417,922.3602982617937,-422.27846389343256,926.3701782226562,-414.8813781738281
928.3573834962378,-414.3907955900281,923.6470525913707,-423.0394677101924,927.6967163085938,-415.6038513183594
929.6521951730273,-415.15618400426786,924.9337903186198,-423.79209104501507,929.0142822265625,-416.32373046875
931.0115327776408,-415.94567354994615,926.2801974974901,-424.5873346132104,930.3916625976562,-417.0778503417969
932.3571199011819,-416.7410080708995,927.6165357195833,-425.3684785110521,931.7591552734375,-417.8292541503906
933.6961782089205,-417.5318696779129,928.9277770325406,-426.14261841579054,933.1155395507812,-418.58038330078125
935.0346475979177,-418.3084829434755,930.2177811058116,-426.8961139857606,934.4593505859375,-419.3341369628906
936.3603016090686,-419.08983097855787,931.4891799940523,-427.6456422187268,935.7899169921875,-420.0916748046875
937.6853362580728,-419.8540145602003,932.7518251007571,-428.38214422816503,937.1070556640625,-420.8536376953125
938.9965960305924,-420.62682576799017,933.9903352757153,-429.1126942443045,938.4094848632812,-421.62200927734375
940.3101197662893,-421.38253961308357,935.2103073742132,-429.82208936773515,939.6957397460938,-422.3992614746094
941.671728863046,-422.18830744032476,936.4787195953255,-430.5669377949362,941.0288696289062,-423.22552490234375
943.0337484667527,-422.97890755811494,937.7299721186712,-431.3018160693537,942.3429565429688,-424.06292724609375
944.3828684256358,-423.77345194793855,938.9844411623782,-432.0247034670505,943.6387939453125,-424.9107360839844
945.7315276123744,-424.55697534151636,940.2214546583082,-432.7458414454776,944.9154663085938,-425.769775390625
947.0743682523649,-425.3337429048681,941.4706949335279,-433.4553281843969,946.1742553710938,-426.6383056640625
948.4177355049756,-426.10056434836065,942.7065744014775,-434.1630065897863,947.4144897460938,-427.516845703125
949.7537334802505,-426.8700755813932,943.9366858800042,-434.86309955388504,948.6360473632812,-428.4058532714844
951.0918825386794,-427.6338550419047,945.1517305980118,-435.5532527308246,949.8370971679688,-429.3067321777344
952.493007404042,-428.42870281083754,946.4224816532774,-436.2752451392735,951.0736083984375,-430.26336669921875
953.8799713190664,-429.2425201348084,947.6742530328721,-436.99722879128785,952.286376953125,-431.23388671875
955.2752155736323,-430.04640017432905,948.9197103136408,-437.7174282723167,953.4752807617188,-432.2189025878906
956.6529560065009,-430.87831530615927,950.1445029010722,-438.44130811300414,954.6381225585938,-433.2196044921875
958.0369843079828,-431.70365282655393,951.3656000175487,-439.17246083327984,955.7754516601562,-434.2355041503906
959.3933994865084,-432.5641647954376,952.5848891823499,-439.90301203331546,956.8865356445312,-435.26629638671875
960.7485686740345,-433.4301629509991,953.7665077405777,-440.67392887740766,957.9711303710938,-436.31170654296875
962.1613552841094,-434.3496638864116,955.0112809072281,-441.46452591252216,959.0748901367188,-437.4209289550781
963.5144263677817,-435.3346891414029,956.2100357541177,-442.3043067405555,960.1486206054688,-438.5462341308594
964.8730366191107,-436.32118651653826,957.4180625033807,-443.1371970383782,961.191650390625,-439.6870422363281
966.2018339471466,-437.3389160343385,958.5736802932784,-444.02458110353626,962.204345703125,-440.8424987792969
967.4480853057232,-438.4350089231603,959.730026479744,-444.9122734369286,963.1858520507812,-442.01202392578125
968.6979723088112,-439.52480138619427,960.8354902564365,-445.8511509568554,964.1372680664062,-443.1944580078125
969.922812238928,-440.6478205212798,961.9299524060057,-446.7947618344134,965.0567626953125,-444.39007568359375
971.1125787430162,-441.89277040019806,963.0625924005399,-447.7906953972248,965.9814453125,-445.65216064453125
972.3067391633085,-443.13949843448097,964.0765789753716,-448.874620586496,966.870361328125,-446.92779541015625
973.4881765107889,-444.40536305669684,965.1310846130796,-449.930869997301,967.722900390625,-448.21722412109375
974.5689115530029,-445.73724157147126,966.0602261881376,-451.0764700380757,968.5404663085938,-449.5201110839844
975.6479682989991,-447.0712084840238,967.0103844820857,-452.2146772211363,969.324462890625,-450.8367004394531
976.6753103775558,-448.4447635188092,967.8631093928062,-453.41441150052896,970.0747680664062,-452.1671447753906
977.6033259592255,-449.8774667547705,968.7163143047966,-454.61930410490703,970.7921752929688,-453.5116882324219
978.526064767409,-451.33434412050815,969.4929614938219,-455.86458381367095,971.4739379882812,-454.87109375
979.4054728922778,-452.81660774566734,970.2505593714948,-457.12537642518043,972.1206665039062,-456.2452087402344
980.2034323341717,-454.3474657578113,970.9821253126116,-458.4051486156582,972.7322387695312,-457.6350402832031
980.9850079516325,-455.89256671884846,971.6410829989877,-459.727540579039,973.3099365234375,-459.0426025390625
981.7422331957217,-457.4705171456203,972.3121431614652,-461.0557899600811,973.8526611328125,-460.4700927734375
982.4656971132462,-459.06928442832697,972.9089947256755,-462.42849291479735,974.361572265625,-461.91790771484375
983.0779882812081,-460.720210010041,973.4973043983838,-463.81959121252754,974.8366088867188,-463.3863220214844
983.6899799612407,-462.38159385707917,974.0610373789154,-465.23623641053587,975.278076171875,-464.87542724609375
984.2554910424562,-464.0842429396639,974.5074219692038,-466.7012218323741,975.6834716796875,-466.385498046875
984.696214865555,-465.7590485494947,974.9504006708347,-468.1159456722476,976.038330078125,-467.85284423828125
985.1148878433221,-467.45124981207505,975.3018517862557,-469.5682528714971,976.3591918945312,-469.34014892578125
985.4879397869028,-469.1706752739283,975.6405125040558,-471.0375825320793,976.6448974609375,-470.84716796875
985.8151605759962,-470.9186885551842,975.9143291753595,-472.53322781147915,976.893798828125,-472.3735046386719
986.0376657530994,-472.701898446803,976.1475212506462,-474.0489474185578,977.104248046875,-473.91864013671875
986.2467253086962,-474.4308585898667,976.3471806800446,-475.51416761192775,977.267822265625,-475.4134216308594
986.4175318350622,-476.1722361250453,976.4552906137197,-477.0022216360921,977.3936767578125,-476.9240417480469
986.4851995821981,-477.93656958247726,976.5510273548068,-478.5025445470416,977.4805908203125,-478.4495849609375
986.5363018398149,-479.71018749942095,976.5698079064259,-480.0187819356402,977.5282592773438,-479.9891052246094
986.5399940800723,-481.50068666558076,976.5486503307786,-481.546247365894,977.5353393554688,-481.541748046875
986.4936227862887,-483.306181498314,976.4934137419483,-483.08424499866584,977.5006103515625,-483.1065979003906
986.3164312399871,-485.0384305185516,976.3410021840856,-484.5583307372673,977.42822265625,-484.61065673828125
986.1341931660079,-486.77577178910104,976.1748824802806,-486.03941390486904,977.3163452148438,-486.1238098144531
985.9003863606671,-488.5146929970459,975.9377782587811,-487.52312823119377,977.1649169921875,-487.645263671875
985.5418637370909,-490.23367222277346,975.6672219568173,-489.01269276816214,976.975830078125,-489.17449951171875
985.1679370838382,-491.93455499128714,975.3787400894263,-490.5115200990402,976.75244140625,-490.7112121582031
984.751589499419,-493.6258312089287,974.9893285377161,-492.00477020235957,976.49609375,-492.2549743652344
984.3295148492416,-495.2303795054264,974.6158418649902,-493.4345845371042,976.2230834960938,-493.7317199707031
983.8978446450577,-496.83169468548874,974.1598637485693,-494.8565523679007,975.9224243164062,-495.21405029296875
983.4444046799306,-498.43006966339726,973.6897458889704,-496.282816470153,975.5948486328125,-496.7021789550781
982.907214298629,-500.01486986478164,973.2321231297053,-497.7187436685884,975.240478515625,-498.19537353515625
982.359825048374,-501.59012236072647,972.5324911253018,-499.1051736200075,974.8615112304688,-499.694091796875
981.7847811758545,-503.15763498538837,971.8645126300613,-500.5033973469487,974.459228515625,-501.1976318359375
981.1281689625011,-504.71209393165844,971.0721849003595,-501.86872125032124,974.0327758789062,-502.7058410644531
980.459103358055,-506.2585332716788,970.2796656241111,-503.23823571482404,973.5839233398438,-504.2186279296875
979.7967006401356,-507.72230177621645,969.4720880530648,-504.5253238772797,973.1375122070312,-505.6603088378906
979.0397637989133,-509.1558477381369,968.6561713667654,-505.81323096085333,972.672119140625,-507.10601806640625
978.2685670850829,-510.5902039831486,967.8126512751976,-507.0910990124424,972.1871948242188,-508.5550537109375
977.4621389294923,-512.0253777368138,966.9593072097472,-508.3583951182146,971.6803588867188,-510.0067138671875
976.5838535588824,-513.4481677760951,966.113585490125,-509.6168415319436,971.1488037109375,-511.4593505859375
975.7029570567427,-514.8623329161184,965.2663470071988,-510.8808069262663,970.5941162109375,-512.913330078125
974.7949073586295,-516.2690928820282,964.4108790966762,-512.1384874807477,970.0155029296875,-514.367919921875
973.8876592912844,-517.6709137484995,963.5584954975418,-513.4050661216725,969.4143676757812,-515.823486328125
973.0282469544733,-519.0002896709364,962.7426176368336,-514.6036016965171,968.8245239257812,-517.203369140625
972.1607136484051,-520.3276336208608,961.9246530057778,-515.8033228843866,968.2145385742188,-518.5834350585938
971.2957234176233,-521.6520941648504,961.107735266636,-517.0169332868223,967.5862426757812,-519.9644165039062
970.4237833527218,-522.97985808636,960.2846906910582,-518.22488980947,966.9385986328125,-521.3453979492188
969.5542382569939,-524.3076929331673,959.4625469824562,-519.447046612385,966.2730102539062,-522.727294921875
968.6840494249647,-525.6381188206067,958.630363834145,-520.6725194529153,965.590087890625,-524.1099853515625
967.8021117641302,-526.9689915031547,957.804157577964,-521.9031731383182,964.8892822265625,-525.4931030273438
966.9241651238702,-528.306863173152,956.9696425204335,-523.1350094474057,964.170654296875,-526.8762817382812
966.0365009439115,-529.6410343954178,956.134284435914,-524.3824201678138,963.4358520507812,-528.2599487304688
965.155147817517,-530.980980220527,955.2861296172265,-525.6404988606554,962.6863403320312,-529.64501953125
964.2629439449952,-532.3182605307181,954.4341731038168,-526.9152472592476,961.9237060546875,-531.0323486328125
963.418324561242,-533.5842087226679,953.6164680187951,-528.128101620181,961.1928100585938,-532.3453979492188
962.5789621409842,-534.8588986083719,952.8009632686491,-529.3525371168486,960.451904296875,-533.6610717773438
961.7274297314062,-536.1337867343564,951.9750289276167,-530.578530276494,959.700927734375,-534.9794311523438
960.881392571742,-537.4198084833882,951.1560875695028,-531.8129274663856,958.939453125,-536.3002319335938
960.022905368846,-538.70579823548,950.3276201530673,-533.0500661264415,958.1675415039062,-537.6234741210938
959.1710730656654,-540.0020890456731,949.4999723326736,-534.3000347631004,957.3857421875,-538.949462890625
958.3060053787617,-541.2966884026449,948.6613714769478,-535.5580072185062,956.5949096679688,-540.278564453125
957.4475236251401,-542.6032543715162,947.8234279882178,-536.8233292542808,955.7948608398438,-541.6107177734375
956.575463539891,-543.9074421325265,946.9770265868037,-538.1022471222484,954.9868774414062,-542.9466552734375
955.7113281817399,-545.2259400717084,946.1254844649502,-539.3790166652184,954.1700439453125,-544.2858276367188
954.8308474571386,-546.5413556429145,945.2726937169613,-540.6686396709063,953.3450927734375,-545.6284790039062
953.9588098975123,-547.8705700617236,944.4127767511061,-541.9600285448025,952.5116577148438,-546.9745483398438
953.0701715449661,-549.1987471146912,943.5550559459946,-543.2563734054037,951.6690673828125,-548.32373046875
952.2442525503291,-550.4626060516251,942.7395652835802,-544.4804692930978,950.8680419921875,-549.596435546875
951.400036411452,-551.7224953962725,941.9249504735175,-545.7124334683726,950.0590209960938,-550.8718872070312
950.5526080070724,-552.9885024263515,941.104843550799,-546.9442075692955,949.2415161132812,-552.1497192382812
949.7140028877111,-554.2670416494757,940.282986710844,-548.1878073633197,948.416015625,-553.4303588867188
948.8597851519858,-555.5425065488249,939.452326707514,-549.436985941561,947.5830078125,-554.7138671875
948.0150426565751,-556.832047147133,938.6216923469142,-550.6934122766453,946.7423095703125,-556.0003051757812
947.1534441256385,-558.1178569824056,937.7823272120776,-551.9566281110742,945.8943481445312,-557.2900390625
946.3015916657048,-559.4173319353145,936.9384531351368,-553.230467607099,945.0396728515625,-558.58349609375
945.4335590465618,-560.7128110522906,936.0851499871231,-554.512497215258,944.17919921875,-559.880859375
944.5737651111565,-562.0212724578034,935.2284823945547,-555.8024785284947,943.3131103515625,-561.182373046875
943.6994363651236,-563.3274510338669,934.3634158682775,-557.0984923661576,942.4417724609375,-562.4883422851562
942.8327130676985,-564.6463726775955,933.4970551727918,-558.4011454638222,941.5653076171875,-563.7985229492188
941.9526091456775,-565.9621969255842,932.6186577010175,-559.7148730736036,940.6849975585938,-565.11376953125
941.0812819387347,-567.2893594607297,931.733888915913,-561.0449537461722,939.8023681640625,-566.4349975585938
940.195248887092,-568.6139539608713,930.8421704516575,-562.3791418115078,938.9176025390625,-567.7622680664062
939.372478360501,-569.8677349989596,930.0055394855939,-563.6359185714145,938.086181640625,-569.011962890625
938.5350487829786,-571.117849879922,929.1619916510372,-564.897100816669,937.253173828125,-570.26708984375
937.7041375641468,-572.3789449713058,928.319642024541,-566.1618587278964,936.4183959960938,-571.5271606445312
936.8602788567318,-573.6388011852017,927.4746825614458,-567.4244674219281,935.5810546875,-572.7918090820312
936.0210345053518,-574.9095249288517,926.6340616005348,-568.687070626106,934.7401123046875,-574.0604248046875
935.1714810163804,-576.1797399126015,925.7888056738117,-569.950731018413,933.8955078125,-575.3326416015625
934.3279963067687,-577.4586450505377,924.9387814341027,-571.2270003353748,933.0482177734375,-576.6092529296875
933.471797139534,-578.7359136965268,924.0858206114636,-572.5018607415655,932.19775390625,-577.8897094726562
932.6200209938379,-580.0245130444292,923.2401674515909,-573.7718722443032,931.3424072265625,-579.1728515625
931.7547058120991,-581.3124192618891,922.3955887140697,-575.0343283141301,930.4805297851562,-580.4577026367188
930.8937382665239,-582.6114298857749,921.5545103006094,-576.2896206058462,929.610595703125,-581.7428588867188
930.0188089137938,-583.9100628505087,920.7271645450435,-577.5405803462663,928.7304077148438,-583.02685546875
929.1470428698002,-585.2191861113539,919.9011054691505,-578.7836684330773,927.8384399414062,-584.308349609375
928.263960911641,-586.5291148096289,919.0825660657374,-580.0247863279551,926.93310546875,-585.5863037109375
927.3848441693632,-587.8478611045873,918.2571679680698,-581.2706357370669,926.0148315429688,-586.8606567382812
926.4941408505401,-589.1663514457524,917.4362532556547,-582.5185602521593,925.0828247070312,-588.1305541992188
925.6027093446793,-590.4943105629475,916.6183934637685,-583.7609538392983,924.1354370117188,-589.3946533203125
924.7056252583129,-591.8297572586694,915.8064257203341,-584.9968215663961,923.170654296875,-590.6511840820312
923.8085507699394,-593.1784215688616,915.0006494704307,-586.2251557089488,922.1864624023438,-591.8978881835938
922.890537615436,-594.5215022693262,914.1904200441993,-587.4560121096572,921.182373046875,-593.13427734375
921.9697388597747,-595.8713983996003,913.371330847971,-588.6967861002826,920.1591186523438,-594.360595703125
921.0383968822764,-597.2165033498404,912.5354827710477,-589.9600585116305,919.1194458007812,-595.578857421875
920.0616881020721,-598.5304206163214,911.6890706263938,-591.2329257375957,918.0642700195312,-596.7894897460938
919.1561848738793,-599.7704680169838,910.9012369516704,-592.433334650195,917.0659790039062,-597.9126586914062
918.2103221538058,-600.9814717724922,910.1002330698562,-593.6373133841248,916.0546875,-599.0294189453125
917.2651764602837,-602.2014014545994,909.2979432024216,-594.8493241301975,915.030517578125,-600.1392822265625
916.2963405144358,-603.4103497030546,908.4834830731279,-596.0539670139526,913.9927978515625,-601.2413940429688
915.3248620621172,-604.6262853991756,907.6670207824803,-597.2658194211416,912.9413452148438,-602.3353271484375
914.3420377460732,-605.8396984891157,906.8314529596764,-598.4730690403705,911.8762817382812,-603.4212036132812
913.3547456550508,-607.0577848597294,905.9898258374634,-599.6866073216671,910.7978515625,-604.4987182617188
912.3580988893141,-608.2765786234395,905.1462532947152,-600.9103170131975,909.7059936523438,-605.5676879882812
911.3517337710255,-609.4961439534053,904.2638347188513,-602.1058420225081,908.6007080078125,-606.6277465820312
910.3399004153946,-610.7229289360856,903.3917389783144,-603.3214071309942,907.481689453125,-607.67822265625
909.3210378683391,-611.9498109075574,902.4716033701179,-604.504302204586,906.3495483398438,-608.7197265625
908.2951995473272,-613.1840199249532,901.5577152539079,-605.7023110914904,905.2039794921875,-609.7513427734375
907.2783943351238,-614.4405211552048,900.6012680409086,-606.8666758270332,904.0451049804688,-610.7730102539062
906.2275095260213,-615.6740153613919,899.6450510177671,-608.041828152781,902.8726806640625,-611.7841796875
905.1762048113403,-616.9206297901321,898.6479548288402,-609.1823234655433,901.6868896484375,-612.7845458984375
904.0969965131102,-618.1462314800744,897.6422242303759,-610.3268610237222,900.4879760742188,-613.7742309570312
902.9621310466728,-619.3135139737846,896.6224588237782,-611.4699279837286,899.2764282226562,-614.7534790039062
901.8274191354723,-620.494891026804,895.5474498322393,-612.5544633161975,898.0523071289062,-615.7216186523438
900.6488211162324,-621.6324562797129,894.4776678567296,-613.6578088620478,896.8154296875,-616.6787719726562
899.4605215917691,-622.7653292826242,893.36181038922,-614.7141175970086,895.5665893554688,-617.624755859375
898.2553078909305,-623.8849372308205,892.2417185633998,-615.776934180184,894.3057861328125,-618.5598754882812
897.0131083325539,-624.9656005988148,891.1057039228168,-616.8296053437956,893.0330200195312,-619.4840087890625
895.7595559686303,-626.0483063023034,889.9241040249065,-617.8250735270848,891.748291015625,-620.3956909179688
894.4879446517674,-627.1185107465154,888.7503232474767,-618.8408330504814,890.4512329101562,-621.2947387695312
893.1763632620128,-628.1568221613077,887.5391906748533,-619.8061037635589,889.14111328125,-622.1791381835938
891.8567203877928,-629.1984373901207,886.3291358294371,-620.7814777444805,887.8177490234375,-623.0482177734375
890.5274157238227,-630.2273261278624,885.0858009850692,-621.7205767337349,886.4817504882812,-623.90283203125
889.1692511725435,-631.2135672925106,883.835193014533,-622.6609480472894,885.1339721679688,-624.743408203125
887.8095654435186,-632.2015380124408,882.5730193197073,-623.5949412794243,883.77490234375,-625.5703125
886.4277081098058,-633.1803821830092,881.2786258687822,-624.4805826809323,882.4038696289062,-626.3817749023438
885.0131345221961,-634.1171940667376,879.9834154096383,-625.3739332020313,881.0208740234375,-627.1773681640625
883.5923575303804,-635.0586640807786,878.6794544969475,-626.2617039719486,879.6259155273438,-627.9564208984375
882.1522988391713,-635.9896455171154,877.3361421214884,-627.0866667009336,878.218505859375,-628.7177734375
880.674846497653,-636.8690744201267,875.997759885688,-627.9295746928532,876.7987670898438,-629.4605712890625
879.197682094228,-637.7462342642077,874.6246190543156,-628.7190640290952,875.3675537109375,-630.1856079101562
877.7070016265178,-638.6021893116643,873.2485959272775,-629.5142557348017,873.9251098632812,-630.8932495117188
876.189796188395,-639.3979648304276,871.8624567116325,-630.3027187760896,872.4722900390625,-631.58447265625
874.6701541020259,-640.1893437450894,870.4336528596912,-631.0121086124354,871.0095825195312,-632.2597045898438
873.1356840320125,-640.9633074776784,869.0086340139605,-631.7371020722372,869.5370483398438,-632.9183959960938
871.5826270972094,-641.678470231039,867.5538613908792,-632.4079935265686,868.0554809570312,-633.562255859375
870.131296656893,-642.3413960172013,866.2017376457795,-633.0328168341352,866.6718139648438,-634.1463623046875
868.6714085662198,-642.987018979813,864.8430103970799,-633.6493325732631,865.2806396484375,-634.7167358398438
867.1877010798382,-643.5859153814142,863.4557259359665,-634.2015170549656,863.8818359375,-635.2730102539062
865.6950078901713,-644.1864560881294,862.0736174569894,-634.7678974067516,862.4757080078125,-635.8136596679688
864.2070502615563,-644.7641638305971,860.6698886327956,-635.2833571747418,861.064208984375,-636.3402709960938
862.7012190546193,-645.2962776090191,859.2704486127768,-635.8049705491425,859.6488647460938,-636.8518676757812
861.1999609221004,-645.8311056625181,857.8707338423516,-636.3177409781866,858.2312622070312,-637.3479614257812
859.5785095964114,-646.3894193117933,856.340467627035,-636.7898973985554,856.70263671875,-637.8635864257812
857.9379720376063,-646.8856637899449,854.8223395671129,-637.2809499942717,855.17236328125,-638.3599853515625
856.3035614455247,-647.3852184333614,853.2892278483326,-637.7086561603746,853.6407470703125,-638.8370971679688
854.66951382773,-647.863258482769,851.7633346470736,-638.1415354549113,852.1082153320312,-639.2952270507812
853.0251891198694,-648.2696194464708,850.2374413545076,-638.5585136385889,850.5752563476562,-639.7352905273438
851.3890704195559,-648.679901293387,848.6957994062487,-638.8990749819035,849.0422973632812,-640.1574096679688
849.7498572421736,-649.0704668468323,847.1665078583137,-639.2589738595312,847.5093383789062,-640.56103515625
848.0950860396002,-649.3923749341735,845.6270223102651,-639.5514704611564,845.9766235351562,-640.9454345703125
846.4531748890594,-649.716531805306,844.0951816099599,-639.8498294729251,844.4445190429688,-641.3115844726562
844.814565600219,-650.0144140652617,842.5658312766618,-640.1337668772184,842.9132080078125,-641.6600952148438
843.1669742381899,-650.248437386891,841.0277777262843,-640.3453204597532,841.3831787109375,-641.9906005859375
841.521312774215,-650.4857234990575,839.5031638875226,-640.5758210344624,839.8546752929688,-642.3018798828125
839.8737326735012,-650.7020539235134,837.9748937198225,-640.7437958099116,838.3275146484375,-642.5930786132812
838.2273211698201,-650.8590992343431,836.4549037615147,-640.9178900140158,836.8020629882812,-642.8650512695312
836.6038178501709,-651.0173007773503,834.936421802468,-641.080607711789,835.2787475585938,-643.1206665039062
834.9802094138179,-651.1575615537189,833.4146520768057,-641.169818778244,833.7578125,-643.3590698242188
833.3509895810719,-651.235848319473,831.905660350225,-641.2810031907339,832.2393798828125,-643.5795288085938
831.7340922317371,-651.3228428763028,830.3955169556646,-641.3342075379655,830.7236328125,-643.7826538085938
830.1157380041151,-651.3636806391469,828.8969700622099,-641.4012978317006,829.2109375,-643.9677124023438
828.5084337552568,-651.400336390972,827.39917459817,-641.4137735173238,827.7014770507812,-644.1353759765625
826.9068190223263,-651.4198849918444,825.9103817773322,-641.4312289372319,826.1951293945312,-644.28564453125
825.3090292514285,-651.3819401084703,824.4281823825314,-641.4373768563615,824.6922607421875,-644.4187622070312
823.7229353168168,-651.3462166604113,822.9464322638936,-641.3654503134973,823.1930541992188,-644.535400390625
822.029073610586,-651.2889269473317,821.3719624039956,-641.3140624428937,821.5911254882812,-644.6409301757812
820.3414785589255,-651.165828322918,819.8030868651111,-641.1943416795204,819.9938354492188,-644.7271728515625
818.6667416198372,-651.0476986001115,818.244042591175,-641.085442360004,818.4014282226562,-644.7947387695312
817.0019328528089,-650.9073134742753,816.6937208151686,-640.961930502878,816.8140258789062,-644.8439331054688
815.345251324957,-650.6979241262836,815.1514856425952,-640.7514136631845,815.2318115234375,-644.874755859375
813.697638205781,-650.4945719264099,813.6223151466182,-640.5669158684906,813.6550903320312,-644.88671875
812.0619974590111,-650.2704548630886,812.102600545842,-640.3165114524517,812.083984375,-644.8803100585938
810.4344669096174,-649.9827250491991,810.5974021854522,-640.0818973756643,810.5188598632812,-644.8545532226562
808.8225003769312,-649.7043876091378,809.1003222994975,-639.792042869081,808.9596557617188,-644.8108520507812
807.22254620958,-649.3818469762025,807.6148458205989,-639.5083913853236,807.4066162109375,-644.7491455078125
805.6323677922933,-649.0534448250593,806.1423746459009,-639.216212173093,805.8596801757812,-644.6689453125
804.0539020121671,-648.7150517740484,804.6845786389429,-638.8581423397163,804.319091796875,-644.5703735351562
802.4890232174265,-648.3217844704744,803.239092941634,-638.5244860094256,802.7852172851562,-644.4529418945312
800.939670861623,-647.9291719937365,801.8008722393504,-638.1383839419528,801.2572631835938,-644.3185424804688
799.4010206741025,-647.5094355649708,800.3753438409545,-637.7685478976538,799.7354125976562,-644.1663208007812
797.8700281404339,-647.1273122250363,798.9595473249777,-637.3597786333952,798.2191772460938,-643.9971923828125
796.3478509438478,-646.7380297400716,797.5543229767536,-636.9605875395623,796.7090454101562,-643.8108520507812
794.8316538409014,-646.3688762173106,796.1563700059347,-636.5561049131032,795.2044067382812,-643.6077270507812
793.322510559025,-645.9940728021521,794.775470191138,-636.1040407608372,793.7054443359375,-643.3875122070312
791.8156014696918,-645.6426714819041,793.4023335080461,-635.6714892095438,792.2122802734375,-643.14990234375
790.3154518590425,-645.2879800757407,792.0395606374418,-635.212073377997,790.724853515625,-642.8953857421875
788.818928676314,-644.9384460231863,790.6830612138712,-634.7663746331496,789.2431030273438,-642.6238403320312
787.3271920889438,-644.5936531780768,789.3305466365628,-634.3050877529485,787.7667236328125,-642.3363647460938
785.838440167784,-644.24511763615,787.9857714546251,-633.8555002876516,786.2957763671875,-642.0323486328125
784.353051464634,-643.9013372221367,786.643173161026,-633.3936428127262,784.8300170898438,-641.712890625
782.7818589566616,-643.4977861037219,785.2050613783836,-632.9063877427286,783.2717895507812,-641.3563842773438
781.2145471049171,-643.0944078137715,783.76739450701,-632.4137509585175,781.7186889648438,-640.9851684570312
779.6555230421785,-642.6722438706555,782.324671756979,-631.9261884609574,780.1701049804688,-640.6005249023438
778.1017767447408,-642.2412231418936,780.8810486079202,-631.4375938249436,778.6260375976562,-640.2033081054688
776.5517183458854,-641.8074512138162,779.4342123128176,-630.9442888399311,777.0858154296875,-639.7946166992188
775.0133672502718,-641.3436867538001,777.9780711665646,-630.4540762638896,775.5490112304688,-639.376220703125
773.4767678055877,-640.8802684096461,776.5192254103006,-629.9579238210046,774.0147705078125,-638.9488525390625
771.9531958186415,-640.38087883714,775.0507402724867,-629.4651008671027,772.48291015625,-638.51416015625
770.4327561358864,-639.8697896703999,773.5905408316195,-628.9726266137649,770.9539794921875,-638.0711059570312
768.9169248040856,-639.3452082772728,772.1405846489347,-628.477155217827,769.4290161132812,-637.6187744140625
767.4020260401813,-638.8216119946363,770.6861318340283,-627.986799267813,767.906494140625,-637.1572875976562
765.8905773649029,-638.2905154634211,769.2315077403279,-627.4896341004187,766.3865356445312,-636.6871337890625
764.381296775545,-637.7619282993263,767.7644443489513,-626.9945729223496,764.8688354492188,-636.2102661132812
762.8756762403975,-637.2216678734337,766.3031475004337,-626.4999676066891,763.3538208007812,-635.7259521484375
761.3690453710863,-636.6762482119882,764.8591638282487,-626.0108492109556,761.8419189453125,-635.231201171875
759.8618786063689,-636.1407654251892,763.3998238369054,-625.522636110727,760.33251953125,-634.728271484375
758.3601687016306,-635.5932714230785,761.9293814569793,-625.0263318146541,758.8244018554688,-634.2188720703125
756.8520319641909,-635.058060861727,760.4664646827931,-624.5383096375655,757.3181762695312,-633.7013549804688
755.3453247346255,-634.5058932527475,759.0249458291682,-624.0539191368914,755.8148803710938,-633.172119140625
753.8327716496045,-633.9729442055542,757.5760351854905,-623.5744255997599,754.3153686523438,-632.63232421875
752.327370078277,-633.4233159291181,756.1143873917194,-623.0822508444982,752.81787109375,-632.0839233398438
750.8181373941655,-632.8788809225666,754.6520573120955,-622.5974625787309,751.322509765625,-631.5263061523438
749.298682168055,-632.3517477768252,753.2019468963128,-622.1057302326584,749.8297729492188,-630.9576416015625
747.7830534693138,-631.8119754220247,751.7415441730905,-621.6155213613157,748.33935546875,-630.3790283203125
746.3568174273424,-631.3162332477086,750.3660792755552,-621.1521766309592,746.9436645507812,-629.8284912109375
744.933188565759,-630.8076243089757,748.9944770570193,-620.6779120683781,745.5498046875,-629.2696533203125
743.5021047133358,-630.3124680041469,747.6169471277195,-620.2089772314843,744.15771484375,-628.7026977539062
742.075309780096,-629.8041721348069,746.234934907777,-619.7226987287983,742.7666015625,-628.1287231445312
740.6365462600209,-629.3152829180094,744.8539585048482,-619.2431309639567,741.3770141601562,-627.546875
739.198880176825,-628.8169835131961,743.470161342076,-618.7619428816566,739.9888916015625,-626.9572143554688
737.7580640580386,-628.3220711217817,742.088476495358,-618.2561656158849,738.6019287109375,-626.3605346679688
736.31693174262,-627.8198991855763,740.6986434357493,-617.7624226795155,737.2158203125,-625.7566528320312
734.8756059559076,-627.3082614757897,739.3189547988922,-617.245096276803,735.8307495117188,-625.1450805664062
733.4398069049877,-626.7767582035649,737.9304439248175,-616.737900189105,734.4466552734375,-624.5259399414062
732.0020420709458,-626.2429967892334,736.547318930385,-616.2069865139534,733.0634155273438,-623.8994750976562
730.5663069543201,-625.6993952812983,735.1546749192695,-615.6833453192604,731.6809692382812,-623.2661743164062
729.1293237965821,-625.1496865385673,733.7680918923597,-615.1396202093296,730.2989501953125,-622.625732421875
727.6901603731243,-624.5931598534103,732.3805148851692,-614.6034687304494,728.9182739257812,-621.9774780273438
726.2589794482592,-624.0139389246534,730.9958351558569,-614.0477602881823,727.53857421875,-621.3217163085938
724.8226946722328,-623.4414302189188,729.6027375283229,-613.4925477269002,726.1594848632812,-620.6591186523438
723.4014311257015,-622.8378408282472,728.1989473953341,-612.9337859984299,724.7803955078125,-619.9910888671875
721.9762331612285,-622.23946117819,726.8001262765545,-612.3470449691775,723.4006958007812,-619.3182983398438
720.5679902300255,-621.5968883281292,725.3969988222138,-611.7706448114836,722.02099609375,-618.6402587890625
719.1599904624478,-620.9509954800543,724.000841733954,-611.1680271407315,720.6412353515625,-617.95751953125
717.7522821497065,-620.2957179276403,722.5986798234111,-610.5719716637412,719.2606201171875,-617.2694091796875
716.3603157190759,-619.6016249270913,721.2081951468133,-609.9528044341768,717.8804931640625,-616.5759887695312
714.9617982081336,-618.9129493261884,719.8142641287899,-609.3371850626205,716.5004272460938,-615.8766479492188
713.5743293598255,-618.2006920927021,718.4174299905337,-608.7100106176418,715.1198120117188,-615.172119140625
712.1830535585153,-617.4878624841627,717.0373517830924,-608.0517543648159,713.7396240234375,-614.4620971679688
710.7952486016698,-616.7611388895123,715.6507894439592,-607.4047753450614,712.3599243164062,-613.74609375
709.4085180489532,-616.0322026077229,714.2687929769373,-606.7287766431617,710.9795532226562,-613.0249633789062
708.021964204063,-615.296301316174,712.8830151707123,-606.0611623841567,709.5997924804688,-612.2987060546875
706.6353410965403,-614.554694490888,711.5061596619538,-605.3708249906126,708.219970703125,-611.56689453125
705.2419531637232,-613.8211172094612,710.123773307076,-604.6839731325748,706.8402099609375,-610.8297119140625
703.8546991893571,-613.0750197876813,708.7366960780051,-603.9899180322576,705.4598388671875,-610.0879516601562
702.460025531805,-612.3343085525182,707.3636843061284,-603.2719976777405,704.0796508789062,-609.3411254882812
701.0747057743241,-611.5687840343056,705.985889432603,-602.563486614173,702.699951171875,-608.5886840820312
699.6887180969233,-610.8024992049187,704.61372815253,-601.8329655030988,701.3202514648438,-607.8311157226562
698.303336343596,-610.0287515020477,703.2374787738012,-601.10900618242,699.9410400390625,-607.0681762695312
696.9185157903366,-609.2503621305776,701.8669140593719,-600.3667566253455,698.5619506835938,-606.2999877929688
695.5282288008001,-608.4761276200035,700.492654929836,-599.6283717889587,697.1832885742188,-605.5264282226562
694.1373228296095,-607.6967726959551,699.1194101263656,-598.8872935133542,695.805419921875,-604.7471923828125
692.7436890863506,-606.9180379592746,697.752860783034,-598.1274480019845,694.427978515625,-603.9622802734375
691.3527395382906,-606.1271516513332,696.3817971722932,-597.3750936316926,693.05126953125,-603.1712036132812
689.9586012846181,-605.3348771497592,695.0175731484699,-596.607386167863,691.6751708984375,-602.37353515625
688.5668908703095,-604.5347466933424,693.6449819951475,-595.8425012746594,690.2991333007812,-601.5696411132812
687.1733811814964,-603.7314338109046,692.2712162234837,-595.0736023096255,688.9232788085938,-600.759521484375
685.7809653963835,-602.9194181771626,690.9050867626559,-594.289198069357,687.5481567382812,-599.9430541992188
684.3899916570349,-602.1026738946123,689.5286096070453,-593.5090677178207,686.1730346679688,-599.1207885742188
682.996621451208,-601.2811572678432,688.1593510385459,-592.7147602623523,684.7980346679688,-598.2921142578125
681.6950936776958,-600.508933465644,686.8770851220754,-591.9790216402583,683.5152587890625,-597.5128173828125
680.3918022390799,-599.7342164603175,685.5923364032923,-591.2401992889542,682.232666015625,-596.7275390625
679.0887824050858,-598.9553964905535,684.3125574067426,-590.4833421658783,680.9500732421875,-595.9367065429688
677.7852028838222,-598.1729298932149,683.0241121102046,-589.7330005400105,679.66748046875,-595.1405639648438
676.4783177911426,-597.3879159889732,681.7431692019059,-588.9675196463459,678.3848876953125,-594.338623046875
675.1704595157291,-596.5981586208285,680.4565492039671,-588.2082438832736,677.1029663085938,-593.5309448242188
673.8605862409422,-595.8066638311885,679.1747268339236,-587.4339418690023,675.8212890625,-592.7174682617188
672.5535349372251,-595.0046955039089,677.8875963351345,-586.6640403090403,674.5402221679688,-591.898193359375
671.2435573073254,-594.2032104561164,676.5977377110684,-585.8890984175135,673.2592163085938,-591.0732421875
669.9361530189828,-593.390064716824,675.3169499023735,-585.0989021937943,671.9789428710938,-590.2423706054688
668.6259979412819,-592.5752076174075,674.0284731974197,-584.3156806178503,670.6993408203125,-589.4053955078125
667.3198469698518,-591.7477689628395,672.7477687993211,-583.5167042372162,669.4205932617188,-588.5621337890625
666.0115867516993,-590.9147490399125,671.4618724157551,-582.7258210208615,668.1432495117188,-587.7119750976562
664.7024967671426,-590.0776162957421,670.1838023123396,-581.9171338465907,666.8671875,-586.8548583984375
663.4019345373245,-589.2217380705504,668.8995759798943,-581.1139012771574,665.5927734375,-585.99072265625
662.0978800965418,-588.3660961274215,667.6137446986197,-580.3063799998092,664.3197631835938,-585.1195068359375
660.7997106759884,-587.4955014165379,666.3456655100262,-579.4708042093134,663.048828125,-584.2411499023438
659.5004506142077,-586.6212528180101,665.0674278807661,-578.6444250009748,661.7796630859375,-583.3554077148438
658.2029876559109,-585.7418363928263,663.8013606680632,-577.7905850198304,660.5117797851562,-582.4627075195312
656.9121846332853,-584.8466531063634,662.5289965476092,-576.9448554916333,659.2462158203125,-581.5631103515625
655.6188639891589,-583.9513661527407,661.266894515882,-576.0774321183136,657.9822998046875,-580.656494140625
654.3267795391266,-583.0425954705319,660.0027295643148,-575.2195107400994,656.7216186523438,-579.7418212890625
653.0369852493689,-582.1325771350439,658.747380456097,-574.336702187563,655.4633178710938,-578.8201293945312
651.7505928468985,-581.2207480812718,657.4803983705398,-573.453954845811,654.2059326171875,-577.8925170898438
650.4688059326652,-580.3022085508344,656.2120884444183,-572.5634360616666,652.9492797851562,-576.9598999023438
649.1862763129355,-579.3815338658637,654.9553874348163,-571.6513231172273,651.6931762695312,-576.0224609375
647.9037318029799,-578.4565868185343,653.6887994722667,-570.7480347376367,650.4376220703125,-575.0802001953125
646.6211340566975,-577.5275202251759,652.4338648942874,-569.8251648487357,649.1827392578125,-574.1331787109375
645.3359066149185,-576.5988363383456,651.1700371732007,-568.9086806649918,647.9284057617188,-573.1815795898438
644.054816152026,-575.6611949862199,649.9162880409638,-567.975006444632,646.6748046875,-572.2255859375
642.773663915569,-574.7219945440718,648.6547239948029,-567.0442035042635,645.4213256835938,-571.2654418945312
641.4877743335757,-573.7804131174587,647.3980524645622,-566.109014159459,644.1688232421875,-570.3004760742188
640.2155220486159,-572.8195110589986,646.1493070739295,-565.1571090650942,642.9169921875,-569.3310546875
638.937717843698,-571.8632611426025,644.8929511895237,-564.2107993603072,641.6659545898438,-568.3574829101562
637.6766048098582,-570.8839228954052,643.6439783828507,-563.2482032613614,640.4150390625,-567.3798828125
636.4134593338173,-569.9020080670808,642.3901530311343,-562.291050574638,639.1649169921875,-566.398193359375
635.1562263020318,-568.9109870875415,641.1340363934296,-561.3303583884433,637.9149780273438,-565.4125366210938
633.8992931111238,-567.915143390559,639.8903837148412,-560.3521951682275,636.6657104492188,-564.4229125976562
632.6436412370259,-566.915354380445,638.6367732543004,-559.3811417916177,635.4166259765625,-563.4293212890625
631.3909275764322,-565.9071739034416,637.3947464383978,-558.394043832922,634.168212890625,-562.4317016601562
630.1378018924072,-564.8953901851019,636.1446326049357,-557.4148475632671,632.9205932617188,-561.4298706054688
628.8846474392678,-563.8823106380479,634.9049554829262,-556.4170263647094,631.6734619140625,-560.4241333007812
627.6325215835234,-562.863069097398,633.6586697945795,-555.4263520466573,630.4271850585938,-559.4142456054688
626.380601746906,-561.8410893467584,632.4138691625641,-554.4296090952234,629.1815795898438,-558.4002685546875
625.1277788684616,-560.8180695106289,631.1852997921234,-553.4089033868624,627.9366455078125,-557.3824462890625
623.8760762159587,-559.7902328239242,629.9459960761712,-552.3989994648697,626.6925048828125,-556.3607177734375
622.6239605287983,-558.7609876993096,628.721099311611,-551.3669096229739,625.4488525390625,-555.335205078125
621.3780831172091,-557.720487671147,627.4887027189661,-550.3417288102054,624.2058715820312,-554.3058471679688
620.2208896090585,-556.7513284045987,626.3552199935732,-549.374364864193,623.0521850585938,-553.3464965820312
619.0670041264468,-555.7768142818072,625.2154253891351,-548.4114976699623,621.8992309570312,-552.384033203125
617.9135744804263,-554.7976710372071,624.0747457149893,-547.4487994528209,620.7470092773438,-551.4180297851562
616.7590148209632,-553.8162172489752,622.948410421325,-546.4681848691413,619.5958251953125,-550.4483642578125
615.6086634408147,-552.8281903153401,621.8107848209187,-545.49766792403,618.445556640625,-549.4751586914062
614.4582025771539,-551.8393324503905,620.6878037586202,-544.5058548173049,617.2960205078125,-548.4986572265625
613.3079239660267,-550.8473687280186,619.5556265509551,-543.5229054422184,616.147216796875,-547.5187377929688
612.1565725608616,-549.8553497260579,618.4340639635888,-542.5240098876832,614.9990844726562,-546.53564453125
611.008749144119,-548.8567815553373,617.3014040572922,-541.5360550430072,613.8516845703125,-545.5493774414062
609.8600420514414,-547.8557237850456,616.1852443533561,-540.5280071497407,612.7051391601562,-544.5596923828125
608.7165837761783,-546.8475625539619,615.0604386205126,-539.5256902551407,611.5591430664062,-543.5667724609375
607.5742484956899,-545.8352467584168,613.9452826956085,-538.5112901024931,610.4140625,-542.5706787109375
606.433348354487,-544.8188021435212,612.8241266587721,-537.5015073388165,609.2697143554688,-541.5712280273438
605.2905491594578,-543.8037189335284,611.6988813058992,-536.4921728498566,608.1259155273438,-540.5687255859375
604.147188092315,-542.7861544346885,610.5828888132544,-535.4715797988356,606.9829711914062,-539.5631103515625
603.0045526440514,-541.7667193639882,609.456998747633,-534.4583723914775,605.840576171875,-538.5545043945312
601.8622322645529,-540.7444668986486,608.3448332467027,-533.4283160044153,604.698974609375,-537.54296875
600.7210404832211,-539.7190217870391,607.2262851600378,-532.4028718659459,603.5579833984375,-536.5284423828125
599.5816536065852,-538.689611072809,606.1154588624454,-531.3667632841007,602.417724609375,-535.5110473632812
598.4424664355723,-537.6590039028473,604.9984742131102,-530.3338007650277,601.2778930664062,-534.4909057617188
597.3056830138286,-536.6230066495975,603.8793051170194,-529.3014639360143,600.1384887695312,-533.4678955078125
596.1680854742717,-535.5847414701352,602.7694848508845,-528.2583624249386,598.9998779296875,-532.4419555664062
595.0321378511635,-534.5436581439562,601.6524117626885,-527.2206209245502,597.862060546875,-531.413330078125
593.8977636363761,-533.4996971946757,600.5420982744624,-526.1719362915131,596.7246704101562,-530.3820190429688
592.7608455336962,-532.4564856514337,599.4246236604421,-525.1287291598954,595.587646484375,-529.3480224609375
591.6240643642149,-531.4106779910295,598.3148878061171,-524.0764985648709,594.451416015625,-528.3114624023438
590.488624623389,-530.3635293832273,597.1964085088114,-523.0280359442903,593.315185546875,-527.2724609375
589.3521275468112,-529.3143817184184,596.0857035371948,-521.9714609074305,592.1795654296875,-526.2310791015625
588.2192361857576,-528.2598411550276,594.967919408129,-520.9192720159424,591.0441284179688,-525.1871948242188
587.0873036713335,-527.2030223662173,593.8552217687488,-519.8578511179694,589.90869140625,-524.1409912109375
585.9541312462402,-526.1438586180035,592.7383398150729,-518.8024603931393,588.7739868164062,-523.0924072265625
584.8234340653133,-525.0809303796104,591.6248750159021,-517.7399558437426,587.6395874023438,-522.0413818359375
583.6877521293213,-524.0211593758455,590.5056890198351,-516.6825642304099,586.5057373046875,-520.9879760742188
582.5535985994164,-522.9578453088935,589.3915050731575,-515.6179363366466,585.3723754882812,-519.93212890625
581.4160682089481,-521.8960257631765,588.2709494903345,-514.5584564746059,584.239501953125,-518.873779296875
580.2796649064915,-520.8330096167913,587.1550586347387,-513.4902331686305,583.1070556640625,-517.8134155273438
579.1436644844822,-519.7687346142733,586.0318573876284,-512.4266056433356,581.9747314453125,-516.7510986328125
578.0084693126482,-518.7011818899344,584.9142495012062,-511.3554749932636,580.8424682617188,-515.6866455078125
576.8705803085459,-517.6340764743627,583.7909648438828,-510.28993026723856,579.7106323242188,-514.6201171875
575.734762587867,-516.5641682354903,582.6712694683376,-509.2163919118296,578.5787353515625,-513.5515747070312
574.596617803982,-515.4933979517449,581.5475246487334,-508.1478323897792,577.447265625,-512.4808959960938
573.4551043544403,-514.4222521056961,580.4291796625087,-507.0747745454997,576.3165283203125,-511.4076232910156
572.3139048974203,-513.3469580238997,579.3073417581139,-506.00667525169735,575.1869506835938,-510.3314208984375
571.1687615054278,-512.2725827497927,578.1847027229805,-504.9394752093521,574.0587158203125,-509.2519836425781
570.0249551534366,-511.19483691709786,577.0664871824548,-503.86648279415624,572.9320068359375,-508.16937255859375
568.8791590095238,-510.11579096921866,575.9441206380534,-502.7981335425065,571.8070068359375,-507.0832214355469
567.7308780956366,-509.0378930387518,574.826077944872,-501.7232908973884,570.6837768554688,-505.9936828613281
566.5842034525192,-507.95772008764936,573.7021418641583,-500.65094003472745,569.56201171875,-504.9009094238281
565.4343294047173,-506.87840242744585,572.5790235841426,-499.5771476377126,568.4419555664062,-503.80487060546875
564.2858487273776,-505.79614200923953,571.4574623476935,-498.4991087636515,567.3233642578125,-502.70550537109375
563.1335188413898,-504.7153231510987,570.331545606517,-497.4246640984286,566.2064819335938,-501.6028137207031
561.982175639937,-503.6311009016127,569.2092398981133,-496.3458117575687,565.0914916992188,-500.4967346191406
560.8281034084786,-502.54601267856896,568.0831498207147,-495.27121622935397,563.9786376953125,-499.38690185546875
559.6735240335962,-501.45762622597573,566.9564162804865,-494.1982799620197,562.868408203125,-498.2730712890625
558.5200799870631,-500.3684588097759,565.834693201395,-493.117582971919,561.7609252929688,-497.1558532714844
557.3690322097654,-499.28012596135665,564.7097915591576,-492.0437281046114,560.658447265625,-496.0374755859375
556.218441489585,-498.1936077911292,563.5972828796234,-490.9640249014835,559.5616455078125,-494.91802978515625
555.0717147900607,-497.1002357665715,562.4785287847072,-489.8872584721866,558.4669189453125,-493.79388427734375
553.9228111429992,-496.0037079781893,561.3635530648903,-488.8104676130057,557.3759765625,-492.6654052734375
552.7762614615349,-494.90492173264545,560.2515216813795,-487.7262716548646,556.2880249023438,-491.5325012207031
551.6304729639196,-493.80370537064124,559.13356280501,-486.6461684594303,555.2033081054688,-490.3954162597656
550.4836405623605,-492.7043762087506,558.0199024994185,-485.55652735448996,554.12109375,-489.25439453125
549.3369356923977,-491.6012648695338,556.9006948985334,-484.47124073618653,553.04150390625,-488.109130859375
548.1880076575768,-490.49621018408664,555.7894222234305,-483.37825785277823,551.9649658203125,-486.95947265625
547.0484580045272,-489.3824749651415,554.6700346963647,-482.2867397010179,550.8905639648438,-485.8054504394531
545.907674373502,-488.26943875822906,553.5483570841761,-481.1923981134743,549.8180541992188,-484.64752197265625
544.7715540239345,-487.1474400260943,552.438747661773,-480.0856412171553,548.7476196289062,-483.4853210449219
543.6329596464172,-486.0215640185923,551.3225939320188,-478.98535256008427,547.679931640625,-482.3184814453125
542.4941683001083,-484.8928743116113,550.2178566428424,-477.8715223499167,546.6148681640625,-481.1468811035156
541.3692753436371,-483.75237077836465,549.105222750102,-476.758496084443,545.5518188476562,-479.9710388183594
540.2417427930485,-482.61171935732887,547.993390892963,-475.6422336235654,544.4910278320312,-478.79119873046875
539.1198993921843,-481.4596038566331,546.8990167759632,-474.5097406264447,543.4326782226562,-477.6065673828125
537.9949517020316,-480.30177906868335,545.7967553958503,-473.3866758690631,542.3781127929688,-476.4167785644531
536.8692634119742,-479.142618834133,544.7122611353749,-472.24392116093105,541.326904296875,-475.2216796875
535.7593140573554,-477.964800868033,543.6216644552941,-471.1053808248875,540.279541015625,-474.02117919921875
534.6447613645802,-476.7864747952759,542.5340511884126,-469.96274413038327,539.236328125,-472.8150634765625
533.5395221442982,-475.59438025124274,541.4690766378317,-468.7997867913641,538.1976928710938,-471.6029357910156
532.433948195007,-474.3992440000706,540.3946865070457,-467.64247836107296,537.1637573242188,-470.384765625
531.328485997184,-473.20148178811763,539.3382731296258,-466.46711811594616,536.1345825195312,-469.1606750488281
530.2360997601928,-471.9880849647789,538.2766477523156,-465.2946089858227,535.1104125976562,-467.9303894042969
529.140384461965,-470.7737961418502,537.2183164742733,-464.1171128601559,534.0914306640625,-466.69384765625
528.0553458704745,-469.5490897665598,536.179250371802,-462.9203603802416,533.0775146484375,-465.45123291015625
526.9716090136892,-468.321530753385,535.1312216663262,-461.7273927151581,532.0684204101562,-464.20257568359375
525.890602090366,-467.08954259920216,534.0991314704206,-460.5186454824075,531.064208984375,-462.9480895996094
524.8239946682121,-465.840439829592,533.0623814476771,-459.3125089434114,530.0652465820312,-461.6873779296875
523.754989263778,-464.591428888841,532.0276304555382,-458.1015041070231,529.0714721679688,-460.4206237792969
522.699148753806,-463.33089507019724,531.0107952334326,-456.8728362424944,528.0826416015625,-459.1479797363281
521.6450053603766,-462.0658305535215,529.9865260309172,-455.64771394268917,527.0989379882812,-457.8694763183594
520.5963380154132,-460.79560302737826,528.964226754492,-454.4174741438893,526.1201171875,-456.5852966308594
519.5657270878072,-459.5103179168217,527.9619818753519,-453.16882098570835,525.1460571289062,-455.2956237792969
518.5358009444484,-458.22712028186425,526.9486705998685,-451.9235166123724,524.176025390625,-454.0010070800781
517.5138444176267,-456.93980068743986,525.951822217193,-450.6615186175767,523.20947265625,-452.70196533203125
516.5133009618569,-455.6384439336383,524.9475320241681,-449.40066836109054,522.2457275390625,-451.39886474609375
515.5097436321661,-454.3390754915768,523.9446096632697,-448.13558359395535,521.2845458984375,-450.0919494628906
514.5207362159559,-453.0298233956814,522.961600249807,-446.8524115134387,520.3255615234375,-448.7815856933594
513.6078950648347,-451.81953400085683,522.0454627361829,-445.67250304810227,519.4421997070312,-447.5690612792969
512.6971618452571,-450.6053372651309,521.1468380677454,-444.4784787121805,518.5608520507812,-446.35357666015625
511.7979506153413,-449.3795283646643,520.2405559453285,-443.28908011304,517.6817626953125,-445.1349792480469
510.89687605738527,-448.1560837810372,519.33291803051,-442.09749289334604,516.804443359375,-443.91339111328125
510.0042942618185,-446.92459201555806,518.4497477619358,-440.8870431685611,515.9291381835938,-442.6889953613281
509.1116654566085,-445.6925888845368,517.5527717830753,-439.68415667592734,515.0555419921875,-441.4617004394531
508.21804346985107,-444.4581719747851,516.6769631208977,-438.465248149773,514.1839599609375,-440.2314758300781
507.33365638176065,-443.21618748670704,515.7888691484892,-437.25309469750124,513.3142700195312,-438.9983215332031
506.44672604603085,-441.9745029082503,514.920807463557,-436.0249676076304,512.4464111328125,-437.76220703125
505.56631823622297,-440.7260421750838,514.0423387812533,-434.80272295571797,511.58050537109375,-436.52313232421875
504.68542930419414,-439.4767210700152,513.1834389152212,-433.56518023997296,510.7165832519531,-435.2812194824219
503.80619125009684,-438.22502627472335,512.3161904782579,-432.3317871308909,509.8545837402344,-434.0364685058594
502.9391822903877,-436.9612947082515,511.4508428536263,-431.096309267323,508.9947814941406,-432.7886657714844
502.0706387665043,-435.7017672392399,510.61156654874424,-429.83938980604535,508.1365051269531,-431.5382385253906
501.2136317639372,-434.432661565788,509.7568025225576,-428.5917036872232,507.2798156738281,-430.28521728515625
500.35526683591706,-433.16147852228727,508.9278990513747,-427.32528917187267,506.4248352050781,-429.02935791015625
499.49901252464196,-431.8864857044267,508.0876888919888,-426.0654683890475,505.5717468261719,-427.7706604003906
498.6593557499345,-430.5989326478901,507.2687478324507,-424.78991014440936,504.7206115722656,-426.50921630859375
497.81361702797955,-429.3144155809566,506.44155885668613,-423.5180963697959,503.8712158203125,-425.244873046875
496.98344899482004,-428.0158518370261,505.6324424717212,-422.23395679017847,503.0240783691406,-423.9776611328125
496.1526201103803,-426.718560008742,504.8164728618849,-420.9520265272943,502.17877197265625,-422.7076416015625
495.3260958779123,-425.4166138876902,504.0023340564087,-419.6677505778681,501.3354187011719,-421.4348449707031
494.5113596382809,-424.10483995294624,503.2083325988174,-418.3692070916278,500.494140625,-420.1592102050781
493.6930726628802,-422.79465819707525,502.4047605946641,-417.0754554495358,499.65484619140625,-418.8807678222656
492.88515766043184,-421.4779825419521,501.6164406779527,-415.7699387710458,498.8174133300781,-417.59979248046875
492.07533875676074,-420.1608435073206,500.8211945072783,-414.46799046672766,497.98187255859375,-416.316162109375
491.2727160367113,-418.8381859412852,500.02727717757557,-413.1637564118349,497.1481628417969,-415.0299072265625
490.4703303242191,-417.51476976198853,499.24841125520766,-411.8485546910194,496.3163146972656,-413.7412109375
489.6695459641923,-416.18905275733016,498.4610264051947,-410.5374906409141,495.4861755371094,-412.4498596191406
488.8764176850825,-414.8585028386868,497.68465629527117,-409.2175982075446,494.65765380859375,-411.1561279296875
488.08003094801,-413.52797559887296,496.9008820103935,-407.9017367058278,493.83087158203125,-409.8598937988281
487.290685567832,-412.1919072392544,496.1281140438546,-406.57766062657294,493.0058288574219,-408.5611877441406
486.4994761114219,-410.8545132931464,495.3493683644055,-405.257046206001,492.1827697753906,-407.2598876953125
485.7118822633437,-409.512492016418,494.5726738388295,-403.93473466099044,491.3619079589844,-405.95587158203125
484.9242804658434,-408.1697430538862,493.8052842027959,-402.6052709100457,490.5431823730469,-404.649169921875
484.13963202640207,-406.826943078983,493.0301744627132,-401.2775816762206,489.72601318359375,-403.3399963378906
483.35674692938585,-405.48053487512124,492.2635267981563,-399.9445208531923,488.9107971191406,-402.0284118652344
482.57097860372227,-404.1327382413697,491.4913895125394,-398.61487929359294,488.0977783203125,-400.71405029296875
481.78985715626806,-402.7820846391031,490.72605317574096,-397.2791438624262,487.2867736816406,-399.3970642089844
481.0084169067303,-401.4320803884982,489.9547757137478,-395.9448699607316,486.4775085449219,-398.07763671875
480.2298476742485,-400.07902328805227,489.19098201029743,-394.6050618385294,485.6700744628906,-396.7558288574219
479.4501260178434,-398.72304213712056,488.4225804846524,-393.26857706368236,484.8648986816406,-395.43133544921875
478.6718108201984,-397.3652103225983,487.6547382247397,-391.93050722662264,484.06195068359375,-394.1041564941406
477.8941221715789,-396.005967852145,486.89325068054586,-390.58757303961323,483.26129150390625,-392.7743835449219
477.11745869368224,-394.64591516794763,486.1259991147499,-389.24632091858905,482.46270751953125,-391.4420471191406
476.3395751946547,-393.28461288793454,485.3640267402879,-387.90121583369313,481.66632080078125,-390.1070251464844
475.5612460055615,-391.92287275979515,484.59731615415643,-386.5575965831305,480.87213134765625,-388.76947021484375
474.7849046038467,-390.56122178846823,483.8328578313611,-385.2095615675798,480.07958984375,-387.4295349121094
474.0078293975277,-389.19697766174164,483.06873409721857,-383.8615326873988,479.28912353515625,-386.0871276855469
473.22709362905204,-387.8331371742708,482.29877249661575,-382.5162288865267,478.5008544921875,-384.7421875
472.4472184765903,-386.4678393435361,481.53385084016185,-381.16675498901367,477.71478271484375,-383.394775390625
471.6653456571326,-385.1034001232646,480.76319202604327,-379.81874270880394,476.9306945800781,-382.044921875
470.8850505296147,-383.73771981743033,479.9958349452783,-378.466788684604,476.14837646484375,-380.69268798828125
470.10140316323225,-382.37155145306673,479.22389745659376,-377.11730054957746,475.3681640625,-379.33807373046875
469.31883134987095,-381.0035324527985,478.45573024681636,-375.76424929848974,474.5899658203125,-377.98095703125
468.534766932075,-379.6358255338777,477.682633747298,-374.41252173138173,473.81378173828125,-376.62158203125
467.75156857432756,-378.2657310079533,476.91337630220863,-373.0577180862018,473.0396423339844,-375.2597351074219
466.965862010714,-376.89453165679845,476.13973979794633,-371.7052280720954,472.26788330078125,-373.8953857421875
466.18152780908247,-375.52147529209486,475.36999104780745,-370.3492335547323,471.49847412109375,-372.5285339355469
465.39526878855685,-374.1490970196366,474.5948785754622,-368.9941909807215,470.7311706542969,-371.1591796875
464.6112194576233,-372.77570890234733,473.8230784115346,-367.63484969038285,469.9656982421875,-369.78753662109375
463.82419835529333,-371.4021396426517,473.04618027062173,-366.27761006522456,469.2022399902344,-368.41363525390625
463.0385796418502,-370.0261810966325,472.27303948887936,-364.91729031422324,468.44085693359375,-367.03741455078125
462.2504316610533,-368.6506624471939,471.49444628097126,-363.55857540329754,467.6815185546875,-365.658935546875
461.46326447501855,-367.27266076040786,470.7203176385423,-362.1966874370859,466.92437744140625,-364.27813720703125
460.6741453581783,-365.8950226496157,469.94047995468117,-360.8361788889417,466.1692810058594,-362.89501953125
459.88625619069984,-364.5151618159796,469.1655555722362,-359.47201100222367,465.4163513183594,-361.5096435546875
459.0961188899551,-363.13634555216214,468.3851740004477,-358.10875785940874,464.66534423828125,-360.1220703125
458.3072201099972,-361.75556478903184,467.60832746022766,-356.742280181681,463.916259765625,-358.7322998046875
457.51904004976416,-360.37474124576346,466.8254283194486,-355.37677914728494,463.1688232421875,-357.3405456542969
456.72843746344637,-358.99388746798894,466.04754675967973,-354.0073447388753,462.42303466796875,-355.94677734375
455.9390519621626,-357.61121537219014,465.2647620140312,-352.6391481265287,461.6788635253906,-354.5509948730469
455.14802758113825,-356.2287275186834,464.48471601311337,-351.26794286609965,460.9362487792969,-353.1533203125
454.35867238588514,-354.8445835395248,463.69897873772385,-349.8981580283692,460.195068359375,-351.7537536621094
453.5698917244346,-353.45935191149164,462.91740369487354,-348.5248231828136,459.455322265625,-350.3524475097656
452.7799405010884,-352.07542049071805,462.1292571583841,-347.15236215561265,458.7165222167969,-348.94940185546875
451.99238727074743,-350.69142526886696,461.34577025292657,-345.774903444901,457.9783020019531,-347.54498291015625
451.2031509839891,-349.30937012771085,460.55624911447853,-344.3981762614548,457.240234375,-346.1393737792969
450.4165519861462,-347.9274250765559,459.77053571292623,-343.01683730799067,456.5018310546875,-344.7328186035156
449.62952910915766,-346.54520542700124,458.9845732620494,-341.6342991690626,455.7630310058594,-343.325439453125
448.84050187112473,-345.16396431328866,458.19226805316316,-340.25329909805464,455.0235595703125,-341.9172058105469
448.053587688943,-343.7822495909082,457.40432987634614,-338.86825854363525,454.2832336425781,-340.5084533691406
447.2649743460101,-342.40070607334746,456.6102557520551,-337.4850443464063,453.5418701171875,-339.0990295410156
446.47814710671554,-341.0173187616803,455.8211044718054,-336.0982166230727,452.7995300292969,-337.6890869140625
445.6905316243301,-339.63219466216725,455.02645387549455,-334.71387383795627,452.0564270019531,-336.2785339355469
444.90011045208166,-338.2483454223183,454.23747680895787,-333.3253115523023,451.3124694824219,-334.86749267578125
444.1120454296296,-336.8643537584689,453.4432113694322,-331.93768860715204,450.5672912597656,-333.45611572265625
443.3224011311796,-335.4810427053464,452.65310521331196,-330.54641937267525,449.8206787109375,-332.04437255859375
442.5349196389043,-334.09463689881136,451.85863051194144,-329.15702562538087,449.0728759765625,-330.6322937011719
441.74413554651625,-332.7102699085476,451.0669390591657,-327.7647260066581,448.32366943359375,-329.219970703125
440.95506165737993,-331.32414298168726,450.26974339832367,-326.37458627231103,447.5731201171875,-327.8074951171875
440.16451432989635,-329.9388934795473,449.47829204122485,-324.9800900555007,446.8210144042969,-326.3948669433594
439.37334705607907,-328.55285531277224,448.6819069329993,-323.5873249274166,446.0673522949219,-324.9820251464844
438.585544806211,-327.16570779354845,447.8888731094936,-322.19131283892045,445.3119201660156,-323.5691833496094
437.7940416311757,-325.7803245989515,447.0898832577626,-320.79728283190883,444.5545654296875,-322.1563415527344
437.00532485251694,-324.39211287395113,446.29692940505174,-319.3993003965577,443.7953796386719,-320.7434997558594
436.2133258941416,-323.0078429733221,445.49778529310544,-318.0026554394067,443.03387451171875,-319.3309326171875
435.4261857504081,-321.62470864030996,444.7036058801813,-316.6007010030854,442.2692565917969,-317.9189758300781
434.6396574337294,-320.244171900577,443.90372940161853,-315.1998405288205,441.50103759765625,-316.50811767578125
433.8501242211814,-318.86511728920266,443.10856169133194,-313.79529256719906,440.7290344238281,-315.0982971191406
433.063873414922,-317.48479960186705,442.3080316250751,-312.3924613002085,439.9530944824219,-313.6897277832031
432.27615512361183,-316.10888513750405,441.51163815707736,-310.98502801258854,439.1725158691406,-312.28277587890625
431.48977273782265,-314.7278376759735,440.7103013533447,-309.5806767605957,438.3878479003906,-310.87713623046875
430.70143440484514,-313.3504793107338,439.9089654730524,-308.17432020068196,437.59857177734375,-309.47314453125
429.9146532890884,-311.96819154662006,439.11044994947656,-306.76647018172224,436.8051452636719,-308.07049560546875
429.12543648239466,-310.589648420195,438.30693709202853,-305.35947718022794,436.0071105957031,-306.6695556640625
428.33873300429883,-309.20797987997713,437.5069945699826,-303.94972103858504,435.2045593261719,-305.2702331542969
427.54763107118447,-307.826159211002,436.7025821635451,-302.5420505551821,434.3977355957031,-303.87237548828125
426.7606366697105,-306.44297975971443,435.90144742527133,-301.1308875426265,433.5863952636719,-302.47625732421875
425.9680901798912,-305.0593124747767,435.09575900695563,-299.7219908092048,432.77081298828125,-301.08148193359375
425.17882516243253,-303.67312431526864,434.2932540588425,-298.31012183968454,431.9510498046875,-299.68829345703125
424.3896025260574,-302.2887447968092,433.4855239691005,-296.89926370665376,431.12664794921875,-298.29693603515625
423.59759977577266,-300.9053654873592,432.6784664162453,-295.48676270044155,430.29754638671875,-296.907470703125
422.80815021967163,-299.5198967944948,431.8736456853272,-294.07162673832914,429.46368408203125,-295.5199890136719
422.0142078795623,-298.1321369402489,431.0660411545072,-292.65818452225733,428.62554931640625,-294.134033203125
421.22346909983185,-296.7423959565361,430.25835133609894,-291.24330081996345,427.7830810546875,-292.7498779296875
420.43160066240245,-295.3519363223315,429.4466310847111,-289.82952871892576,426.9361877441406,-291.36737060546875
419.63764532376797,-293.964340170698,428.63372909819606,-288.41407706033203,426.08447265625,-289.98687744140625
418.8461201923908,-292.5735704970202,427.8212561549271,-286.9973696118454,425.22808837890625,-288.6084899902344
418.050492462168,-291.1827718734051,427.0059013426567,-285.58137287202817,424.3670654296875,-287.2319030761719
417.25871765731415,-289.7907899471035,426.1911170276094,-284.16266825833225,423.5011291503906,-285.8575744628906
416.46640596036684,-288.3959359274728,425.37302784762824,-282.7451001513651,422.6304016113281,-284.48516845703125
415.67095880754516,-287.00565336524306,424.55692082651063,-281.3232702120657,421.75445556640625,-283.1153869628906
414.8784374189151,-285.61146126876963,423.73769136407134,-279.9018918672414,420.8731994628906,-281.74798583984375
414.0815210948083,-284.220685032691,422.91932254605797,-278.47744820902074,419.9864196777344,-280.3833923339844
413.2867166351809,-282.8234768666605,422.095994934242,-277.0560044748961,419.0945129394531,-279.0210876464844
412.48482248489796,-281.42823908005323,421.2716743499384,-275.6339563845048,418.1976623535156,-277.6610412597656
411.68666532395105,-280.0293711062298,420.4441169152696,-274.2121995348711,417.2958679199219,-276.3034362792969
410.8819489943463,-278.63318447293443,419.61438608559416,-272.78986465666304,416.38897705078125,-274.9481506347656
410.0801143309691,-277.23317623556846,418.7834272226586,-271.3666368149374,415.4770812988281,-273.5953063964844
409.27551858770124,-275.83235704720454,417.95025602026976,-269.94347780579756,414.5602722167969,-272.2447814941406
408.4662261745269,-274.43327098731,417.1145157051344,-268.5200595528831,413.6385498046875,-270.896728515625
407.6606891464629,-273.0293662083108,416.2781713990823,-267.09539302292774,412.7119445800781,-269.55108642578125
406.8465821355704,-271.6295564237404,415.4408177911265,-265.6694570232328,411.78045654296875,-268.2079162597656
406.03592210926263,-270.22659577552196,414.60067057281833,-264.24261976253365,410.8438720703125,-266.8674011230469
405.22488067607935,-268.8225070790898,413.7517483251936,-262.8193090366825,409.90203857421875,-265.5296325683594
404.4695034825146,-267.5420973923945,412.9743302136601,-261.5122078970541,409.0342712402344,-264.3056945800781
403.71870798573076,-266.2559292716023,412.1902970971543,-260.2087243839171,408.1622314453125,-263.08404541015625
402.95623861009665,-264.9760604776199,411.40650574033305,-258.9034487191551,407.2859191894531,-261.8646240234375
402.19772389161466,-263.69174415199916,410.6160364268809,-257.6009579393862,406.4053039550781,-260.6474914550781
401.4374940780128,-262.40581059022463,409.824960720618,-256.29807811168126,405.52056884765625,-259.4325256347656
400.65951530596374,-261.1319447072446,409.03024583949747,-254.9954736448708,404.6316833496094,-258.2200012207031
399.8885405352741,-259.8505566799301,408.2275486422166,-253.69711635251628,403.738525390625,-257.0096130371094
399.1014286532113,-258.57824865653816,407.4262730551474,-252.39751509066568,402.8415222167969,-255.8014373779297
398.3204161368973,-257.2997390321349,406.6187605316334,-251.1009959894774,401.940673828125,-254.595458984375
397.5242982544777,-256.03003081584285,405.81092626619915,-249.8036130278497,401.0359802246094,-253.39141845703125
396.7339346564148,-254.75538817516488,405.0023052706684,-248.50377013842484,400.1273498535156,-252.18966674804688
395.9291037564284,-253.4891721374153,404.1859277633992,-247.2092010322012,399.2149353027344,-250.9900360107422
395.12846133888735,-252.21784299158585,403.3728457319529,-245.9108852541606,398.298828125,-249.79251098632812
394.3253829436367,-250.94663405037198,402.5493815593952,-244.61886630098567,397.3790283203125,-248.59707641601562
393.50026930750806,-249.69120482710483,401.7278228086754,-243.32269419396675,396.45538330078125,-247.40380859375
392.68468761845736,-248.42708330390167,400.8947995802969,-242.0335744590174,395.5279846191406,-246.21290588378906
391.84893558804447,-247.17544532022677,400.06382511654454,-240.7438712178356,394.5970764160156,-245.0238800048828
391.0223803983302,-245.9171774059031,399.2194020042516,-239.45877102512532,393.66217041015625,-243.83729553222656
390.1752433895287,-244.67243911228644,398.3737839137762,-238.17520744571624,392.72357177734375,-242.65292358398438
389.3341683189344,-243.4215428862363,397.5267610747243,-236.89086128403352,391.7812805175781,-241.47084045410156
388.4885996632533,-242.17251874170543,396.65024873766475,-235.62867543483407,390.8352966308594,-240.29098510742188
387.6148655220162,-240.94519049879347,395.77547719612716,-234.36284774308373,389.8856201171875,-239.1136016845703
386.75151188002224,-239.70683809965186,394.8841964214788,-233.11133144431548,388.932373046875,-237.9381866455078
385.8637153791858,-238.4868659599471,393.99078153208484,-231.86049832197116,387.9757080078125,-236.76486206054688
384.98515826161355,-237.2586314873107,393.0930780756809,-230.61102893979933,387.015625,-235.5938720703125
384.08451806024226,-236.04768236898397,392.1780951863603,-229.37233843749232,386.0517272949219,-234.42518615722656
383.19083082413334,-234.8304193364267,391.2623591285118,-228.1310624625177,385.08392333984375,-233.2591552734375
382.29210125561326,-233.6156968831841,390.34165640552925,-226.89422120795524,384.1124267578125,-232.095703125
381.36668641386603,-232.4219129883839,389.4068303118016,-225.66705940184093,383.136962890625,-230.93463134765625
380.4520253043262,-231.21768652599346,388.4740052453112,-224.43830152601657,382.1578674316406,-229.7760772705078
379.51620459099513,-230.03026187851435,387.53232773392324,-223.21510242324385,381.17498779296875,-228.6199951171875
378.58977904695365,-228.83448951280664,386.5879329068599,-221.98969269923634,380.1880187988281,-227.4667205810547
377.64442553237285,-227.6532948816958,385.64087335282096,-220.7663837560552,379.1970520019531,-226.31610107421875
376.706552679288,-226.4649190784591,384.67975615204415,-219.55293663828635,378.2021179199219,-225.1684112548828
375.7646363533887,-225.2793758825569,383.718136727509,-218.33567551327732,377.20281982421875,-224.02378845214844
374.8029846498364,-224.11023073317634,382.75338338343687,-217.11879477096738,376.19915771484375,-222.88246154785156
373.8501142004713,-222.93277150927162,381.76266131833313,-215.92090162475935,375.19085693359375,-221.74464416503906
372.8834684580019,-221.76536665628788,380.7770683842536,-214.7205043925474,374.1781311035156,-220.6099090576172
371.9271745235048,-220.58811786333783,379.7730444112098,-213.53270865130915,373.160888671875,-219.47869873046875
370.9515387978838,-219.42702218290782,378.7669810942546,-212.34441639661534,372.138916015625,-218.35098266601562
369.98545698983133,-218.25724594153692,377.7525454945103,-211.15643834895056,371.11181640625,-217.22750854492188
369.0173221155738,-217.08886127159988,376.7179657290638,-209.98194831928993,370.0793151855469,-216.10874938964844
368.0200139637747,-215.94595342903958,375.6844809792408,-208.80587190300506,369.04132080078125,-214.99452209472656
367.03862314103714,-214.7873856609001,374.6412993128466,-207.63342664592366,367.9974365234375,-213.88516235351562
366.0259726175149,-213.65560983153452,373.5844182465036,-206.48110280926772,366.94842529296875,-212.78001403808594
365.0280876470211,-212.50773759345591,372.5320013966123,-205.32797462068964,365.8946228027344,-211.6786346435547
363.99887160028345,-211.388934455407,371.4663859028493,-204.1842415995864,364.8359375,-210.58132934570312
362.98304526467973,-210.25707767990886,370.3961535457641,-203.03716576827287,363.7718811035156,-209.48880004882812
361.93407640736496,-209.157153096502,369.3188597406508,-201.8912401406286,362.70208740234375,-208.40150451660156
360.89499783172624,-208.04624466659942,368.230431725948,-200.7562131646904,361.62652587890625,-207.31924438476562
359.84988266158325,-206.93997406058193,367.14419145521146,-199.62117974673382,360.54559326171875,-206.24192810058594
358.77132233512367,-205.86597196597182,366.0550005002434,-198.49174254034293,359.45953369140625,-205.16920471191406
357.7096339305074,-204.77426759327525,364.94900817846894,-197.37622042857978,358.3681945800781,-204.1012725830078
356.61819897761666,-203.71207198084576,363.8465128467215,-196.25750048657738,357.271728515625,-203.0380859375
355.5407932901371,-202.63423745971207,362.7340955764915,-195.15211664321149,356.1704406738281,-201.97930908203125
354.4378506587316,-201.58232914342096,361.62196818174016,-194.04520800223665,355.0643615722656,-200.92503356933594
353.3459296047669,-200.517638071491,360.50908850706986,-192.94275312644973,353.95379638671875,-199.8748321533203
352.24919511530123,-199.45721314001372,359.3785138076641,-191.85709921301012,352.83868408203125,-198.82879638671875
351.1253743745816,-198.4250143444991,358.25187160097784,-190.76842119957698,351.71929931640625,-197.7869110107422
350.0161141361717,-197.37676393151645,357.1101638948696,-189.69244750319046,350.5953674316406,-196.7493133544922
348.8827142835033,-196.35471699760527,355.96522138247036,-188.6133720289668,349.466552734375,-195.71656799316406
347.76147433417424,-195.31860005787604,354.8180600400232,-187.53778664589666,348.33294677734375,-194.6884765625
346.63623421213344,-194.28599039360407,353.6514887143023,-186.48426769237878,347.1946716308594,-193.66494750976562
345.4846066824667,-193.28196071909434,352.4896505138023,-185.42791283310078,346.052001953125,-192.6457977294922
344.34741234232627,-192.26143730842935,351.31237276960513,-184.3863278255713,344.9048156738281,-191.63119506835938
343.1864987475744,-191.2675111681195,350.13353544344665,-183.34393615487977,343.7530212402344,-190.62135314941406
342.0372558523754,-190.25942666075582,348.9525687452246,-182.30709495358838,342.5968322753906,-189.61593627929688
340.88450446786334,-189.25463031088663,347.7563805308063,-181.28726813675408,341.4362487792969,-188.61492919921875
339.708399779552,-188.27605904704748,346.5638512755664,-180.26531700471043,340.2714538574219,-187.6181182861328
338.5455009013097,-187.28157960065565,345.35903728729477,-179.25738564565668,339.1025390625,-186.6255645751953
337.3627465889687,-186.31045689379442,344.1521869264898,-178.24831763004522,337.92938232421875,-185.63760375976562
336.19159803391034,-185.32565571664085,342.93859336056346,-177.24149450204504,336.7516174316406,-184.65464782714844
335.01927888229415,-184.34227860653533,341.7131293371135,-176.24382718678183,335.56903076171875,-183.6771697998047
333.824512260549,-183.38485119754728,340.49248709113425,-175.2466225940948,334.3819274902344,-182.70452880859375
332.6446965008407,-182.40856337695107,339.2643349770241,-174.26091464461507,333.19061279296875,-181.73663330078125
331.4419964098895,-181.45974591928143,338.03661026417126,-173.27726904211588,331.9952697753906,-180.77325439453125
330.2528704052034,-180.49369951025378,336.80712656750967,-172.2954033461927,330.7959289550781,-179.81442260742188
329.061503696033,-179.5302116331259,335.56555155889185,-171.32551160843576,329.59246826171875,-178.86041259765625
327.8443598749667,-178.59795388861315,334.3279647976535,-170.35726599330425,328.38519287109375,-177.91055297851562
326.6427181236019,-177.6452865069312,333.0866819945767,-169.39365254633805,327.17413330078125,-176.9647979736328
325.41814674284524,-176.72157340973058,331.83229743631375,-168.44732213351426,325.9595031738281,-176.02322387695312
324.20716715854286,-175.78013025322545,330.57842879826904,-167.49563321578415,324.7409362792969,-175.08607482910156
322.99294894071846,-174.8425167882375,329.3126670916121,-166.55721334346825,323.5184326171875,-174.15359497070312
321.75161500620374,-173.94061203803145,328.0451368984363,-165.6181375431372,322.29193115234375,-173.22610473632812
320.525823545955,-173.01808954411626,326.77401500503885,-164.68158608769033,321.0612487792969,-172.3037109375
319.2737337329302,-172.1302665579008,325.4848322335678,-163.77049554067625,319.82647705078125,-171.3863067626953
318.0350429452128,-171.22419786244623,324.1990806260663,-162.85622216165385,318.5877685546875,-170.47384643554688
316.7930561562375,-170.3219806955513,322.901655438779,-161.9593425761106,317.34515380859375,-169.566162109375
315.5240565188043,-169.45684682815752,321.6037527683706,-161.06264660433396,316.0987243652344,-168.6634063720703
314.27096544835007,-168.5694967339427,320.3025584870545,-160.17304533002144,314.8486022949219,-167.765380859375
312.99354546442396,-167.71629791600927,318.9861306589047,-159.30147020190793,313.5945739746094,-166.87232971191406
311.7288463934133,-166.84522452464483,317.67333422869586,-158.42759444596456,312.3369140625,-165.9841766357422
310.44434581447695,-166.00215135351291,316.3497224279222,-157.56791021313248,311.07537841796875,-165.10089111328125
309.16951137557123,-165.14596749405098,315.0247424909014,-156.70887494537612,309.8101501464844,-164.22283935546875
307.89062022907046,-164.29555827539633,313.6961518882516,-155.85446990557406,308.5409851074219,-163.34994506835938
306.5898370732868,-163.47692230605006,312.36046002566945,-155.01300377088057,307.2680969238281,-162.4821014404297
305.30051252034394,-162.6415641668175,311.0272988942406,-154.17158291954573,305.9917907714844,-161.61915588378906
303.9916460650461,-161.83566641795733,309.68981745485837,-153.3341669923319,304.7117919921875,-160.76123046875
302.69172656361366,-161.01683817853643,308.34626989314285,-152.50537957723688,303.4281005859375,-159.90841674804688
301.3896939429822,-160.2017036457897,307.0045152371052,-151.67277160061462,302.1407165527344,-159.06089782714844
300.06489717375683,-159.42096815939772,305.6570806620839,-150.85129689279262,300.8496398925781,-158.21839904785156
298.75136302747904,-158.62390524102557,304.30971153700756,-150.02830580354083,299.5549621582031,-157.38119506835938
297.4188227644517,-157.85730107804667,302.9573728264894,-149.2122898619486,298.2567138671875,-156.54945373535156
296.09455198122066,-157.07908788964596,301.60239525565623,-148.3967262568364,296.9545593261719,-155.72340393066406
294.7676313516799,-156.30464769123694,300.24893555830937,-147.58384439338778,295.6488037109375,-154.90269470214844
293.4173181636872,-155.5674372635711,298.88424726664374,-146.7933509928602,294.3397216796875,-154.0870361328125
292.0760023539641,-154.8149801295958,297.5238834866858,-146.0029063554767,293.0275573730469,-153.27581787109375
290.7177875631683,-154.08958210721744,296.1625255203292,-145.21815510222373,291.7125549316406,-152.46875
289.366210473066,-153.35391370486414,294.78568493352446,-144.4606284133604,290.3949279785156,-151.66580200195312
288.01170597817026,-152.62234837913599,293.41468306818666,-143.69839030433852,289.07476806640625,-150.86651611328125
286.6384725537764,-151.92178764326343,292.03125366042207,-142.95887810749963,287.752197265625,-150.0707550048828
285.27330955363124,-151.2083383521923,290.6478984977631,-142.2201532629419,286.4272766113281,-149.27850341796875
283.89205142121045,-150.52092891777698,289.2627923125965,-141.49015064321628,285.10028076171875,-148.48931884765625
282.5172569957144,-149.82368192673434,287.86128136342296,-140.78725843512763,283.7712097167969,-147.7033233642578
281.1415460274129,-149.12902232149435,286.4609933854904,-140.08134702755098,282.43994140625,-146.92062377929688
279.746464197562,-148.46790994520708,285.05656726810474,-139.38415225623922,281.1065979003906,-146.1411895751953
278.3595487863581,-147.79344668677314,283.6358002574721,-138.71682553480207,279.771240234375,-145.3649444580078
276.95849964337634,-147.14445537476132,282.2188039598612,-138.0432774564846,278.4338073730469,-144.59193420410156
275.562846575907,-146.48694713192359,280.7896902020982,-137.39192840905292,277.09429931640625,-143.82212829589844
274.1569854928705,-145.84527657690703,279.3642446138557,-136.74109152371733,275.7529602050781,-143.054931640625
272.7554339127119,-145.1969961022419,277.93606035628676,-136.0955881831277,274.4098815917969,-142.29043579101562
271.3525661345863,-144.55247210635255,276.49770095700086,-135.4675716139658,273.06500244140625,-141.52877807617188
269.9408444222046,-143.9267022105167,275.06014799550746,-134.83507944296852,271.7181091308594,-140.77037048339844
268.5342998889447,-143.29091448708866,273.6175390365294,-134.21619506038368,270.369384765625,-140.01487731933594
267.1186598478985,-142.67184202327294,272.17571343606033,-133.5977290001001,269.01885986328125,-139.26222229003906
265.70811059686554,-142.04483829622922,270.73256829471575,-132.98185653755732,267.66644287109375,-138.512451171875
264.2899754846756,-141.43319558779726,269.2852908927973,-132.37391033388306,266.3122253417969,-137.76573181152344
262.87559387452853,-140.81567558988044,267.83950055906934,-131.76454069311166,264.9561462402344,-137.0220184326172
261.45930712953486,-140.20146928793656,266.3921441489881,-131.1611859218352,263.5984191894531,-136.2811737060547
260.0357147268084,-139.60107586628243,264.94542541059275,-130.55832501372902,262.2389831542969,-135.54307556152344
258.6171696909606,-138.99268562559675,263.49865442057245,-129.9564634519529,260.8778991699219,-134.80780029296875
257.1902921464635,-138.40030480474786,262.0521250210225,-129.35557603546698,259.51513671875,-134.0752716064453
255.76669641148305,-137.80164257110602,260.6067692330658,-128.75468481399838,258.1507873535156,-133.34535217285156
254.34125575444494,-137.20727446539658,259.1623901517447,-128.15286747961082,256.78485107421875,-132.6180419921875
252.90821041032876,-136.62810270220808,257.7182645818737,-127.55197652359575,255.41746520996094,-131.89337158203125
251.47951180757767,-136.0415889427524,256.2750733469847,-126.95025897748474,254.0485382080078,-131.17127990722656
250.04558968281367,-135.4668272594164,254.8314264799705,-126.34950718715237,252.6780242919922,-130.45187377929688
248.6139117031324,-134.88640484289988,253.38916862465578,-125.74880214465924,251.30606079101562,-129.73489379882812
247.17900843971742,-134.3131298283859,251.94653785371872,-125.14968315493313,249.93270874023438,-129.02037048339844
245.74877796420972,-133.73560445419125,250.50281818217562,-124.55073881921074,248.55772399902344,-128.30868530273438
244.31991773190532,-133.155168596735,249.05940298538178,-123.95272926493222,247.18112182617188,-127.59970092773438
242.88775083120848,-132.5804461988906,247.6161721695683,-123.35626855027915,245.8030548095703,-126.8932876586914
241.4598024432653,-131.99953931039323,246.17232820461808,-122.7610698633873,244.4234619140625,-126.18955993652344
240.02882178437926,-131.42803151113708,244.72712932812286,-122.16767486118357,243.0421600341797,-125.4887466430664
238.60071389185794,-130.851500515704,243.28282852678177,-121.5738784913773,241.65931701660156,-124.7908706665039
237.16985916014983,-130.2816486434466,241.83800717071856,-120.98163595518302,240.27479553222656,-124.09590911865234
235.74195238928772,-129.70699242317474,240.39305822556406,-120.3903203977619,238.88861083984375,-123.40389251708984
234.31565271220492,-129.13190392372192,238.94797053018792,-119.79954659323778,237.5008087158203,-122.71502685546875
232.8864439553452,-128.56438122774082,237.50208130726688,-119.21067609734803,236.1112060546875,-122.0293197631836
231.4617630652243,-127.98968119263138,236.0558536874256,-118.62326918160599,234.71994018554688,-121.346923828125
230.03150383198826,-127.42498772544212,234.6102744191947,-118.03634562874907,233.3270263671875,-120.66761016845703
228.60547900074081,-126.85403411802945,233.16385123373226,-117.45209237789659,231.93263244628906,-119.99156188964844
227.1781827630774,-126.29210329138418,231.71891095903374,-116.86480835407899,230.53672790527344,-119.3192138671875
225.7540957049238,-125.72511473023074,230.27287672674794,-116.28128670540826,229.13922119140625,-118.65052032470703
224.32900288300917,-125.1631023559924,228.82891613955113,-115.69534063227356,227.7403564453125,-117.98565673828125
222.90725867916797,-124.59502193521615,227.38339032973826,-115.11467220440298,226.34002685546875,-117.32449340820312
221.48541150725953,-124.03421112134468,225.94114463723332,-114.52879200252734,224.93858337402344,-116.66755676269531
220.06593426691887,-123.46845624472488,224.49798227621955,-113.94899966346938,223.5362548828125,-116.01466369628906
218.64872609478667,-122.9080026130272,223.05876102447735,-113.36478898169975,222.13372802734375,-115.36653900146484
217.23708030303402,-122.34344626459566,221.6194001068461,-112.78735299316862,220.73150634765625,-114.72349548339844
215.8263595260753,-121.7853137873988,220.18654737326696,-112.20560015048731,219.33071899414062,-114.08592987060547
214.4206300334034,-121.22208875825172,218.7563068749333,-111.63159314516533,217.93251037597656,-113.45382690429688
213.01973691592008,-120.66830905604532,217.33462540044707,-111.05372397777104,216.53829956054688,-112.828125
211.6268112774935,-120.11100524225033,215.91628302333186,-110.48440348306451,215.1479949951172,-112.20862579345703
210.23832977388835,-119.56188719527799,214.50664364418375,-109.91080720684879,213.76158142089844,-111.59546661376953
208.85729328240475,-119.00928553483415,213.09972328371535,-109.34702137354039,212.3790283203125,-110.9884262084961
207.47960145444506,-118.46181391248322,211.69828820533613,-108.78685330608134,211.00042724609375,-110.38729858398438
205.98661895278326,-117.86166371074877,210.18029787892564,-108.16839575007273,209.5009765625,-109.73857879638672
204.5005394203883,-117.26481045279644,208.66580052040138,-107.56024890356095,208.00621032714844,-109.09701538085938
203.01833706942526,-116.6718817783697,207.16185600408403,-106.94716643815337,206.51632690429688,-108.46220397949219
201.54397771927364,-116.07607282271871,205.66099275159485,-106.34579169659327,205.03135681152344,-107.83389282226562
200.07192539292575,-115.48544860397459,204.16732244032895,-105.74645587050783,203.55125427246094,-107.21148681640625
198.60875624902934,-114.89176694229707,202.683522380939,-105.14190017234515,202.0762176513672,-106.59502410888672
197.14879210810236,-114.30091759290526,201.20299483146482,-104.54906420490568,200.6064453125,-105.9839859008789
195.69155911222026,-113.71680417986195,199.73300568710906,-103.9491523874088,199.14181518554688,-105.37798309326172
194.2421628065667,-113.12941561064125,198.2652191640723,-103.36172541464084,197.68235778808594,-104.77687072753906
192.79415258502058,-112.5480829399909,196.80356253866356,-102.77660681025529,196.22772216796875,-104.18000793457031
191.35080288855767,-111.96178246250378,195.35169706157174,-102.18443718750369,194.7778778076172,-103.58673095703125
189.91311859895893,-111.37843440078294,193.90209171929618,-101.60220345338327,193.33291625976562,-102.99714660644531
188.4810921929874,-110.80211500542488,192.4607063689844,-101.01315991890625,191.89224243164062,-102.41145324707031
187.0603722484871,-110.22390171639654,191.02067929016584,-100.43372903746358,190.45571899414062,-101.83035278320312
185.6442522961635,-109.65477718473679,189.5849559569792,-99.8557857652981,189.02264404296875,-101.25403594970703
184.23926651221072,-109.08356457524614,188.15625720473352,-99.27210890754885,187.5928955078125,-100.68324279785156
182.84115111938672,-108.51363137547347,186.72854886642165,-98.69855569740085,186.16627502441406,-100.11820983886719
181.44724443629406,-107.95364771536298,185.30818020638543,-98.11801133943322,184.74241638183594,-99.55928039550781
180.0618236523645,-107.38927535318649,183.88793676986614,-97.54950639719486,183.32131958007812,-99.00669860839844
178.67533817364577,-106.83474051799664,182.47576135502703,-96.97233980702765,181.9025115966797,-98.45996856689453
177.2949287673957,-106.27461412203283,181.06367117448124,-96.40713319113293,180.48622131347656,-97.91903686523438
175.91761736162397,-105.72450303639201,179.65900107839198,-95.83269480220163,179.07217407226562,-97.38420104980469
174.54999779305498,-105.17015571944964,178.25401503235312,-95.26795350206403,177.66000366210938,-96.85596466064453
173.18047300540547,-104.62353246151547,176.85588260617362,-94.69574883925533,176.2494659423828,-96.3337631225586
171.81532119297967,-104.070984515499,175.45781044073394,-94.1320509907977,174.84019470214844,-95.8172836303711
170.33434424086744,-103.47992614461009,173.94861827279786,-93.51517448354646,173.31436157226562,-95.26385498046875
168.86230921552058,-102.88447443346949,172.43781207372197,-92.90596251396984,171.78880310058594,-94.71721649169922
167.3930537773561,-102.29028835006827,170.92832051163495,-92.29604317204894,170.2628173828125,-94.17742919921875
165.92463379912311,-101.70409173573313,169.42087503223533,-91.68096262113347,168.73585510253906,-93.6447982788086
164.45893320325035,-101.11118263292468,167.91181656103518,-91.07113303138149,167.2074737548828,-93.11917114257812
162.99150949323084,-100.5256997016051,166.40399004369294,-90.45634669054462,165.67730712890625,-92.60060119628906
161.52754109857582,-99.93386064528293,164.89368852186166,-89.84606756144785,164.1451416015625,-92.08934020996094
160.06566016476677,-99.34352433067515,163.38185691491356,-89.23416736249166,162.61041259765625,-91.58589935302734
158.60519200405477,-98.75646065056884,161.867922614926,-88.61947717286101,161.0724639892578,-91.09088897705078
157.1425723426346,-98.16096934887513,160.35174398453356,-88.00695205652102,159.53103637695312,-90.60372161865234
155.67332391413956,-97.56996150863452,158.8341983043427,-87.39419146249355,157.9862823486328,-90.1238784790039
154.20199319625826,-96.96964897037454,157.31466264376814,-86.7807044139277,156.43785095214844,-89.65084075927734
152.72986750670154,-96.36749048401461,155.79109933163113,-86.16823044893792,154.88565063476562,-89.1849594116211
151.2505868008122,-95.77144526789805,154.2661277892814,-85.55115434898279,153.32943725585938,-88.72579193115234
149.76787810046483,-95.16485587134726,152.73860818110822,-84.93451452733613,151.7692413330078,-88.27273559570312
148.3936576037133,-94.613855060014,151.32619829820155,-84.36174697297352,150.3256072998047,-87.85979461669922
147.0164584815773,-94.05372237570975,149.90864293301038,-83.79905357095949,148.87847900390625,-87.45165252685547
145.63623306378474,-93.49385963366583,148.48859779388735,-83.2329887472764,147.42796325683594,-87.04843139648438
144.25015587215185,-92.93869646550125,147.06467340108,-82.6717796187148,145.97413635253906,-86.64988708496094
142.86270553583662,-92.37061142043413,145.63886165660193,-82.10911225133393,144.5170440673828,-86.25568389892578
141.46800048584603,-91.81710396402491,144.20988354506383,-81.54672703383238,143.0568084716797,-85.8658447265625
140.07501322970685,-91.24644933326286,142.77865368427484,-80.97913504538039,141.5933380126953,-85.48047637939453
138.67171609606922,-90.70076719375716,141.34193192131195,-80.42149237476424,140.12673950195312,-85.09950256347656
137.26838304279985,-90.13983899282891,139.90393999407829,-79.8592348598055,138.65711975097656,-84.72274780273438
135.85727889649013,-89.59984139485287,138.4579940647668,-79.3125183231237,137.1843719482422,-84.35042572021484
134.4475779165858,-89.04658240912413,137.00817945376932,-78.76430888888262,135.70858764648438,-83.98291015625
133.0294838873922,-88.51171121647678,135.5544214196868,-78.22009556497464,134.22959899902344,-83.62005615234375
131.61364768625685,-87.96447402884156,134.09285649534166,-77.6842804625522,132.74755859375,-83.26264190673828
130.18904705297717,-87.4377689645053,132.62924907403118,-77.14355333991234,131.26220703125,-82.9105453491211
128.76433426070926,-86.90028072327188,131.1582381278226,-76.61621941150673,129.77371215820312,-82.56405639648438
127.33565182170808,-86.36277235202476,129.68477147997237,-76.08832345093116,128.2821502685547,-82.22303009033203
125.89847460767163,-85.85620909210886,128.2039322351499,-75.56419953403764,126.7873306274414,-81.88818359375
124.46452853633316,-85.33265734718015,126.71071692457049,-75.05942709999061,125.28926086425781,-81.56063842773438
123.02029299030464,-84.83691192903821,125.21523833649262,-74.5495789600996,123.78768920898438,-81.2402572631836
121.5776248649238,-84.32291048396837,123.71062631724479,-74.05364009753963,122.2828369140625,-80.92768859863281
120.12326497995433,-83.84432673055105,122.20288903811544,-73.55812776052969,120.77458953857422,-80.62275695800781
118.66871825363016,-83.34900701573463,120.68957657140554,-73.06739799184147,119.2629623413086,-80.32564544677734
117.20396601900438,-82.89369368497529,119.16340053028776,-72.60811301274887,117.74816131591797,-80.03707122802734
115.73738197317556,-82.42498607399249,117.6348769357137,-72.14645792530244,116.22994995117188,-79.75679779052734
114.26814392532438,-81.9576342298193,116.09737322994344,-71.69124564538976,114.70858001708984,-79.48572540283203
112.7825211532783,-81.55806392874182,114.54912494124616,-71.28282501007605,113.18388366699219,-79.22358703613281
111.29893273012317,-81.13079718539589,112.99620083889224,-70.86563395692903,111.65604400634766,-78.9709701538086
109.80172118958373,-80.76552333421758,111.43323651321948,-70.48171913238738,110.12496185302734,-78.72806549072266
108.30515753347741,-80.3832652702668,109.86136058600397,-70.09855721700093,108.59073638916016,-78.49591827392578
106.80378083971189,-80.01054334432179,108.28219313561836,-69.72499738411446,107.05325317382812,-78.2749252319336
105.28833634822001,-79.7154744248671,106.69111220519818,-69.39700841876186,105.51264953613281,-78.06548309326172
103.77521949619249,-79.38763314549198,105.09202258912404,-69.07100130022769,103.96912384033203,-77.86846923828125
102.2498930501483,-79.13242885720467,103.48499215080065,-68.76173983798938,102.42236328125,-77.68425750732422
100.7252205545313,-78.8550710505758,101.86446119195848,-68.50245750685781,100.8728256225586,-77.51374053955078
99.19498560546032,-78.59122057617908,100.24556229524539,-68.24516045321052,99.32040405273438,-77.3561019897461
97.65467853877804,-78.40511121108499,98.62026607870503,-68.00661353209851,97.76549530029297,-77.21171569824219
96.11473217875458,-78.18323851097875,96.99088785772742,-67.81983826019773,96.20800018310547,-77.08003997802734
94.56632851807244,-78.0332497611231,95.35933398436634,-67.6330263070254,94.64807891845703,-76.96109771728516
93.01752221373793,-77.85537320056366,93.72754933974619,-67.46429292139699,93.08592224121094,-76.85435485839844
91.46495867006684,-77.69687464109435,92.09124908965748,-67.34548802125646,91.52165985107422,-76.75971221923828
89.90603709536538,-77.61322161611419,90.45228901636818,-67.22588491101752,89.95525360107422,-76.67733764648438
88.34725078502957,-77.49666266298298,88.81024530903072,-67.1223351784917,88.3869400024414,-76.60734558105469
86.78350248553892,-77.43377044058252,87.17216280840869,-67.06119648669117,86.8166732788086,-76.54850769042969
85.21927121804177,-77.3397342044173,85.53116884641658,-66.99363999956529,85.24455261230469,-76.50111389160156
83.65280757866,-77.30273812748969,83.8781442621428,-66.93554168722797,83.67097473144531,-76.46691131591797
82.0852474657292,-77.24082836535362,82.22422619035677,-66.92035826073364,82.09595489501953,-76.4457015991211
80.51636387154876,-77.18880817894541,80.55869117758994,-66.8989902835028,80.51944732666016,-76.43921661376953
78.94633597338125,-77.2088090033063,78.88111371677888,-66.90374228614859,78.9415283203125,-76.44920349121094
77.37272268540299,-77.19590715756749,77.22542852548403,-66.91333414408169,77.36235046386719,-76.4718246459961
75.79686222825535,-77.24784633297651,75.58949715872771,-66.93420977886878,75.78189849853516,-76.50360107421875
74.21811174543815,-77.27706754166893,73.96568800214571,-66.9970101918258,74.2000732421875,-76.54244232177734
72.63814283729218,-77.32145826339213,72.34265649243267,-67.0618124065848,72.61701965332031,-76.5880355834961
71.05994675821826,-77.43509782441879,70.70755947233346,-67.13796047885879,71.0328140258789,-76.64225006103516
69.4795647279898,-77.51984933244009,69.07759140296804,-67.2618771413666,69.4476089477539,-76.7043685913086
67.89787053903787,-77.61443322828954,67.45405593384469,-67.38450657858685,67.86137390136719,-76.77318572998047
66.31700815328948,-77.80526666801417,65.85550213837274,-67.5217087269347,66.27388763427734,-76.84442901611328
64.7362512179129,-77.96075724728054,64.23596251921596,-67.70946757927669,64.68555450439453,-76.92194366455078
63.159660683719665,-78.18814324837767,62.6067551663679,-67.8960029387173,63.09622573852539,-77.00732421875
61.58318058128912,-78.39420072211769,60.970461833651186,-68.09913759790392,61.50627136230469,-77.1019515991211
60.0065182293311,-78.60996674483559,59.34110032865605,-68.35246150659263,59.91538619995117,-77.20515441894531
58.43609243179508,-78.90343090226786,57.70800821664774,-68.60374272424565,58.32399368286133,-77.3176498413086
56.86430903836122,-79.16426502252936,56.07515368366359,-68.8704645584306,56.73209762573242,-77.43968963623047
55.29843282127908,-79.498493093286,54.44864516511973,-69.1891009820912,55.139549255371094,-77.57096099853516
53.73199832499544,-79.81625154548645,52.823773980704736,-69.50367232358718,53.54661178588867,-77.71125030517578
52.16909872397634,-80.15341997571885,51.19807773278688,-69.83135413687737,51.95345687866211,-77.86112213134766
50.613212907185705,-80.54778427282619,49.577496232037554,-70.21411830574785,50.35994338989258,-78.02083587646484
49.05795282315136,-80.91947874937125,47.95422729672109,-70.59009046788779,48.76641845703125,-78.19110870361328
47.509414137388504,-81.34383738231523,46.33725575086077,-70.99203490328146,47.172855377197266,-78.37155151367188
45.96078271851484,-81.75510029576516,44.72252370649191,-71.39259382297448,45.5792236328125,-78.56198120117188
44.41994443925835,-82.20901279549251,43.107453928690795,-71.79151215735746,43.98575210571289,-78.76274108886719
42.88088892694287,-82.65876211209918,41.49630904811257,-72.21359413806812,42.39244079589844,-78.97394561767578
41.342961056261245,-83.11449712776393,39.8884880413125,-72.632283071759,40.799110412597656,-79.19503021240234
39.81786327860357,-83.6343939146698,38.28184170795796,-73.06587401290727,39.206295013427734,-79.42652893066406
38.2942822942307,-84.13502460344529,36.67636681327829,-73.51716812580275,37.613792419433594,-79.669189453125
36.786042834881265,-84.6838634366807,35.067233526947085,-73.97085090842076,36.02244567871094,-79.92450714111328
35.27843375654701,-85.22193467263773,33.45976313609833,-74.41603937629641,34.43191146850586,-80.19219970703125
33.775191156283284,-85.7766258869802,31.8561612520992,-74.863475711966,32.84234619140625,-80.47171783447266
32.28177328964792,-86.37964084427317,30.255904312787347,-75.31011455351532,31.253753662109375,-80.762451171875
30.789876933550254,-86.9692588701753,28.669465023932148,-75.8284906030505,29.66605567932129,-81.06463623046875
29.30703812584175,-87.58684661199878,27.085530534702166,-76.3498269936471,28.07962989807129,-81.37826538085938
27.826097529995042,-88.19709020900342,25.50830678879127,-76.89531073774556,26.494354248046875,-81.70337677001953
26.35089929312492,-88.81558514048453,23.930693019931475,-77.43253423009587,24.910343170166016,-82.0401611328125
24.87958993816446,-89.4480090191922,22.356753275952496,-77.97194002397562,23.327579498291016,-82.38810729980469
23.409286880294,-90.07327869929198,20.785219807444403,-78.51461983636705,21.74609375,-82.74713897705078
21.94432626609158,-90.70761277935613,19.23820619088005,-79.15673908225466,20.166080474853516,-83.11730194091797
20.483263295439187,-91.33589099449247,17.692251947904687,-79.7966624383702,18.58775520324707,-83.49905395507812
19.023847420501472,-91.96297357647484,16.15441467181582,-80.45841296805878,17.010896682739258,-83.89234924316406
17.568755727288302,-92.59435309114383,14.61972623728323,-81.1212168628033,15.43605899810791,-84.2971420288086
16.107740035569126,-93.22210167480664,13.086689648312811,-81.77222161714103,13.86244010925293,-84.71234130859375
14.651726689524589,-93.85308186146062,11.553749780454648,-82.41961967489969,12.29039478302002,-85.13829803466797
13.198177490045008,-94.47800595652787,10.023153062264857,-83.06922604941312,10.720551490783691,-85.57518005371094
11.749675912193805,-95.10103799186777,8.49205095821434,-83.71540915293174,9.15252685546875,-86.02381896972656
10.306029431912856,-95.72799402401972,6.96324804756986,-84.36509246103397,7.586729049682617,-86.48445129394531
8.856574165008917,-96.35202054382668,5.435916078687104,-85.0090984336707,6.023041248321533,-86.95600891113281
7.407186629213519,-96.97931669850011,3.9118130446712125,-85.6573260472727,4.461572647094727,-87.43807220458984
5.946980093490577,-97.60594435226244,2.3899378371946316,-86.30444344483872,2.9013001918792725,-87.92915344238281
4.606603925107675,-98.18189427976964,0.9940776651391573,-86.89204243885241,1.472248911857605,-88.38642120361328
3.261227285568172,-98.7549732644018,-0.3985214636246189,-87.48505741579869,0.04472172260284424,-88.84999084472656
1.9169658034444415,-99.33081600734758,-1.7922659104856273,-88.07013385197685,-1.3807200193405151,-89.31952667236328
0.5591725709095323,-99.90690642954318,-3.182350502133726,-88.66181221224105,-2.805752992630005,-89.79367065429688
-0.793158022736598,-100.48545496150876,-4.5763995849235934,-89.24420238197081,-4.230141639709473,-90.2730484008789
-2.149897759271109,-101.06017151891749,-5.966263201664854,-89.83736773020863,-5.653513431549072,-90.75707244873047
-3.496015927027639,-101.6356851030343,-7.359148979241436,-90.41849671343265,-7.074058532714844,-91.24629974365234
-4.852903092042393,-102.20925537514056,-8.747486261958816,-91.0103502349015,-8.493735313415527,-91.7400131225586
-6.205783092048478,-102.78837163176259,-10.14184378838628,-91.5870581158487,-9.912866592407227,-92.23868560791016
-7.555964448371897,-103.3634905409744,-11.53109598986963,-92.18040270443147,-11.33117389678955,-92.74283599853516
-8.901659169880647,-103.93738706952286,-12.927134451529035,-92.75503037684916,-12.747928619384766,-93.25284576416016
-10.251001937182064,-104.51269718322706,-14.325847987743625,-93.32328630087507,-14.163736343383789,-93.76844024658203
-11.619845140987515,-105.09173304872017,-15.718158250842562,-93.90917642069392,-15.579567909240723,-94.2873306274414
-12.994959234480778,-105.6716233838863,-17.121639057615287,-94.46509263453156,-16.995145797729492,-94.80860137939453
-14.36852990614964,-106.2479831387649,-18.518816375889564,-95.03975648965165,-18.410364151000977,-95.3326416015625
-15.735411709862209,-106.822363483964,-19.931083912145944,-95.57659629314941,-19.825166702270508,-95.86048889160156
-17.093992008864028,-107.38930323527912,-21.335852650420783,-96.1375886581238,-21.239328384399414,-96.39362335205078
-18.452665611233158,-107.96140255684122,-22.755476644884777,-96.65823416063476,-22.65155792236328,-96.93122100830078
-19.816307068570563,-108.53242010398401,-24.16720423136065,-97.20122620124869,-24.062808990478516,-97.47310638427734
-21.173329435623394,-109.103069283601,-25.591137975517086,-97.7159775749412,-25.47309112548828,-98.02024841308594
-22.52444030544517,-109.6672029216926,-27.002372903229205,-98.26535599049846,-26.881412506103516,-98.57334899902344
-23.882600277304284,-110.23858537524112,-28.42323301680246,-98.78940877399664,-28.287729263305664,-99.1310806274414
-25.25098703972772,-110.81058662601501,-29.834155150781584,-99.34038616975441,-29.69336700439453,-99.69273376464844
-26.609650173256746,-111.38188445614895,-31.250550247440852,-99.88030468984539,-31.097606658935547,-100.25934600830078
-27.96318427706374,-111.94704575224402,-32.654317352118596,-100.45097864374651,-32.49913787841797,-100.83126068115234
-29.323554046075735,-112.51954699454916,-34.06491785441026,-101.00576080620488,-33.89933395385742,-101.4078598022461
-30.68444294091294,-113.092055037339,-35.47269421893471,-101.56989146491607,-35.29841232299805,-101.98927307128906
-32.0428303915053,-113.66021620611056,-36.86772141444706,-102.16363520632727,-36.69492721557617,-102.57536315917969
-33.39949764743411,-114.23086271130737,-38.26778714020056,-102.7457573588063,-38.089454650878906,-103.16647338867188
-34.76066659026618,-114.8009150575145,-39.658226775065856,-103.3551424737032,-39.48368453979492,-103.76305389404297
-36.11875862383114,-115.37064650238509,-41.051522552638986,-103.95804355232895,-40.8757438659668,-104.36473083496094
-37.48711865177167,-115.94148783282083,-42.433848700231394,-104.58393354427407,-42.265655517578125,-104.97010040283203
-38.85713305201484,-116.5174627758703,-43.822207153036786,-105.19685751189316,-43.654502868652344,-105.57923126220703
-40.22964046281704,-117.08996181173367,-45.19802830583067,-105.84035422092525,-45.042598724365234,-106.1922836303711
-41.60372025570289,-117.66932191625007,-46.5819550644823,-106.46459459849606,-46.429222106933594,-106.80835723876953
-42.98340814167259,-118.24599777398247,-47.955420242946296,-107.11347908442372,-47.81522750854492,-107.42737579345703
-44.357785273389545,-118.82789957022334,-49.33837655691446,-107.74189596335938,-49.20014572143555,-108.04957580566406
-45.72691992942457,-119.40726911811812,-50.709499761387185,-108.3974944462854,-50.5836067199707,-108.67567443847656
-47.104086920140574,-119.98664947144059,-52.09203872565247,-109.02982552388859,-51.96664047241211,-109.30528259277344
-48.47934086855232,-120.57235274406464,-53.46520997903861,-109.68390796677004,-53.34878158569336,-109.93817138671875
-49.85841868155268,-121.15635890113631,-54.8495017865108,-110.31497219916604,-54.73019027709961,-110.57413482666016
-51.2388891385578,-121.74560695077801,-56.22466132578825,-110.97010056433514,-56.112037658691406,-111.21350860595703
-52.62431664792542,-122.33559177737867,-57.6095461461512,-111.60623399479914,-57.49373245239258,-111.8554916381836
-54.01911264885567,-122.93039113440972,-58.985846912900726,-112.26217246468264,-58.87565231323242,-112.49886322021484
-55.40925643529548,-123.52293910839705,-60.373574224906946,-112.89711730761343,-60.25792694091797,-113.1446533203125
-56.798571802930766,-124.11305303784738,-61.75668507930735,-113.54482691866754,-61.64018630981445,-113.79314422607422
-58.19385279418729,-124.70818635131211,-63.14425501889303,-114.18507548815263,-63.02267837524414,-114.44351196289062
-59.59409890074052,-125.30279005976793,-64.54248691406579,-114.80544524590289,-64.40576171875,-115.09548950195312
-60.99497867357843,-125.90145516760407,-65.93507355091928,-115.44054600389381,-65.78944396972656,-115.7489242553711
-62.399158444900024,-126.49886095749326,-67.33671115280578,-116.05908570219698,-67.17375183105469,-116.40364074707031
-63.802652176561494,-127.0993433500483,-68.73286454495081,-116.69138485081379,-68.55845642089844,-117.0595703125
-65.20837990774316,-127.7008844157495,-70.13827388975974,-117.30661722329518,-69.94380950927734,-117.71662902832031
-66.61512195060817,-128.3007154279361,-71.5372330634098,-117.9382711666415,-71.32980346679688,-118.37496948242188
-68.02154111551819,-128.90299214397987,-72.94560412768483,-118.55244674438259,-72.71625518798828,-119.0345458984375
-69.43141959923616,-129.50492129131143,-74.35496385379655,-119.16689419768367,-74.1033706665039,-119.6951675415039
-70.8415554444957,-130.10898711638959,-75.75823137923602,-119.7971125726669,-75.4913101196289,-120.35693359375
-72.25238153262386,-130.71341166622264,-77.16991511040953,-120.41164699015695,-76.87967681884766,-121.01966857910156
-73.66395560422056,-131.3163535489797,-78.57724903061494,-121.03791962942198,-78.26860046386719,-121.68360137939453
-75.07994060702826,-131.92347001773237,-79.99090578671893,-121.65267405794326,-79.65837860107422,-122.3481216430664
-76.49976134394244,-132.53134716111146,-81.40030460753339,-122.27815546844992,-81.04915618896484,-123.01284790039062
-77.9200742178027,-133.1399304514379,-82.81557196790926,-122.8934980097785,-82.44086456298828,-123.67777252197266
-79.34253394558361,-133.7495422001926,-84.23166324029555,-123.50912208689702,-83.83366394042969,-124.34274291992188
-80.7681976201243,-134.35991130218667,-85.64396080310692,-124.1344969735754,-85.22770690917969,-125.00746154785156
-82.19379172065449,-134.96857120269726,-87.06149095882569,-124.75116919498223,-86.62275695800781,-125.67208099365234
-83.61613725943224,-135.5746677414803,-88.4760219260509,-125.3771876599156,-88.01847839355469,-126.33724975585938
-85.03910242099134,-136.18148265753925,-89.8957082343966,-125.99472594648998,-89.41498565673828,-127.00304412841797
-86.46355112645941,-136.78842628782832,-91.3122363802862,-126.62067834435177,-90.81217193603516,-127.66931915283203
-87.89001636223122,-137.39624889622525,-92.73322059825172,-127.23913886230544,-92.2102279663086,-128.33595275878906
-89.31897334551718,-138.00528673832156,-94.15482562647414,-127.85771137896248,-93.60920715332031,-129.0026397705078
-90.74844613758421,-138.61330006833242,-95.57300527503062,-128.48587641791778,-95.00912475585938,-129.66954040527344
-92.1796924721133,-139.22349859329148,-96.9966919980589,-129.10390868945865,-96.41002655029297,-130.3363800048828
-93.61295026646698,-139.83368775760226,-98.4180296034215,-129.72835964713386,-97.81194305419922,-131.00299072265625
-95.0475478729407,-140.44535791063606,-99.84212155786938,-130.34889791571658,-99.215087890625,-131.6693115234375
-96.48671004296324,-141.0592093675896,-101.26623322447274,-130.9692388619941,-100.61949157714844,-132.33456420898438
-97.92591177989802,-141.67234384944766,-102.68838108778867,-131.59600919711184,-102.02527618408203,-132.99899291992188
-99.36250902516252,-142.28459667641368,-104.11192339563253,-132.22306878327072,-103.43217468261719,-133.66310119628906
-100.80011519509155,-142.89690896576982,-105.53327918677793,-132.85668444038308,-104.84020233154297,-134.32687377929688
-102.23730920312823,-143.50905872917028,-106.95736989690582,-133.48660910673223,-106.24915313720703,-134.99041748046875
-103.6750148280941,-144.1213323497576,-108.37952671829954,-134.12255377229968,-107.65906524658203,-135.65379333496094
-105.11401042262236,-144.7339225713206,-109.80397816201369,-134.75487053430714,-109.06987762451172,-136.3168487548828
-106.55322896092503,-145.346215883291,-111.22597945212922,-135.3950317992379,-110.48180389404297,-136.97984313964844
-107.99200333542936,-145.95876120542925,-112.65242624784567,-136.02793091332592,-111.89456939697266,-137.64283752441406
-109.4327742202487,-146.57203712915504,-114.0748419599248,-136.6707617249282,-113.30834197998047,-138.3056640625
-110.87533663491305,-147.18635816410975,-115.50329358531279,-137.30152060752314,-114.72306060791016,-138.968017578125
-112.3199311367049,-147.8016805026432,-116.92893953509255,-137.93871931504245,-116.13878631591797,-139.6295928955078
-113.76622850849954,-148.4177265034513,-118.35809395963504,-138.56953838544578,-117.55577087402344,-140.290283203125
-115.2125586630116,-149.03337886759465,-119.78631681369723,-139.20443615997257,-118.97394561767578,-140.95021057128906
-116.65925847410013,-149.64917484378228,-121.21544937321136,-139.83900469424333,-120.39322662353516,-141.609375
-118.10710599828184,-150.26558118933613,-122.6424213670936,-140.4798825353775,-121.81380462646484,-142.26776123046875
-119.55779528947845,-150.8861842561994,-124.07152196081321,-141.1157215780655,-123.2358169555664,-142.92469787597656
-121.01222527389946,-151.50824736829554,-125.4972696987375,-141.7583961351586,-124.65949249267578,-143.57960510253906
-122.46766054245059,-152.13158788851615,-126.92714504917518,-142.3931320428784,-126.08492279052734,-144.2323455810547
-123.92510127024993,-152.7562769318209,-128.3534337522054,-143.03661650569364,-127.5123519897461,-144.8826904296875
-125.38641370145679,-153.38208466967646,-129.7817586268408,-143.67394456170345,-128.94154357910156,-145.52975463867188
-126.84951212488906,-154.00856472645646,-131.2087768281676,-144.31516775707797,-130.373046875,-146.17352294921875
-128.31450923464433,-154.63654049874785,-132.6302838363585,-144.9690531227091,-131.8068389892578,-146.8135986328125
-129.77691344728618,-155.26293859031648,-134.0624897171667,-145.60252857107494,-133.24266052246094,-147.4505615234375
-131.23855503833323,-155.89050887160363,-135.4876261361366,-146.25435227878236,-134.68057250976562,-148.08460998535156
-132.70169308893796,-156.51860740488917,-136.93054804293698,-146.8666801495566,-136.12051391601562,-148.7154998779297
-134.16811001661247,-157.14906440130116,-138.36791077977293,-147.49078980086847,-137.5626678466797,-149.3426055908203
-135.63220114814789,-157.77931022901492,-139.81445102667155,-148.09677056602126,-139.0068817138672,-149.96641540527344
-137.09567032504268,-158.4073129957249,-141.25783079314826,-148.71302726680233,-140.45310974121094,-150.58734130859375
-138.55970663626144,-159.0359599251177,-142.7044804214147,-149.32268588607477,-141.9011688232422,-151.2052459716797
-140.02458644560656,-159.66433472900576,-144.14727263686098,-149.9429793100845,-143.35118103027344,-151.82017517089844
-141.49030187808438,-160.2932530592699,-145.594906132514,-150.5536581293537,-144.80325317382812,-152.43212890625
-142.95669942643246,-160.922840078239,-147.0384535452783,-151.17504079126053,-146.25714111328125,-153.04092407226562
-144.42217933484574,-161.5528906868673,-148.48191120467624,-151.79953642079178,-147.7129669189453,-153.6468963623047
-145.89196189948925,-162.18146051432828,-149.93103160826496,-152.40964306288552,-149.17059326171875,-154.2493896484375
-147.36224478416395,-162.81104446800208,-151.37493096539447,-153.0343120024505,-150.6303253173828,-154.8485107421875
-148.83330912146948,-163.43677377085925,-152.82831701800268,-153.63809927629984,-152.0918731689453,-155.44439697265625
-150.30660038713404,-164.0512266381704,-154.27781497861784,-154.25491700745363,-153.55516052246094,-156.03758239746094
-151.78128482002467,-164.6679045843461,-155.734590439709,-154.85474982770302,-155.02029418945312,-156.62782287597656
-153.26000781880012,-165.27869332992537,-157.18696559619394,-155.46619839708012,-156.48715209960938,-157.21485900878906
-154.73868744284005,-165.8890492047408,-158.64608101998056,-156.06345335440994,-157.95591735839844,-157.7989501953125
-156.21929348142314,-166.4997192656553,-160.10104320845628,-156.67148101797386,-159.42636108398438,-158.3797149658203
-157.70494880485603,-167.09720705388312,-161.55782062772792,-157.27757398646227,-160.89871215820312,-158.95741271972656
-159.1910599354451,-167.69739907748294,-163.02284856219643,-157.86393041872327,-162.37290954589844,-159.5318603515625
-160.68209216778598,-168.287796946267,-164.4835346685745,-158.46305360673247,-163.8489990234375,-160.10299682617188
-162.17568556829866,-168.87614684944978,-165.9461378685596,-159.05870067674203,-165.32705688476562,-160.670654296875
-163.67912001271486,-169.44489180032272,-167.41900744725004,-159.62783911510937,-166.8069610595703,-161.23443603515625
-165.17816398808498,-170.0303153495732,-168.88656673412942,-160.21207015092762,-168.2889862060547,-161.79420471191406
-166.68351042567275,-170.60021769519648,-170.36564351178328,-160.76734516483265,-169.77301025390625,-162.3499298095703
-168.15872650919923,-171.2451055396707,-171.8416687357284,-161.33385265287367,-171.25892639160156,-162.90208435058594
-169.6377829099056,-171.89342259196536,-173.31837275603272,-161.8963942034877,-172.74647521972656,-163.4497528076172
-171.10123431651286,-172.58544178328884,-174.81026992412728,-162.4198249467096,-174.23617553710938,-163.9932861328125
-172.61530502485402,-173.13540752393527,-176.29565025761562,-162.9641297379017,-175.7279510498047,-164.53306579589844
-174.13048516212328,-173.68662217668538,-177.79549428044822,-163.4671000991769,-177.22116088867188,-165.06857299804688
-175.656735257814,-174.19993105962422,-179.29052426283582,-163.98722062782093,-178.71646118164062,-165.60061645507812
-177.17725936480994,-174.73716824199312,-180.78692906874693,-164.50231124336236,-180.21337890625,-166.12855529785156
-178.69657339593743,-175.27695021152678,-182.30187756093844,-164.96550732959392,-181.71202087402344,-166.6525421142578
-180.21578993310231,-175.80819310822534,-183.80986467450288,-165.45121154905988,-183.21231079101562,-167.1731719970703
-181.73422437209086,-176.3392991169824,-185.33155535542448,-165.89844640746622,-184.71408081054688,-167.6905975341797
-183.25487133015355,-176.8685497872428,-186.8470428685985,-166.3637962276613,-186.217529296875,-168.2047119140625
-184.78423302912555,-177.3759865415108,-188.3735741019351,-166.79662762749183,-187.72259521484375,-168.71534729003906
-186.31142436591335,-177.88440283212898,-189.89625957372724,-167.24242518478275,-189.22914123535156,-169.22283935546875
-187.84635580774093,-178.38492995382683,-191.41962248093287,-167.68234814805948,-190.73719787597656,-169.72633361816406
-189.38963686305246,-178.85792130447751,-192.95304278459827,-168.092736007628,-192.24688720703125,-170.22605895996094
-190.9290194066271,-179.3379227423934,-194.48178155958718,-168.51827620663985,-193.75807189941406,-170.72227478027344
-192.47495067367336,-179.79390824721614,-196.01835253180386,-168.92062374772124,-195.27059936523438,-171.21517944335938
-194.01896296207,-180.25155975294604,-197.55129110808568,-169.33610474552128,-196.78465270996094,-171.70513916015625
-195.56982274631315,-180.69849818338977,-199.08352575109672,-169.75063913491766,-198.3001251220703,-172.1915283203125
-197.1188665281432,-181.15263495031448,-200.62253765094673,-170.1431538471712,-199.81703186035156,-172.6742706298828
-198.66859715347732,-181.61050608372173,-202.15684364671935,-170.54838493877315,-201.3354949951172,-173.15309143066406
-200.21832027748664,-182.06169336312942,-203.69736309737115,-170.935592447525,-202.85536193847656,-173.6283416748047
-201.7672380798438,-182.51603688051887,-205.23435260343985,-171.3338551085443,-204.37667846679688,-174.10003662109375
-203.31859532179146,-182.96057875586396,-206.77220592618625,-171.7301829575332,-205.8994140625,-174.5683135986328
-204.87065431851894,-183.40597661044228,-208.31565124029783,-172.10682110717104,-207.42349243164062,-175.03298950195312
-206.42250848523315,-183.85114349822726,-209.8555432890666,-172.4956071029237,-208.94900512695312,-175.4941864013672
-207.98332496730592,-184.27304745804176,-211.400294954369,-172.86490541915185,-210.47579956054688,-175.9514923095703
-209.54059203327296,-184.6977218365234,-212.94314087625247,-173.24408278122496,-212.0039825439453,-176.4054718017578
-211.10035227857597,-185.11759477382972,-214.4852378890223,-173.62363926564674,-213.5333709716797,-176.85586547851562
-212.66567774893792,-185.51711029946838,-216.0357841924596,-173.97475461533315,-215.06407165527344,-177.30279541015625
-214.2308841784195,-185.92328366255063,-217.58020536503165,-174.34361201141587,-216.5961151123047,-177.7459259033203
-215.79869223094036,-186.31227079626257,-219.14008810311242,-174.66127316876077,-218.12933349609375,-178.18563842773438
-217.36645797029553,-186.70354752281315,-220.69620361454398,-174.98991562338998,-219.66378784179688,-178.621826171875
-218.93560421370518,-187.09201000865292,-222.25605830959094,-175.30309190189624,-221.19947814941406,-179.0543670654297
-220.5086095812666,-187.46245408476025,-223.80262565032362,-175.6647627097398,-222.7364044189453,-179.48348999023438
-222.08002749496987,-187.8370543717396,-225.34630365304997,-176.03716057436048,-224.2744903564453,-179.90924072265625
-223.65652311881888,-188.20093429396604,-226.88282944077287,-176.4316534884088,-225.8138427734375,-180.3312225341797
-225.23196263809248,-188.56658102290837,-228.43628156325204,-176.76477002761305,-227.35438537597656,-180.74949645996094
-226.80774444920712,-188.93012713987224,-229.9855365951663,-177.11276376690844,-228.89610290527344,-181.16407775878906
-228.38721804112654,-189.28225686183737,-231.54097407283356,-177.4355499851277,-230.4390411376953,-181.5748291015625
-229.96458721002688,-189.63778385454836,-233.09363283854904,-177.77013858890336,-231.98313903808594,-181.98194885253906
-231.5431680105694,-189.98332965236588,-234.64630875930862,-178.10728715646349,-233.52838134765625,-182.38571166992188
-233.12180001058394,-190.32979604743718,-236.2029755546411,-178.42821676960534,-235.0747833251953,-182.7860565185547
-234.70091396367624,-190.67575882118243,-237.75622330191362,-178.76035788599293,-236.62222290039062,-183.18284606933594
-236.28523844502402,-191.00732923989116,-239.31141631729383,-179.07985389464383,-238.17074584960938,-183.5757293701172
-237.86829531053803,-191.34181740845642,-240.86374494397447,-179.4108867738118,-239.7204132080078,-183.9647979736328
-239.4517346583728,-191.66334901028927,-242.4163854461103,-179.74266937633126,-241.27047729492188,-184.3502960205078
-241.03387433835545,-191.9838413491116,-243.97650654456686,-180.0414542457743,-242.8206787109375,-184.73226928710938
-242.61473438363072,-192.30157938973562,-245.53201034163885,-180.3541804638942,-244.37057495117188,-185.1107177734375
-244.19800444431303,-192.59905396668768,-247.09246120496584,-180.64091356171033,-245.91978454589844,-185.48570251464844
-245.77777213455306,-192.8988102660033,-248.6486471169443,-180.93745997489305,-247.46783447265625,-185.8572540283203
-247.3556884113613,-193.19480639029246,-250.2028135882614,-181.23159267384816,-249.0143585205078,-186.22531127929688
-248.93742316722896,-193.46369612747552,-251.75943630220536,-181.4986016025668,-250.5587158203125,-186.5895538330078
-250.51240730078325,-193.73841783400243,-253.30983739757374,-181.77818470475856,-252.10015869140625,-186.95008850097656
-252.0868146249295,-193.99359676321964,-254.86061394683583,-182.03358275860134,-253.63766479492188,-187.30667114257812
-253.6554115594541,-194.2506150765148,-256.40257236055294,-182.29762156751474,-255.17037963867188,-187.658935546875
-255.219192213544,-194.4927878621828,-257.939528715409,-182.5571310705374,-256.6974182128906,-188.00697326660156
-256.7762265136849,-194.73377692323334,-259.4755823043116,-182.79170235669764,-258.218994140625,-188.3509063720703
-258.32793422518677,-194.97032458290965,-261.0014911585848,-183.03810103289098,-259.7349853515625,-188.69058227539062
-259.8765199448301,-195.1948771791381,-262.52412503425177,-183.26251173856443,-261.245361328125,-189.0257110595703
-261.41799171480903,-195.42130113369885,-264.0367781473497,-183.49635343838884,-262.74993896484375,-189.3561248779297
-262.95437352556786,-195.63802681911474,-265.54690613027935,-183.7119884066743,-264.2491149902344,-189.68202209472656
-264.48265260715203,-195.85388257252683,-267.050419157648,-183.93517022535022,-265.74298095703125,-190.0038604736328
-266.004539542702,-196.06788660286543,-268.5474538717159,-184.15486188002603,-267.23114013671875,-190.32151794433594
-267.52199192158724,-196.27509131683948,-270.04034695218985,-184.35727325208245,-268.7138366699219,-190.63482666015625
-269.03245287467934,-196.48247842520138,-271.52510337373434,-184.56874597774865,-270.1912536621094,-190.94393920898438
-270.5358104527866,-196.68661849548607,-273.00711957017256,-184.76560468139445,-271.6630554199219,-191.24905395507812
-272.1686040557282,-196.90879229759906,-274.6145470149983,-184.98794773917763,-273.2625427246094,-191.57723999023438
-273.79214078184094,-197.12858315474946,-276.2156909377134,-185.21176737983095,-274.8552551269531,-191.90115356445312
-275.40715490868985,-197.34689427291565,-277.8141588984759,-185.41870183575955,-276.44146728515625,-192.2212371826172
-277.0125439495875,-197.5657688202192,-279.40606821159616,-185.63628627350917,-278.0212707519531,-192.5382080078125
-278.6097880645483,-197.778574478005,-280.9962860082556,-185.83902034569823,-279.5943908691406,-192.85264587402344
-280.19907626817167,-197.99178546065585,-282.5773104856236,-186.05245879450382,-281.1606140136719,-193.1646270751953
-281.78251132932036,-198.19642071530635,-284.15441152438274,-186.2498335616235,-282.7200622558594,-193.4742431640625
-283.35877244026875,-198.39941649454084,-285.72279597427166,-186.45677893922553,-284.2728576660156,-193.7816162109375
-284.92866713173305,-198.6010094589505,-287.2856236184855,-186.6508886385962,-285.8190612792969,-194.08657836914062
-286.49153651639193,-198.8000833085166,-288.83938174230343,-186.85411228464608,-287.35845947265625,-194.38912963867188
-288.047087093748,-199.0021311546419,-290.387615631863,-187.04464069922417,-288.89129638671875,-194.6891632080078
-289.5966184316443,-199.20175418960704,-291.9276368688161,-187.2441123480726,-290.41827392578125,-194.98683166503906
-291.13886302757095,-199.39960985358155,-293.4656783129176,-187.43364566497132,-291.9394226074219,-195.28262329101562
-292.6756000298512,-199.59539024644468,-294.99265797354496,-187.63139702927185,-293.45404052734375,-195.57595825195312
-294.2074170605858,-199.7848105420268,-296.51019592153693,-187.81762857300612,-294.96148681640625,-195.86602783203125
-295.732661297958,-199.97166386036005,-298.0186809782741,-188.01200250794673,-296.46258544921875,-196.1529541015625
-297.24996011728297,-200.15742711426532,-299.52444965156957,-188.1947723062307,-297.9573059082031,-196.43714904785156
-298.7600006774329,-200.33989777270463,-301.0231825382992,-188.38618935627807,-299.445556640625,-196.7189178466797
-300.26188022017436,-200.52386470995955,-302.52020225802136,-188.56728909782856,-300.92767333984375,-196.9988555908203
-301.75847378566516,-200.70434529614693,-304.0079619019055,-188.7566413121186,-302.40380859375,-197.2767791748047
-303.3734372078787,-200.90197807021292,-305.6100156723283,-188.94996481854517,-303.9960632324219,-197.57473754882812
-304.9825735124421,-201.09529862180702,-307.1993463345697,-189.15102958425263,-305.58135986328125,-197.86895751953125
-306.5833028322334,-201.29016195503007,-308.78226043870984,-189.34180682777244,-307.15948486328125,-198.15939331054688
-308.17762775601364,-201.47962122227466,-310.3549358664,-189.5411749204946,-308.73089599609375,-198.44598388671875
-309.764515627084,-201.67276992831628,-311.9176968097842,-189.72810158615138,-310.29534912109375,-198.72799682617188
-311.3442013989386,-201.85960511137466,-313.4724969702998,-189.9241272884168,-311.85308837890625,-199.00576782226562
-312.91474044818165,-202.05043836217217,-315.0238851150458,-190.10977807886698,-313.4041442871094,-199.2797393798828
-314.47909565554585,-202.23415100919698,-316.56502423556617,-190.3041860608076,-314.9484558105469,-199.5497589111328
-316.03434130997096,-202.4236420760138,-318.101175776727,-190.48817054911066,-316.48590087890625,-199.8159942626953
-317.5827872005972,-202.60535593004386,-319.63112744678006,-190.68160308878856,-318.01678466796875,-200.0789794921875
-319.12217913574284,-202.79480068307308,-321.1561327699701,-190.86459780556066,-319.5408935546875,-200.3388214111328
-320.65493953457263,-202.97731645937057,-322.67365188222215,-191.05613611313476,-321.0582275390625,-200.59576416015625
-322.1797846723279,-203.16133601771614,-324.18668585241215,-191.237960693586,-322.5688171386719,-200.8500213623047
-323.69697679969426,-203.3504880445124,-325.68898467824715,-191.42626718145914,-324.0727233886719,-201.10125732421875
-325.20781445789737,-203.5321378609349,-327.18644091421146,-191.61227696351335,-325.570068359375,-201.3498077392578
-326.71040704784883,-203.7212751189251,-328.67699918148065,-191.79130813528286,-327.0608215332031,-201.59555053710938
-328.20807636368994,-203.90189249753178,-330.15586094150507,-191.9761253675782,-328.545166015625,-201.83798217773438
-329.81362470324245,-204.0954682589041,-331.7389349575348,-192.1656597852454,-330.1365051269531,-202.0948028564453
-331.4101405448213,-204.29588802507948,-333.3104998750223,-192.3611853430753,-331.720458984375,-202.34701538085938
-333.0002099878355,-204.4871849158674,-334.87369149851685,-192.5549112045489,-333.29736328125,-202.5946044921875
-334.58083276410787,-204.68755498113669,-336.42817346163315,-192.73954449139535,-334.8669128417969,-202.8372802734375
-336.15481093928884,-204.8766651855482,-337.97626048635277,-192.93097051932307,-336.429443359375,-203.07553100585938
-337.7210664183517,-205.06575301144028,-339.5167003526119,-193.11338510243922,-337.9849548339844,-203.30921936035156
-339.2778046140417,-205.2620067041808,-341.05240444690736,-193.30281356794742,-339.5334777832031,-203.53900146484375
-340.8276716469139,-205.44755117148176,-342.5826628140992,-193.48974250229344,-341.0745849609375,-203.7651824951172
-342.3678049510423,-205.64257572544622,-344.1078361183568,-193.67091355218935,-342.6082763671875,-203.98809814453125
-343.9014838285522,-205.82570329166245,-345.62512834245564,-193.85830279397766,-344.1344909667969,-204.20791625976562
-345.4257787065037,-206.0203315681633,-347.13530066412534,-194.03634186749534,-345.6534118652344,-204.42459106445312
-346.9438679119037,-206.20138013293655,-348.63943342368947,-194.22189902313775,-347.1650695800781,-204.6385498046875
-348.45350564711816,-206.38345495933928,-350.1415099822817,-194.39721386202578,-348.6694030761719,-204.85040283203125
-349.9545305601155,-206.57126908635288,-351.63507700664013,-194.58108963202824,-350.16632080078125,-205.06021118164062
-351.4498360694138,-206.74651113580032,-353.1212372887819,-194.75345491844212,-351.6559143066406,-205.26780700683594
-353.04249219470165,-206.94545042280606,-354.70140372332946,-194.94664363179558,-353.24407958984375,-205.4873809814453
-354.62787275843135,-207.12969284210848,-356.27921629061643,-195.12879394161166,-354.8239440917969,-205.70477294921875
-356.20250399034023,-207.32698694997887,-357.84547788961015,-195.31909622280483,-356.3950500488281,-205.91973876953125
-357.7688760247793,-207.50785253395722,-359.40221016798404,-195.49845009152475,-357.95599365234375,-206.1320343017578
-359.32081584918825,-207.70329801263395,-360.94605965980173,-195.68515988686033,-359.5049743652344,-206.3415069580078
-360.8608047808664,-207.88214816700375,-362.4749316344896,-195.8619274641763,-361.0400085449219,-206.54763793945312
-362.38404755027364,-208.0739318163482,-363.9890927494093,-196.04562798381232,-362.5606384277344,-206.75054931640625
-363.893820940422,-208.25018340467258,-365.48435619267724,-196.21871122043495,-364.0657653808594,-206.94952392578125
-365.3836126188956,-208.43862100739346,-366.9643027280301,-196.39845504955022,-365.553466796875,-207.14483642578125
-366.9517884327535,-208.62230122774764,-368.5192668274596,-196.57853087112173,-367.1175842285156,-207.34840393066406
-368.492329901836,-208.80288476803753,-370.04581645526275,-196.76348351472606,-368.6544189453125,-207.5467071533203
-369.9998143116904,-208.99404562807533,-371.5441407655072,-196.94556510299228,-370.16058349609375,-207.73976135253906
-371.5680073014729,-209.17816491306093,-373.10173064507325,-197.12598757453543,-371.7257080078125,-207.93893432617188
-373.09551458306873,-209.37171377035313,-374.6198436902597,-197.3092328430167,-373.252197265625,-208.1318359375
-374.6710515882662,-209.5542497650984,-376.1813277403825,-197.4914736030666,-374.8244934082031,-208.3286895751953
-376.1988331321213,-209.73185431312749,-377.69432448700064,-197.67600087891523,-376.34942626953125,-208.51785278320312
-377.7595909029807,-209.9315329597802,-379.2436580423916,-197.8645343158495,-377.90985107421875,-208.7097625732422
-379.2711174015749,-210.11020677584528,-380.74067036994126,-198.04320928794456,-379.4192810058594,-208.89358520507812
-380.81202864224986,-210.30865823570525,-382.27468943389744,-198.23325011794887,-380.9608154296875,-209.08030700683594
-382.32063258179386,-210.48702474251505,-383.7708870588755,-198.41387625267657,-382.4678649902344,-209.26133728027344
-383.81594492636594,-210.66558257484198,-385.2526800157754,-198.60021152125768,-383.96197509765625,-209.4392547607422
-385.3646472663506,-210.8642654520179,-386.7936875211575,-198.79596940360693,-385.51165771484375,-209.6227569580078
-386.8820999317142,-211.04678907797648,-388.3048694131549,-198.9789173201011,-387.0289001464844,-209.8016357421875
-388.3716326980154,-211.23830956686848,-389.78958834560876,-199.16567010930018,-388.5198059082031,-209.97674560546875
-389.9115750436632,-211.4225737677838,-391.3222364824595,-199.3513218051666,-390.05950927734375,-210.15667724609375
-391.43252795703023,-211.60530968293727,-392.8325250005879,-199.54228829551974,-391.5801696777344,-210.33316040039062
-392.9454620833244,-211.80114414398835,-394.3372313734797,-199.7347669963213,-393.0946350097656,-210.50784301757812
-394.4896222769172,-211.98778022210726,-395.87548950470654,-199.92409738311335,-394.6392517089844,-210.68528747558594
-395.9978310790508,-212.18405918657024,-397.3821852813077,-200.1095632740921,-396.1498107910156,-210.8584747314453
-397.5433423324596,-212.37210852859522,-398.9271267082945,-200.3094213029408,-397.6966247558594,-211.03591918945312
-399.0638907324263,-212.55673972270307,-400.4466325108242,-200.49711267832663,-399.21826171875,-211.21038818359375
-400.56378893104215,-212.7515712865974,-401.9504302646657,-200.69213833019535,-400.72113037109375,-211.38319396972656
-402.0655462321611,-212.93370534672772,-403.4549050464973,-200.8782365895485,-402.2242736816406,-211.55642700195312
-403.5696046889431,-213.1292328153715,-404.95994010095075,-201.07404320767426,-403.73095703125,-211.73019409179688
-405.0599615708561,-213.30983583397315,-406.4495289453578,-201.2572996448049,-405.2222595214844,-211.90213012695312
-406.5982778592264,-213.49767596854488,-407.9778917850307,-201.45439048724054,-406.7608642578125,-212.07838439941406
-408.1192636073113,-213.69456925043502,-409.50185567566155,-201.64169767073605,-408.28460693359375,-212.253173828125
-409.6274195418512,-213.87766914678832,-411.0036224996398,-201.8355279025211,-409.7933654785156,-212.42559814453125
-411.12010642067474,-214.07156617806405,-412.48866323598224,-202.0175826228593,-411.2877197265625,-212.5952606201172
-412.66062748313243,-214.25821823947885,-414.0048132796382,-202.21225011728808,-412.8270263671875,-212.76702880859375
-414.1928676956549,-214.44475375826332,-415.4569880509462,-202.39159169098315,-414.35205078125,-212.92697143554688
-415.71764790234045,-214.6406963117351,-416.83821844703726,-202.56408616814883,-415.8636474609375,-213.06723022460938
-417.2362644314499,-214.82375472004756,-418.1646810184361,-202.74228492580292,-417.3623962402344,-213.18240356445312
-418.8004484176167,-215.02232863161572,-419.52326390188875,-202.9174445341738,-418.9048156738281,-213.27450561523438
-420.3555607166012,-215.2065238944413,-420.85645198770294,-203.10197383333818,-420.4328918457031,-213.33773803710938
-421.90783161682043,-215.39929156698477,-422.1380559780984,-203.2780522655607,-421.9464416503906,-213.36648559570312
-423.5252006729453,-215.5860651378274,-423.3882508495783,-203.47260934517402,-423.4999084472656,-213.3489227294922
-425.15521778765617,-215.7755391042725,-424.5747638537532,-203.67834050665184,-425.0352478027344,-213.27525329589844
-426.79650744634546,-215.95090867810578,-425.7388376984242,-203.88214571676548,-426.5503845214844,-213.14247131347656
-428.44746269638654,-216.11234897064392,-426.9124237556044,-204.09868048496412,-428.0436096191406,-212.95167541503906
-430.1639418505593,-216.28138246116956,-428.1687241425813,-204.32828971949442,-429.56573486328125,-212.69760131835938
-431.9128554383949,-216.4422954655754,-429.4225477727198,-204.5886439892816,-431.0601806640625,-212.38363647460938
-433.6733530597325,-216.5591988553946,-430.7012219440275,-204.78735833096988,-432.52569580078125,-212.0136260986328
-435.5253758528397,-216.6607709854996,-432.06935910481633,-205.06339774626696,-434.0088195800781,-211.5716552734375
-437.41789474818574,-216.70962730547222,-433.3841607600232,-205.1130395679919,-435.4556579589844,-211.06838989257812
-439.37252471367344,-216.7718089338394,-434.7225054441936,-205.15519428542413,-436.8638610839844,-210.50469970703125
-441.32719409749546,-216.64436271349828,-436.01713190643625,-205.050642686186,-438.22882080078125,-209.87953186035156
-443.3778858303382,-216.46092826146332,-437.36935603901173,-204.8932909579944,-439.5916442871094,-209.17164611816406
-445.4290466609129,-216.07046977931157,-438.69314805956645,-204.66183927453798,-440.8998107910156,-208.39927673339844
-447.42911243986777,-215.4803236942885,-440.0208941198507,-204.37606675988135,-442.14898681640625,-207.56588745117188
-449.41946290604625,-214.5988036601034,-441.3520461289139,-203.9885715522365,-443.3675537109375,-206.6393585205078
-451.32195252330536,-213.55559343837407,-442.63309803852866,-203.47386504464083,-444.51153564453125,-205.65342712402344
-453.26818426222644,-212.5077545689889,-443.8752357017677,-202.78497194739813,-445.61578369140625,-204.58663940429688
-455.2042219768474,-211.39956258777354,-444.9761009613463,-201.9342934428348,-446.64288330078125,-203.4767608642578
-457.19329508873733,-210.1836694849129,-445.95687451351847,-200.92311084699656,-447.61871337890625,-202.292724609375
-458.9928504331949,-208.72403137953003,-446.7775308758088,-199.8091873591759,-448.5090026855469,-201.0728302001953
-460.2695435470536,-206.81821809078528,-447.42583924630884,-198.55618964587464,-449.3370361328125,-199.78561401367188
-461.317298648351,-204.78834734452616,-447.86841042062116,-197.2315076914606,-450.07537841796875,-198.47158813476562
-462.12690717434725,-202.61895270257412,-448.2386953026556,-195.8837598988312,-450.74169921875,-197.0976104736328
-462.5858577303276,-200.35030351033507,-448.4037283053558,-194.5074273743287,-451.3147277832031,-195.70672607421875
-462.8655778274412,-198.05118461233235,-448.4700641321055,-193.12214511980827,-451.8083190917969,-194.26516723632812
-463.0072866882672,-195.80947853908535,-448.5525344899414,-191.8050998840064,-452.2091979980469,-192.81809997558594
-463.0124198258083,-193.55612749624493,-448.544555989041,-190.48688073673532,-452.5246276855469,-191.3312225341797
-462.8385132715142,-191.3191292726994,-448.57547578641396,-189.18627975766046,-452.7519836425781,-189.81082153320312
-462.53958839121105,-189.14808402847234,-448.43140405208106,-187.91115209381456,-452.8843078613281,-188.3015594482422
-462.18852846676464,-187.05839505239067,-448.30746541369604,-186.62652254275721,-452.93194580078125,-186.77040100097656
-461.81105864637493,-185.12071303141053,-448.1215283279419,-185.33478912932884,-452.9083251953125,-185.2599334716797
-461.4064498611076,-183.30744827484574,-447.97634700041715,-183.97650156596004,-452.83233642578125,-183.73458862304688
-461.0477467506529,-181.64139711920555,-447.83800424093425,-182.57920028945676,-452.7256774902344,-182.23220825195312
-460.66652044414997,-180.16135441033444,-447.6862562103358,-181.05037968620493,-452.62158203125,-180.7123565673828
-460.4334037488384,-178.85014817269382,-447.5331603283765,-179.4374988951706,-452.5531311035156,-179.2089385986328
-460.16780277139185,-177.6911322376801,-447.380503699536,-177.68318671155333,-452.5540771484375,-177.6864013671875
-459.9616889496583,-176.5820269518624,-447.2453036551677,-175.86829804336796,-452.6391296386719,-176.17103576660156
-459.70993638168875,-175.47176841625983,-447.13363972391113,-173.97600118494188,-452.81976318359375,-174.65228271484375
-459.4556547565917,-174.29143568473512,-447.0470987282343,-172.08390442374136,-453.0855712890625,-173.15817260742188
-459.3440196190578,-173.09840864666356,-446.99388267828857,-170.1576551402222,-453.4348449707031,-171.69134521484375
-459.24286132309095,-171.8413265058919,-446.9840025029215,-168.1383257086416,-453.87896728515625,-170.2210693359375
-459.1995521122792,-170.56355737868805,-447.0683377066682,-166.0665247631972,-454.41015625,-168.7881317138672
-459.2434453249194,-169.26661915393902,-447.1179940693936,-163.9002102623787,-455.02471923828125,-167.39952087402344
-459.37426836265377,-167.98138020610034,-447.2172816841421,-161.60677905628185,-455.7234191894531,-166.06703186035156
-459.62533205358534,-166.65312598179938,-447.8215760759931,-159.46297881754336,-456.5190124511719,-164.7609405517578
-459.9898304123965,-165.35421002843307,-448.9735361944859,-157.59769542172268,-457.3901062011719,-163.5237579345703
-460.5003173644646,-164.07824257736985,-450.2341414337024,-155.71070430992822,-458.3600158691406,-162.33377075195312
-461.1530809955039,-162.9077557863512,-451.6213679668826,-153.8785811261184,-459.3944091796875,-161.24180603027344
-461.9468305528364,-161.80849287031137,-453.09955458865437,-152.0695938070939,-460.5107421875,-160.22767639160156
-462.8661016716708,-160.7983395419743,-454.76351819649506,-150.35722237103778,-461.70440673828125,-159.30136108398438
-463.92988771667024,-159.9130650122518,-456.59505542719694,-148.89587149696888,-462.9642333984375,-158.46261596679688
-465.13174062913527,-159.20703623659256,-458.54426084934283,-147.62527021508575,-464.2820129394531,-157.7130889892578
-466.3831515835947,-158.5838812028725,-460.61507315136583,-146.52726997325547,-465.6528015136719,-157.05728149414062
-467.7293283331669,-158.1462931780997,-462.7436651886856,-145.62386168205646,-467.0709533691406,-156.49266052246094
-469.1251401006956,-157.84801675643658,-464.9737755453565,-145.04630480237148,-468.531982421875,-156.0188751220703
-470.508028699039,-157.6802300040742,-467.19877202923084,-144.69811691244766,-469.98980712890625,-155.6472625732422
-471.91848310733735,-157.62993486391855,-469.40034153201975,-144.5647441388675,-471.48095703125,-155.35986328125
-473.33235732376664,-157.70479994993096,-471.626772523561,-144.6161676829803,-473.0009765625,-155.1617889404297
-474.7287344874393,-157.90283859994688,-473.6982267300278,-144.86925301681114,-474.50262451171875,-155.04306030273438
-476.136554204698,-158.23519631886708,-475.6960531574955,-145.2916214045123,-476.0261535644531,-154.9912109375
-477.51554802270095,-158.695970587455,-477.7097920500465,-145.88143268962514,-477.57135009765625,-155.01463317871094
-478.8377456813624,-159.26466198758104,-479.6143166605876,-146.47699806466397,-479.0902404785156,-155.10687255859375
-480.1337407595694,-160.03146622127161,-481.47358004320074,-147.1139953204964,-480.62799072265625,-155.26637268066406
-481.36529523011086,-160.9611357367387,-483.20944148201295,-147.87354380242473,-482.13775634765625,-155.47911071777344
-482.5443253508472,-161.8889815283369,-484.864682089294,-148.61679790595224,-483.6196594238281,-155.73818969726562
-483.7312838653199,-162.89071816851447,-486.4658179666846,-149.44397005601635,-485.1236267089844,-156.04403686523438
-484.8609932155404,-163.91292418421122,-488.00684397142084,-150.32229947419154,-486.6031494140625,-156.38650512695312
-485.9599226043965,-164.93850346693412,-489.4871416646423,-151.1936026884364,-488.0586853027344,-156.76002502441406
-487.0761750195007,-165.97456032613147,-490.97358306194104,-152.05874605835112,-489.5406494140625,-157.17507934570312
-488.157345928586,-167.00482194941452,-492.420398051424,-152.91242675509184,-490.9975891113281,-157.61581420898438
-489.2159136914868,-167.96708810422064,-493.8339795748085,-153.7535727870371,-492.4281005859375,-158.08059692382812
-490.3047980355001,-168.94951561723255,-495.25710663012956,-154.61248690380236,-493.8852844238281,-158.5839385986328
-491.3724400927822,-169.90386991571032,-496.64734801343076,-155.45612767177286,-495.3148193359375,-159.10586547851562
-492.48594402079794,-170.80588616847763,-498.06008638455614,-156.3166069763991,-496.7714538574219,-159.66624450683594
-493.5574281808227,-171.67707705684825,-499.4465745246897,-157.16849038138008,-498.1977233886719,-160.24517822265625
-494.62379837972856,-172.51226930075455,-500.80060236214797,-157.99821759029672,-499.59185791015625,-160.83848571777344
-495.72761579009256,-173.3227462584879,-502.1781765629588,-158.85151355153752,-501.0105895996094,-161.47088623046875
-496.82894192020495,-174.1205069900951,-503.5232056779723,-159.6807759643935,-502.3956298828125,-162.1129913330078
-497.9794736569366,-174.92751415404092,-504.88862727787796,-160.53309358175082,-503.80548095703125,-162.78970336914062
-499.1036879700837,-175.6926468896351,-506.2250035137934,-161.35970492865835,-505.1761474609375,-163.47071838378906
-500.2534555567844,-176.47155919703926,-507.5832710709416,-162.20950399368996,-506.56756591796875,-164.18582153320312
-501.38668653375674,-177.2211068652964,-508.90229730595354,-163.03690923774545,-507.9151916503906,-164.89987182617188
-502.54283621998803,-177.97739899887156,-510.2492748886864,-163.8721834859431,-509.2803039550781,-165.6457061767578
-503.6932760382239,-178.7186662809366,-511.54703362838814,-164.68849501415417,-510.5982360839844,-166.38345336914062
-504.86350687149275,-179.46736478782626,-512.8716498101525,-165.51131010952722,-511.9320373535156,-167.1488037109375
-506.0750562543446,-180.23490692547057,-514.2106069098317,-166.35641164709466,-513.2821655273438,-167.94024658203125
-507.2448412331861,-180.97583880541904,-515.5077292019573,-167.1616965152873,-514.5783081054688,-168.7155303955078
-508.43475708176265,-181.73071585400757,-516.8179477240064,-167.9893870295857,-515.8876342773438,-169.51431274414062
-509.6389613175584,-182.4898515137861,-518.1537902272308,-168.82002234635738,-517.208740234375,-170.33721923828125
-510.8829192614023,-183.27421809014973,-519.4995710096681,-169.67109175113154,-518.54248046875,-171.1820526123047
-512.0828495596268,-184.02539383621382,-520.7967219936968,-170.47902210631332,-519.8170776367188,-172.001953125
-513.3102354276191,-184.79732010791554,-522.1023085315989,-171.30656821667944,-521.1029663085938,-172.83998107910156
-514.5712672629761,-185.5851382359454,-523.4286462548768,-172.1333102269603,-522.4006958007812,-173.69447326660156
-515.8677003744411,-186.40185099096726,-524.7612906634943,-172.97744578798134,-523.7111206054688,-174.5626220703125
-517.0870914555595,-187.1638705108982,-526.0382609981671,-173.78568032241432,-524.9595336914062,-175.39791870117188
-518.3202104021792,-187.93921409869222,-527.333846514545,-174.59517419722815,-526.2175903320312,-176.24771118164062
-519.5861809972757,-188.73049643963563,-528.6358796231648,-175.41974331004687,-527.4864501953125,-177.11038208007812
-520.8734182600451,-189.53510391332807,-529.9560131627092,-176.24496975564017,-528.7666625976562,-177.98529052734375
-522.1716687447388,-190.3525753718851,-531.2860494026327,-177.0849767106505,-530.05810546875,-178.87246704101562
-523.4859300197276,-191.175701207743,-532.6300810483657,-177.93328255826168,-531.3605346679688,-179.77182006835938
-524.7332775212817,-191.9606283563248,-533.9108456591754,-178.7348439930396,-532.5962524414062,-180.62930297851562
-525.9957821235247,-192.7496666953429,-535.1993766143391,-179.54995976150536,-533.8414306640625,-181.4975128173828
-527.2691372516337,-193.5505314976404,-536.50384755788,-180.36665457589044,-535.0961303710938,-182.37637329101562
-528.5608335639005,-194.35764974215382,-537.8156403874632,-181.19594966319576,-536.3604736328125,-183.26541137695312
-529.8647621514817,-195.17838753335053,-539.1429280237727,-182.0268921045848,-537.6348876953125,-184.16448974609375
-531.1890075274664,-196.00741210403234,-540.4769509468183,-182.86879661293983,-538.919189453125,-185.0723876953125
-532.5317124955347,-196.8483113277248,-541.8250609359873,-183.7123793973414,-540.2145385742188,-185.9888153076172
-533.8862287694564,-197.70123419904013,-543.1806675131116,-184.567471278181,-541.5206909179688,-186.91314697265625
-535.168959223491,-198.5043938260004,-544.4675509614616,-185.36749411879,-542.7550659179688,-187.786865234375
-536.4578651114014,-199.31572615589312,-545.7612851610902,-186.17875547450313,-543.9987182617188,-188.6676025390625
-537.7610501918238,-200.13180439561094,-547.0712683458567,-186.98612147551074,-545.2518310546875,-189.5550994873047
-539.0713591963323,-200.95576744134272,-548.3648902085865,-187.83768914098263,-546.5144653320312,-190.44961547851562
-540.3968682343335,-201.78484535579724,-549.6665436483635,-188.69454880582356,-547.7860717773438,-191.35008239746094
-541.7393291674117,-202.6260354040287,-550.9692687895333,-189.56664448072178,-549.0682983398438,-192.25631713867188
-543.0917006227613,-203.4765389866564,-552.2787467835659,-190.44730151787707,-550.3606567382812,-193.16757202148438
-544.4552808071065,-204.32939610615938,-553.6045659517935,-191.32483803592956,-551.663330078125,-194.0840606689453
-545.8273465655168,-205.19303364731584,-554.9299935232848,-192.22117000541726,-552.9762573242188,-195.00537109375
-547.1290721054105,-206.0088421148826,-556.1720262055195,-193.06164471111924,-554.2117309570312,-195.8682861328125
-548.4373621693649,-206.82768417501265,-557.4066389251489,-193.92945721730584,-555.4564819335938,-196.73387145996094
-549.7483860926095,-207.65429843285267,-558.647225170284,-194.80549317991196,-556.7102661132812,-197.6022186279297
-551.0741750348697,-208.48627163938357,-559.8847485401445,-195.69696875718282,-557.9729614257812,-198.4720916748047
-552.4035909435604,-209.32500837511165,-561.1435722802543,-196.57212327523186,-559.2443237304688,-199.34339904785156
-553.7400888222356,-210.16416807171754,-562.4063657537667,-197.4552855847379,-560.5238647460938,-200.21592712402344
-555.0808667132958,-211.00666633722724,-563.6829520748031,-198.33348076143062,-561.8118286132812,-201.09014892578125
-556.418864128198,-211.85114216216564,-564.9554521367978,-199.21743442109272,-563.101318359375,-201.96145629882812
-557.7513851106934,-212.68756167440782,-566.2208695925284,-200.10936717341764,-564.3896484375,-202.82894897460938
-559.0802719764139,-213.5263524657572,-567.5054963348183,-200.97859395912036,-565.680908203125,-203.6959686279297
-560.4059523591925,-214.35831950515862,-568.784319710558,-201.87113316012042,-566.9766235351562,-204.56533813476562
-561.7313485210664,-215.19485231347255,-570.1076659568346,-202.70804863936664,-568.2767333984375,-205.43746948242188
-563.060377392837,-216.02879015539935,-571.4308241900691,-203.55757415910514,-569.5813598632812,-206.3131103515625
-564.3918011467155,-216.86947919143543,-572.7724253357223,-204.38988961701114,-570.8905029296875,-207.1922607421875
-565.7310820675237,-217.71125802504272,-574.1187270984733,-205.22555441602557,-572.2045288085938,-208.0749969482422
-567.0720229706164,-218.55755251725995,-575.4669414276042,-206.07057183744692,-573.5233154296875,-208.96160888671875
-568.4148370835222,-219.4015212627692,-576.8203621825486,-206.92239108613256,-574.8464965820312,-209.8528594970703
-569.76294233473,-220.25231970386383,-578.1789910523745,-207.77726096322294,-576.1743774414062,-210.74868774414062
-571.1203172662249,-221.10605267996687,-579.5436813238344,-208.6327499224534,-577.5070190429688,-211.6486358642578
-572.4805009736889,-221.9619490298667,-580.9129655972645,-209.49442638462065,-578.84423828125,-212.55307006835938
-573.74685369083,-222.76084468299658,-582.1909417072595,-210.29577691287483,-580.090087890625,-213.39703369140625
-575.0199698387821,-223.5606471641776,-583.471697636353,-211.10204249312142,-581.3397216796875,-214.24476623535156
-576.2968024016849,-224.36471126539226,-584.7567621455504,-211.91169902962736,-582.59326171875,-215.0963592529297
-577.5808627764253,-225.176058499129,-586.0458766047421,-212.7225145802382,-583.8511352539062,-215.9513702392578
-578.8736330434045,-225.99006240249327,-587.3368753612925,-213.5372187791829,-585.1132202148438,-216.80911254882812
-580.1696058178941,-226.80903589898642,-588.6341334575591,-214.35262189958146,-586.3799438476562,-217.66989135742188
-581.4730016156387,-227.62960054942516,-589.9340720240248,-215.17236429953388,-587.6512451171875,-218.5333709716797
-582.7798846336171,-228.4564748124528,-591.2383894039353,-215.9937888877356,-588.9270629882812,-219.39927673339844
-584.0918872825013,-229.28329654884166,-592.5481236568074,-216.81725226569864,-590.2074584960938,-220.267822265625
-585.3780477041025,-230.0930962723845,-593.8227095092751,-217.62083046847337,-591.4574584960938,-221.11416625976562
-586.6434308650936,-230.8932627521374,-595.0854613689538,-218.41505199497203,-592.693603515625,-221.95046997070312
-587.9128877070779,-231.69360733819752,-596.3409368218927,-219.20699083668399,-593.9271850585938,-222.78309631347656
-589.1769992075394,-232.491634369511,-597.5967579250714,-219.99874644627593,-595.16015625,-223.61407470703125
-590.4404958891445,-233.28592206943307,-598.8536243743171,-220.7882204009169,-596.3927612304688,-224.44383239746094
-591.7120759542763,-234.08592447356352,-600.1101142102264,-221.57954114685595,-597.6292114257812,-225.27410888671875
-592.9804790312878,-234.88660393043418,-601.3700583633264,-222.37093877223995,-598.8675537109375,-226.1042022705078
-594.250983508846,-235.6850229882773,-602.6299875887605,-223.16436387101376,-600.1073608398438,-226.93389892578125
-595.5197353395655,-236.48656321247785,-603.8906065585796,-223.95661089620862,-601.347900390625,-227.76266479492188
-596.7840078614234,-237.28260897883206,-605.1492551273441,-224.74986901815828,-602.5864868164062,-228.58938598632812
-598.0533517224388,-238.08317157612515,-606.4064950195739,-225.53986825771216,-603.8259887695312,-229.41482543945312
-599.3166420614514,-238.87657879867183,-607.6625998030411,-226.331346448722,-605.0635375976562,-230.23812866210938
-600.572325853377,-239.66799603887034,-608.9155008967833,-227.12032766357328,-606.2970581054688,-231.05831909179688
-601.8323705398857,-240.45922852859874,-610.1675391695958,-227.90506227822246,-607.5303344726562,-231.87713623046875
-603.0848499935494,-241.2472582597516,-611.4184693984986,-228.6913567524945,-608.7615966796875,-232.69435119628906
-604.333691210755,-242.02957735624258,-612.6705225414495,-229.4756348257091,-609.9909057617188,-233.51071166992188
-605.5840650405207,-242.81568911505997,-613.9244647229486,-230.2626364998475,-611.22265625,-234.3291015625
-606.8456654346744,-243.60549495982778,-615.1878968278025,-231.05416969035338,-612.4631958007812,-235.15362548828125
-608.1151722761184,-244.4036405181591,-616.4660153629083,-231.85667712568164,-613.7164916992188,-235.98777770996094
-609.4011051515447,-245.2086920715118,-617.7653259738719,-232.67101820481102,-614.9871215820312,-236.83544921875
-610.7146327248439,-246.03217968005745,-619.0894005598489,-233.50300177782978,-616.282958984375,-237.7016143798828
-612.059306402923,-246.8773756879125,-620.4457172173487,-234.35239265577286,-617.6087646484375,-238.58934020996094
-613.4342836598618,-247.73826322110662,-621.8313115318286,-235.2219918838954,-618.9627685546875,-239.4977264404297
-614.8279988552575,-248.61424446938167,-623.2413319378845,-236.1054397733227,-620.3377075195312,-240.42250061035156
